article_id	key	status	count	channel_uid	updated_at	local_path	detail
8adeadcf-1f05-498d-8103-d4f3ceeae485	[354]a	done	11	73c03e1a-f333-11f0-808a-438f0af4b9e9	2026-08-12T12:00:31Z	vol_5/chinese/[349]行舍智章/[354]a 修习心平静地依附安住于行所缘时.md	
62a7bf43-b88a-4273-a490-2663fa272bc2	[354]a	ignored	0	73c03e1a-f333-11f0-808a-438f0af4b9e9	2026-08-12T12:50:03Z	vol_5/chinese/[349]行舍智章/[354]a 修习心平静地依附安住于行所缘时.md	远端标题「[354]a အဋ္ဌ အာကာရ = အဋ္ဌကောဋိက သုညတာနုပဿနာ」与 8adeadcf-1f05-498d-8103-d4f3ceeae485 撞 key；本地 [354]a 修习心平静地依附安住于行所缘时.md 对应的是后者。本篇放弃，待人工在后台改正标题后再处理。
9826ed28-ea01-476f-b103-6c18a2bcf747	[1]c	done	99	73c03e1a-f333-11f0-808a-438f0af4b9e9	2026-08-12T11:08:52Z	vol_5/chinese/[1]b 道非道智见清净释 - 思惟智章/[1]c 聚思惟即理观.md	
8225f5f9-eb7c-418a-9aac-4ff9a845ee92	[1]b	done	1	73c03e1a-f333-11f0-808a-438f0af4b9e9	2026-08-12T11:22:58Z	vol_5/chinese/[1]b 道非道智见清净释 - 思惟智章/[1]b 道非道智见清净释 - 思惟.md	
aca2bf6d-d947-48a5-8b61-1304b2b62ec4	[6]	done	7	73c03e1a-f333-11f0-808a-438f0af4b9e9	2026-08-12T11:23:07Z	vol_5/chinese/[1]b 道非道智见清净释 - 思惟智章/[6]从明显易行处入手.md	
9fa334d0-2fb1-4975-aac3-d816da134f4f	[7]a	done	6	73c03e1a-f333-11f0-808a-438f0af4b9e9	2026-08-12T11:23:11Z	vol_5/chinese/[1]b 道非道智见清净释 - 思惟智章/[7]a 应注意并记住.md	
2624cfed-017e-4699-914f-ad34e3c4d778	[7]b	done	21	73c03e1a-f333-11f0-808a-438f0af4b9e9	2026-08-12T11:23:16Z	vol_5/chinese/[1]b 道非道智见清净释 - 思惟智章/[7]b 原因与方便.md	
12b430d5-69fd-47d0-8e0e-ebdf2cb67286	[9]a	done	12	73c03e1a-f333-11f0-808a-438f0af4b9e9	2026-08-12T11:23:20Z	vol_5/chinese/[1]b 道非道智见清净释 - 思惟智章/[9]a 依名色二法的观照法.md	
d52e5400-2517-49c2-bed5-dbdcc19ae9c2	[9]b	done	62	73c03e1a-f333-11f0-808a-438f0af4b9e9	2026-08-12T11:23:29Z	vol_5/chinese/[1]b 道非道智见清净释 - 思惟智章/[9]b 三种相.md	
b642a164-29c8-4a9c-99ba-6270301b47c8	[13]	done	15	73c03e1a-f333-11f0-808a-438f0af4b9e9	2026-08-12T11:23:33Z	vol_5/chinese/[1]b 道非道智见清净释 - 思惟智章/[13]从无常相开始的观法.md	
8b02e4ed-9dd0-476f-af29-089543c26b6c	[14]	done	15	73c03e1a-f333-11f0-808a-438f0af4b9e9	2026-08-12T11:23:37Z	vol_5/chinese/[1]b 道非道智见清净释 - 思惟智章/[14]应当注意的一点.md	
111f0ee2-07ba-4cfb-a410-41384fff672d	[15]a	done	4	73c03e1a-f333-11f0-808a-438f0af4b9e9	2026-08-12T11:23:41Z	vol_5/chinese/[1]b 道非道智见清净释 - 思惟智章/[15]a 苦相.md	
2290be7f-afb7-436b-aaba-1bf88dd24afb	[15]b	done	27	73c03e1a-f333-11f0-808a-438f0af4b9e9	2026-08-12T11:23:46Z	vol_5/chinese/[1]b 道非道智见清净释 - 思惟智章/[15]b 无我相.md	
ff908fb6-3a9b-4be9-8de8-7ef0db3efbb5	[17]	done	27	73c03e1a-f333-11f0-808a-438f0af4b9e9	2026-08-12T11:23:51Z	vol_5/chinese/[1]b 道非道智见清净释 - 思惟智章/[17]观照名法的方法.md	
b441010f-cdef-49fa-bbca-d9a8cf0bf6ef	[18]	done	21	73c03e1a-f333-11f0-808a-438f0af4b9e9	2026-08-12T11:23:56Z	vol_5/chinese/[1]b 道非道智见清净释 - 思惟智章/[18]时而内在，时而外.md	
6b092329-bf25-4f1b-9bba-ff44310ca680	[19]	done	47	73c03e1a-f333-11f0-808a-438f0af4b9e9	2026-08-12T11:24:08Z	vol_5/chinese/[1]b 道非道智见清净释 - 思惟智章/[19]有时观内、有时观外，有时观色、有时观名.md	
37450577-144c-4528-87a7-1268939ad7f2	[21]	done	6	73c03e1a-f333-11f0-808a-438f0af4b9e9	2026-08-12T11:24:11Z	vol_5/chinese/[1]b 道非道智见清净释 - 思惟智章/[21]趣入四念处的方式.md	
6f9bf0be-595e-4237-938f-ceed09436b02	[22]a	done	8	73c03e1a-f333-11f0-808a-438f0af4b9e9	2026-08-12T11:24:15Z	vol_5/chinese/[1]b 道非道智见清净释 - 思惟智章/[22]a 应特别注意的要点.md	
dde37087-af9a-404c-8d2b-37ef2b5c0bd6	[22]b	done	8	73c03e1a-f333-11f0-808a-438f0af4b9e9	2026-08-12T11:24:19Z	vol_5/chinese/[1]b 道非道智见清净释 - 思惟智章/[22]b 法随观念处.md	
1f0ed6e0-dab4-425b-b285-b6296e87117b	[22]c	done	56	73c03e1a-f333-11f0-808a-438f0af4b9e9	2026-08-12T11:24:27Z	vol_5/chinese/[1]b 道非道智见清净释 - 思惟智章/[22]c 于过去未来现在三时中观照的方法.md	
e02c39a0-4358-45c6-95ce-351a1e2c9724	[25]	done	101	73c03e1a-f333-11f0-808a-438f0af4b9e9	2026-08-12T11:24:39Z	vol_5/chinese/[1]b 道非道智见清净释 - 思惟智章/[25]五蕴的观法.md	
48f4ec6b-fb9b-4532-93c8-16fd4148ca54	[29]	done	12	73c03e1a-f333-11f0-808a-438f0af4b9e9	2026-08-12T11:24:43Z	vol_5/chinese/[1]b 道非道智见清净释 - 思惟智章/[29]粗色 - 细色.md	
535fc195-875c-4aea-b850-96f797d75071	[30]	done	26	73c03e1a-f333-11f0-808a-438f0af4b9e9	2026-08-12T11:24:53Z	vol_5/chinese/[1]b 道非道智见清净释 - 思惟智章/[30]劣色 - 殊胜色.md	
bb1702ea-67f9-4710-94bd-9222cd7558f2	[31]	done	57	73c03e1a-f333-11f0-808a-438f0af4b9e9	2026-08-12T11:25:01Z	vol_5/chinese/[1]b 道非道智见清净释 - 思惟智章/[31]远色 - 近色.md	
bfeda6b4-8137-4830-8b97-dd350c483062	[34]a	done	8	73c03e1a-f333-11f0-808a-438f0af4b9e9	2026-08-12T11:25:05Z	vol_5/chinese/[1]b 道非道智见清净释 - 思惟智章/[34]a 粗受 - 细受.md	
4bd4710f-b6f4-4d4f-a544-76faeed68bba	[34]b	done	33	73c03e1a-f333-11f0-808a-438f0af4b9e9	2026-08-12T11:25:11Z	vol_5/chinese/[1]b 道非道智见清净释 - 思惟智章/[34]b 一、依生的力量而成为粗细的情形.md	
718ae7d5-806f-44d9-b216-001d8fa7dac1	[37]	done	19	73c03e1a-f333-11f0-808a-438f0af4b9e9	2026-08-12T11:25:15Z	vol_5/chinese/[1]b 道非道智见清净释 - 思惟智章/[37]二、依自性之力而成为粗、细的情形.md	
817a1b59-edf5-4088-a693-3aa0ce478ba2	[38]a	done	7	73c03e1a-f333-11f0-808a-438f0af4b9e9	2026-08-12T11:25:19Z	vol_5/chinese/[1]b 道非道智见清净释 - 思惟智章/[38]a 动摇 - 扰动.md	
ac867998-2527-4e48-8088-2a4386f71f5a	[38]b	done	5	73c03e1a-f333-11f0-808a-438f0af4b9e9	2026-08-12T11:25:23Z	vol_5/chinese/[1]b 道非道智见清净释 - 思惟智章/[38]b 三、依人而成粗细.md	
3ae74bd9-623f-4cb0-8e75-6a2a1b3e5c71	[39]a	done	5	73c03e1a-f333-11f0-808a-438f0af4b9e9	2026-08-12T11:25:27Z	vol_5/chinese/[1]b 道非道智见清净释 - 思惟智章/[39]a 四、依世间出世间而成粗细的情形.md	
aaf51a4d-1c31-4f07-ba52-fa6af46bb64a	[39]b	done	35	73c03e1a-f333-11f0-808a-438f0af4b9e9	2026-08-12T11:25:33Z	vol_5/chinese/[1]b 道非道智见清净释 - 思惟智章/[39]b 应当避免的要点.md	
be7d1429-53fc-4ab5-9e28-2a53279c1c87	[40]	done	16	73c03e1a-f333-11f0-808a-438f0af4b9e9	2026-08-12T11:25:38Z	vol_5/chinese/[1]b 道非道智见清净释 - 思惟智章/[40]互相推度判定粗细的方法.md	
adde3d53-7337-4aed-bf2e-2e7bbcb9db70	[41]	done	38	73c03e1a-f333-11f0-808a-438f0af4b9e9	2026-08-12T11:25:44Z	vol_5/chinese/[1]b 道非道智见清净释 - 思惟智章/[41]另一种划分粗细的方式.md	
0bba0d77-f5d9-4435-8476-40ef22c83e51	[43]a	done	4	73c03e1a-f333-11f0-808a-438f0af4b9e9	2026-08-12T11:25:48Z	vol_5/chinese/[1]b 道非道智见清净释 - 思惟智章/[43]a 劣 - 殊胜 = 卑劣 - 高尚.md	
3ebd0480-1780-42f6-89c4-9fc190df3341	[43]b	done	7	73c03e1a-f333-11f0-808a-438f0af4b9e9	2026-08-12T11:25:52Z	vol_5/chinese/[1]b 道非道智见清净释 - 思惟智章/[43]b 远 - 近 = 远 - 近.md	
b241d044-9b38-45f6-bd27-a1db58ee64ef	[43]c	done	9	73c03e1a-f333-11f0-808a-438f0af4b9e9	2026-08-12T11:25:56Z	vol_5/chinese/[1]b 道非道智见清净释 - 思惟智章/[43]c 行蕴.md	
4eec6b36-2948-4274-b9c1-468c6139b7f4	[44]	done	21	73c03e1a-f333-11f0-808a-438f0af4b9e9	2026-08-12T11:26:01Z	vol_5/chinese/[1]b 道非道智见清净释 - 思惟智章/[44]能够涵摄的方式.md	
bb7243e2-0900-461c-a9ba-c43ce2d47cbf	[45]	done	7	73c03e1a-f333-11f0-808a-438f0af4b9e9	2026-08-12T11:26:04Z	vol_5/chinese/[1]b 道非道智见清净释 - 思惟智章/[45]四种名蕴.md	
455dc83a-2dd3-46e9-910a-ddbdd6198329	[45]b	done	43	73c03e1a-f333-11f0-808a-438f0af4b9e9	2026-08-12T11:26:11Z	vol_5/chinese/[1]b 道非道智见清净释 - 思惟智章/[45]b 在色蕴中分别观照的方法.md	
720f08cd-693f-42c6-8d7e-797486a84870	[47]	done	6	73c03e1a-f333-11f0-808a-438f0af4b9e9	2026-08-12T11:26:14Z	vol_5/chinese/[1]b 道非道智见清净释 - 思惟智章/[47]相之确立篇 = 无常思惟、苦思惟、无我思惟.md	
6148342e-1a82-458b-8283-2e3174a61f08	[47]b	done	51	73c03e1a-f333-11f0-808a-438f0af4b9e9	2026-08-12T11:26:22Z	vol_5/chinese/[1]b 道非道智见清净释 - 思惟智章/[47]b 狮子喻经.md	
8128965a-f387-4301-9b77-e2d3098e1362	[50]a	done	11	73c03e1a-f333-11f0-808a-438f0af4b9e9	2026-08-12T11:26:27Z	vol_5/chinese/[1]b 道非道智见清净释 - 思惟智章/[50]a 唯有行苦才是根本.md	
ca470ddc-bb33-4808-876b-04a249526ad1	[50]b	done	12	73c03e1a-f333-11f0-808a-438f0af4b9e9	2026-08-12T11:26:31Z	vol_5/chinese/[1]b 道非道智见清净释 - 思惟智章/[50]b 思惟的种类.md	
be187ecf-cbdb-4f1a-bf10-4f85bd25ba1d	[51]	done	17	73c03e1a-f333-11f0-808a-438f0af4b9e9	2026-08-12T11:26:36Z	vol_5/chinese/[1]b 道非道智见清净释 - 思惟智章/[51]无常随观的异名.md	
e741d929-4a86-4352-bfc4-3acfb15b8f33	[52]a	done	14	73c03e1a-f333-11f0-808a-438f0af4b9e9	2026-08-12T11:26:41Z	vol_5/chinese/[1]b 道非道智见清净释 - 思惟智章/[52]a 观照的方法.md	
bd158d61-51ff-4f0a-aa4e-6a80c515c5f2	[52]b	done	10	73c03e1a-f333-11f0-808a-438f0af4b9e9	2026-08-12T11:26:45Z	vol_5/chinese/[1]b 道非道智见清净释 - 思惟智章/[52]b 十二入处法、十八界法.md	
b794b131-0079-4ee1-a93c-1996f512ed02	[53]	done	31	73c03e1a-f333-11f0-808a-438f0af4b9e9	2026-08-12T11:26:51Z	vol_5/chinese/[1]b 道非道智见清净释 - 思惟智章/[53]《六处品相应》圣典中的诸观照法.md	
b7fed1b8-1a95-4bf0-9a66-77922eb7bbba	[54]	done	23	73c03e1a-f333-11f0-808a-438f0af4b9e9	2026-08-12T11:26:56Z	vol_5/chinese/[1]b 道非道智见清净释 - 思惟智章/[54]念处修法的种种教示.md	
34ec98bc-6bd9-4259-bef5-28a52816cbcb	[55]	done	24	73c03e1a-f333-11f0-808a-438f0af4b9e9	2026-08-12T11:27:01Z	vol_5/chinese/[1]b 道非道智见清净释 - 思惟智章/[55]受随观念处.md	
9eff255b-dcd0-42b8-a9db-9ca9cc845a1f	[56]	done	16	73c03e1a-f333-11f0-808a-438f0af4b9e9	2026-08-12T11:27:06Z	vol_5/chinese/[1]b 道非道智见清净释 - 思惟智章/[56]一个简易的方法.md	
fd9029d1-9298-4c84-b6c7-d6f539c1a81f	[57]a	done	7	73c03e1a-f333-11f0-808a-438f0af4b9e9	2026-08-12T11:27:09Z	vol_5/chinese/[1]b 道非道智见清净释 - 思惟智章/[57]a 心随观念处.md	
b0068049-b6b4-49f9-94af-d1ba9c7432b5	[57]b	done	11	73c03e1a-f333-11f0-808a-438f0af4b9e9	2026-08-12T11:27:13Z	vol_5/chinese/[1]b 道非道智见清净释 - 思惟智章/[57]b 法随观念处.md	
05c9209a-767e-4a61-8198-98dab1c48279	[58]a	done	3	73c03e1a-f333-11f0-808a-438f0af4b9e9	2026-08-12T11:27:17Z	vol_5/chinese/[1]b 道非道智见清净释 - 思惟智章/[58]a 过去、未来、现在.md	
a06775fa-456d-43a2-b6e3-0760c7bed1e6	[58]b	done	12	73c03e1a-f333-11f0-808a-438f0af4b9e9	2026-08-12T11:27:21Z	vol_5/chinese/[1]b 道非道智见清净释 - 思惟智章/[58]b 不净修习.md	
792b3a2b-74b0-4b58-8263-c50b45bf8e0b	[58]c	done	23	73c03e1a-f333-11f0-808a-438f0af4b9e9	2026-08-12T11:27:25Z	vol_5/chinese/[1]b 道非道智见清净释 - 思惟智章/[58]c 《迷惑冰消》义注与根本复注.md	
fa0aa62b-88bc-4215-9c95-30d155c77175	[59]	done	14	73c03e1a-f333-11f0-808a-438f0af4b9e9	2026-08-12T11:27:30Z	vol_5/chinese/[1]b 道非道智见清净释 - 思惟智章/[59]非执取分.md	
df8d0d57-3de8-41f0-95f6-b0bd18c74122	[60]	done	16	73c03e1a-f333-11f0-808a-438f0af4b9e9	2026-08-12T11:27:34Z	vol_5/chinese/[1]b 道非道智见清净释 - 思惟智章/[60]住佛塔山的大帝思长老.md	
67c1404e-53c5-4884-8393-4f2c4909245c	[61]	done	16	73c03e1a-f333-11f0-808a-438f0af4b9e9	2026-08-12T11:27:38Z	vol_5/chinese/[1]b 道非道智见清净释 - 思惟智章/[61]证得阿拉汉果的经过.md	
8109633d-511e-4dd2-9237-376e2fec41f5	[62]a	done	4	73c03e1a-f333-11f0-808a-438f0af4b9e9	2026-08-12T11:27:43Z	vol_5/chinese/[1]b 道非道智见清净释 - 思惟智章/[62]a 有意识的不净 - 无意识的不净.md	
3a8ca25f-4dc4-4f61-bc4c-6d2521f0d30d	[62]b	done	3	73c03e1a-f333-11f0-808a-438f0af4b9e9	2026-08-12T11:27:46Z	vol_5/chinese/[1]b 道非道智见清净释 - 思惟智章/[62]b 止与观.md	
15292c6e-8bbc-42b0-9a5d-eed2f04e1303	[62]c	done	5	73c03e1a-f333-11f0-808a-438f0af4b9e9	2026-08-12T11:27:50Z	vol_5/chinese/[1]b 道非道智见清净释 - 思惟智章/[62]c 握手所说之事 = 握着手而讲说的故事.md	
c61f4930-9d92-4ae8-85f9-4ffed1722f35	[62]d	done	39	73c03e1a-f333-11f0-808a-438f0af4b9e9	2026-08-12T11:27:56Z	vol_5/chinese/[1]b 道非道智见清净释 - 思惟智章/[62]d 同分 - 异分.md	
cb472465-3701-4026-a67a-e2beb4a0e7a2	[64]	done	37	73c03e1a-f333-11f0-808a-438f0af4b9e9	2026-08-12T11:28:02Z	vol_5/chinese/[1]b 道非道智见清净释 - 思惟智章/[64]观篇 无识不净 = 死尸不净 观照法.md	
bc244233-8a52-4a5f-8d3f-729fe1c2d113	[66]	done	27	73c03e1a-f333-11f0-808a-438f0af4b9e9	2026-08-12T11:28:08Z	vol_5/chinese/[1]b 道非道智见清净释 - 思惟智章/[66]九种死尸.md	
1006f168-3e2b-42f7-9362-03aa5f5e2cf1	[67]a	done	7	73c03e1a-f333-11f0-808a-438f0af4b9e9	2026-08-12T11:28:11Z	vol_5/chinese/[1]b 道非道智见清净释 - 思惟智章/[67]a 请架设特相之车.md	
fcb069c8-9749-45be-8d0e-774bc77c48dd	[67]b	done	4	73c03e1a-f333-11f0-808a-438f0af4b9e9	2026-08-12T11:28:15Z	vol_5/chinese/[1]b 道非道智见清净释 - 思惟智章/[67]b 若干例外.md	
67bce438-5df5-4541-8298-c3e788764201	[68]a	done	7	73c03e1a-f333-11f0-808a-438f0af4b9e9	2026-08-12T11:28:18Z	vol_5/chinese/[1]b 道非道智见清净释 - 思惟智章/[68]a 一个难处.md	
fd801e60-6da3-460f-b792-587d160e138d	[68]b	done	10	73c03e1a-f333-11f0-808a-438f0af4b9e9	2026-08-12T11:28:23Z	vol_5/chinese/[1]b 道非道智见清净释 - 思惟智章/[68]b 摧毁贪欲.md	
93758291-d94d-4c43-a620-36d3f7a1ea1d	[69]	done	23	73c03e1a-f333-11f0-808a-438f0af4b9e9	2026-08-12T11:28:28Z	vol_5/chinese/[1]b 道非道智见清净释 - 思惟智章/[69] 有识不净 = 活体不净 观照法.md	
669d07bf-bd62-4c70-b93a-e9527d54900b	[70]	done	29	73c03e1a-f333-11f0-808a-438f0af4b9e9	2026-08-12T11:28:34Z	vol_5/chinese/[1]b 道非道智见清净释 - 思惟智章/[70]也将诸色究竟法作不净观照的方法.md	
e52a9afe-af23-48c0-88c3-c1d91f34aa59	[71]a	done	6	73c03e1a-f333-11f0-808a-438f0af4b9e9	2026-08-12T11:28:37Z	vol_5/chinese/[1]b 道非道智见清净释 - 思惟智章/[71]a 过患随观.md	
e7c77f05-6710-47c7-803d-b1b200aaa38f	[71]b	done	22	73c03e1a-f333-11f0-808a-438f0af4b9e9	2026-08-12T11:28:42Z	vol_5/chinese/[1]b 道非道智见清净释 - 思惟智章/[71]b 止与观.md	
92b1b15f-ee2b-4aa8-aeaa-9b7673b0e402	[72]	done	11	73c03e1a-f333-11f0-808a-438f0af4b9e9	2026-08-12T11:28:47Z	vol_5/chinese/[1]b 道非道智见清净释 - 思惟智章/[72]名法的不净性质.md	
51c07e19-193f-438e-a71f-84acdb10c3d3	[73]	done	13	73c03e1a-f333-11f0-808a-438f0af4b9e9	2026-08-12T11:28:52Z	vol_5/chinese/[1]b 道非道智见清净释 - 思惟智章/[73]诸大义注的判定.md	
2de1dc09-75c4-4a55-b196-6b8a44487edb	[74]	done	17	73c03e1a-f333-11f0-808a-438f0af4b9e9	2026-08-12T11:30:57Z	vol_5/chinese/[1]b 道非道智见清净释 - 思惟智章/[74]也将色与名配对观照.md	
6e884920-9bce-485d-914d-f892e55683ca	[75]	done	32	73c03e1a-f333-11f0-808a-438f0af4b9e9	2026-08-12T11:31:03Z	vol_5/chinese/[1]b 道非道智见清净释 - 思惟智章/[75]缘起诸支.md	
4e52e92f-6228-425b-87b2-a0eb6c409bff	[76]a	done	7	73c03e1a-f333-11f0-808a-438f0af4b9e9	2026-08-12T11:31:07Z	vol_5/chinese/[1]b 道非道智见清净释 - 思惟智章/[76]a 四十种观照角度.md	
7f7c1199-3e7a-4b1f-8ee6-8c7b3f5e2b4b	[76]b	done	14	73c03e1a-f333-11f0-808a-438f0af4b9e9	2026-08-12T11:31:11Z	vol_5/chinese/[1]b 道非道智见清净释 - 思惟智章/[76]无常相（十）项/[76]b 无常相（十）项.md	
d7049378-f6c5-4e10-a70a-fc500ca91ab3	[77]a	done	12	73c03e1a-f333-11f0-808a-438f0af4b9e9	2026-08-12T11:31:15Z	vol_5/chinese/[1]b 道非道智见清净释 - 思惟智章/[76]无常相（十）项/[77]a 一、就无常而言.md	
5f9f34ce-5f77-4e81-b21e-94942934128e	[77]b	done	7	73c03e1a-f333-11f0-808a-438f0af4b9e9	2026-08-12T11:31:19Z	vol_5/chinese/[1]b 道非道智见清净释 - 思惟智章/[76]无常相（十）项/[77]b 二、败坏.md	
61d6aa2e-9cc6-410d-9f14-25ef7b085a8d	[78]a	done	8	73c03e1a-f333-11f0-808a-438f0af4b9e9	2026-08-12T11:31:23Z	vol_5/chinese/[1]b 道非道智见清净释 - 思惟智章/[76]无常相（十）项/[78]a 三、动摇.md	
030e2a8a-2468-45da-9bc9-3772ea6d1388	[78]b	done	5	73c03e1a-f333-11f0-808a-438f0af4b9e9	2026-08-12T11:31:26Z	vol_5/chinese/[1]b 道非道智见清净释 - 思惟智章/[76]无常相（十）项/[78]b 四、坏散.md	
aee4e9c6-3542-48c1-9339-6b925e3468d4	[79]	done	5	73c03e1a-f333-11f0-808a-438f0af4b9e9	2026-08-12T11:31:30Z	vol_5/chinese/[1]b 道非道智见清净释 - 思惟智章/[76]无常相（十）项/[79]六、变易法.md	
ba32971a-7a9e-481e-9339-f586bcd9f041	[79]b	done	7	73c03e1a-f333-11f0-808a-438f0af4b9e9	2026-08-12T11:31:33Z	vol_5/chinese/[1]b 道非道智见清净释 - 思惟智章/[76]无常相（十）项/[79]b 七、无实质.md	
df6c2ae6-ad9d-4e67-83bd-3f80eacb4463	[79]c	done	11	73c03e1a-f333-11f0-808a-438f0af4b9e9	2026-08-12T11:31:38Z	vol_5/chinese/[1]b 道非道智见清净释 - 思惟智章/[76]无常相（十）项/[79]c 八、就灭尽而言.md	
01712eec-7bec-4f19-b1ab-99fa60f8e976	[80]	done	4	73c03e1a-f333-11f0-808a-438f0af4b9e9	2026-08-12T11:31:41Z	vol_5/chinese/[1]b 道非道智见清净释 - 思惟智章/[76]无常相（十）项/[80]九、就死法而言 = 死殁.md	
2ad2d4dd-3c6f-4329-9ca1-548c687beda7	[80]b	done	24	73c03e1a-f333-11f0-808a-438f0af4b9e9	2026-08-12T11:31:46Z	vol_5/chinese/[1]b 道非道智见清净释 - 思惟智章/[76]无常相（十）项/[80]b 十、就有为而言.md	
f8b90b20-8a16-456d-bf65-c5f60b317175	[96]	done	8	73c03e1a-f333-11f0-808a-438f0af4b9e9	2026-08-12T11:31:49Z	vol_5/chinese/[1]b 道非道智见清净释 - 思惟智章/[96]无我相（五）项/[96]无我相（五）项.md	
e66bc331-6ae0-4f41-ac75-4b4fcdff8267	[97]a	done	13	73c03e1a-f333-11f0-808a-438f0af4b9e9	2026-08-12T11:31:54Z	vol_5/chinese/[1]b 道非道智见清净释 - 思惟智章/[96]无我相（五）项/[97]a 一、无我.md	
e0542912-6b8c-48fb-9436-14b5aa98bead	[97]b	done	12	73c03e1a-f333-11f0-808a-438f0af4b9e9	2026-08-12T11:31:58Z	vol_5/chinese/[1]b 道非道智见清净释 - 思惟智章/[96]无我相（五）项/[97]b 二、他.md	
575f1b34-2f90-4a81-b454-b607c27cb622	[98]a	done	13	73c03e1a-f333-11f0-808a-438f0af4b9e9	2026-08-12T11:32:02Z	vol_5/chinese/[1]b 道非道智见清净释 - 思惟智章/[96]无我相（五）项/[98]a 三、空虚.md	
69edc38b-45ba-4874-8dd1-fd986e676c52	[98]b	done	23	73c03e1a-f333-11f0-808a-438f0af4b9e9	2026-08-12T11:32:07Z	vol_5/chinese/[1]b 道非道智见清净释 - 思惟智章/[96]无我相（五）项/[98]b 四、虚空.md	
eb189e29-bab5-49fb-b288-5fc822763835	[99]	done	24	73c03e1a-f333-11f0-808a-438f0af4b9e9	2026-08-12T11:32:12Z	vol_5/chinese/[1]b 道非道智见清净释 - 思惟智章/[96]无我相（五）项/[99] 五、空.md	
fab2ef28-e019-4812-afdd-a9dcde7e4e4a	[100]	done	12	73c03e1a-f333-11f0-808a-438f0af4b9e9	2026-08-12T11:32:16Z	vol_5/chinese/[1]b 道非道智见清净释 - 思惟智章/[96]无我相（五）项/[100]为自己的利益而修行吧.md	
98625f7b-3bf1-42fb-9165-167021eead5e	[101]	done	75	73c03e1a-f333-11f0-808a-438f0af4b9e9	2026-08-12T11:32:25Z	vol_5/chinese/[1]b 道非道智见清净释 - 思惟智章/[96]无我相（五）项/[101]令诸根敏锐之九法.md	
617c890b-73a9-4dd2-bd02-b091123db102	[105]	done	8	73c03e1a-f333-11f0-808a-438f0af4b9e9	2026-08-12T11:32:29Z	vol_5/chinese/[1]b 道非道智见清净释 - 思惟智章/[96]无我相（五）项/[105]能观得到吗.md	
ad72ebdb-f4d5-4777-90b2-86c33f37c77e	[106]	done	26	73c03e1a-f333-11f0-808a-438f0af4b9e9	2026-08-12T11:32:34Z	vol_5/chinese/[1]b 道非道智见清净释 - 思惟智章/[96]无我相（五）项/[106]观见名法生起之行相.md	
af84674f-f4a9-4d67-9bad-2f2c97d322a2	[108]	done	19	73c03e1a-f333-11f0-808a-438f0af4b9e9	2026-08-12T11:32:39Z	vol_5/chinese/[1]b 道非道智见清净释 - 思惟智章/[96]无我相（五）项/[108]智的威力何其巨大.md	
534b96ca-0447-4b21-8687-d72d33b04608	[110]	done	5	73c03e1a-f333-11f0-808a-438f0af4b9e9	2026-08-12T11:32:42Z	vol_5/chinese/[1]b 道非道智见清净释 - 思惟智章/[96]无我相（五）项/[110]慧修习能够圆满.md	
0aace108-a8cd-47d2-a8d0-5d489d3a0439	[110]b	done	29	73c03e1a-f333-11f0-808a-438f0af4b9e9	2026-08-12T11:32:48Z	vol_5/chinese/[1]b 道非道智见清净释 - 思惟智章/[96]无我相（五）项/[110]b 唯是古道旧辙.md	
4e96477e-5067-40e8-93a4-eb304b237e1b	[112]	done	26	73c03e1a-f333-11f0-808a-438f0af4b9e9	2026-08-12T11:32:53Z	vol_5/chinese/[1]b 道非道智见清净释 - 思惟智章/[96]无我相（五）项/[112] 无我相经教法开示.md	
71383715-b19f-40d6-b093-cb4bb0781b0c	[114]	done	114	73c03e1a-f333-11f0-808a-438f0af4b9e9	2026-08-12T11:33:10Z	vol_5/chinese/[1]b 道非道智见清净释 - 思惟智章/[96]无我相（五）项/[114] 无我相经教法开示·缅译.md	
2a26a1d1-b95e-4f06-809d-56885b19d4e7	[119]	done	15	73c03e1a-f333-11f0-808a-438f0af4b9e9	2026-08-12T11:33:26Z	vol_5/chinese/[1]b 道非道智见清净释 - 思惟智章/[96]无我相（五）项/[119] 尊者马哈摩嘎喇那大长老.md	
e6484fd5-82cc-4a0d-a764-8bb367de8037	[120]	done	6	73c03e1a-f333-11f0-808a-438f0af4b9e9	2026-08-12T11:33:30Z	vol_5/chinese/[1]b 道非道智见清净释 - 思惟智章/[96]无我相（五）项/[120] 尊者沙利子大长老.md	
f09b3396-aacf-4d3b-b375-ce72d3902ef3	[121]a	done	3	73c03e1a-f333-11f0-808a-438f0af4b9e9	2026-08-12T11:33:33Z	vol_5/chinese/[1]b 道非道智见清净释 - 思惟智章/[96]无我相（五）项/[121]a 尊者阿难达大长老.md	
b8d70435-3c1e-4a07-a2e1-e76d59b84e82	[121]b	done	14	73c03e1a-f333-11f0-808a-438f0af4b9e9	2026-08-12T11:33:50Z	vol_5/chinese/[1]b 道非道智见清净释 - 思惟智章/[96]无我相（五）项/[121]b 阿难达经教法开示.md	
babf7ab1-2616-4d9b-94ee-382323ff9ce3	[121]c	done	137	73c03e1a-f333-11f0-808a-438f0af4b9e9	2026-08-12T11:34:22Z	vol_5/chinese/[1]b 道非道智见清净释 - 思惟智章/[96]无我相（五）项/[121]c 阿难达经·缅译.md	
81bc58d8-9348-4945-bbb4-0e7b624b570c	[127]	done	24	73c03e1a-f333-11f0-808a-438f0af4b9e9	2026-08-12T11:34:26Z	vol_5/chinese/[1]b 道非道智见清净释 - 思惟智章/[96]无我相（五）项/[127]了知智中未显现的诸法.md	
9f0f2542-ea01-40cb-82a8-5675f6157153	[129]	done	9	73c03e1a-f333-11f0-808a-438f0af4b9e9	2026-08-12T11:34:31Z	vol_5/chinese/[1]b 道非道智见清净释 - 思惟智章/[96]无我相（五）项/[129]无常经.md	
414a53f4-0780-4821-94b3-060034db0233	[130]	done	12	73c03e1a-f333-11f0-808a-438f0af4b9e9	2026-08-12T11:34:35Z	vol_5/chinese/[1]b 道非道智见清净释 - 思惟智章/[96]无我相（五）项/[130]随顺忍.md	
156ed52b-7539-439c-98e7-ad12824c5dd4	[131]	done	6	73c03e1a-f333-11f0-808a-438f0af4b9e9	2026-08-12T11:34:38Z	vol_5/chinese/[1]b 道非道智见清净释 - 思惟智章/[131]色七法观法/[131]色七法观法.md	
84ab4882-c7da-47e3-b8d4-b69c523304c0	[131]b	done	7	73c03e1a-f333-11f0-808a-438f0af4b9e9	2026-08-12T11:34:42Z	vol_5/chinese/[1]b 道非道智见清净释 - 思惟智章/[131]色七法观法/[131]b 一、以取舍而观的方法.md	
088ace57-acfd-4366-aca0-5445ba5a98a4	[131]c	done	32	73c03e1a-f333-11f0-808a-438f0af4b9e9	2026-08-12T11:34:48Z	vol_5/chinese/[1]b 道非道智见清净释 - 思惟智章/[131]色七法观法/[131]c 无常行相.md	
5fa09d02-07a3-4d69-b209-fe3cf9dd7a36	[134]	done	26	73c03e1a-f333-11f0-808a-438f0af4b9e9	2026-08-12T11:34:53Z	vol_5/chinese/[1]b 道非道智见清净释 - 思惟智章/[131]色七法观法/[134]无我行相.md	
b6f5e709-7cc0-4990-836a-a513d2e9ee9d	[137]	done	9	73c03e1a-f333-11f0-808a-438f0af4b9e9	2026-08-12T11:34:57Z	vol_5/chinese/[1]b 道非道智见清净释 - 思惟智章/[131]色七法观法/[137]“举－送－移－放－置－按”.md	
31d9e6d6-ac56-467e-809f-213ac3a11dfa	[138]	done	18	73c03e1a-f333-11f0-808a-438f0af4b9e9	2026-08-12T11:35:01Z	vol_5/chinese/[1]b 道非道智见清净释 - 思惟智章/[131]色七法观法/[138]界之增盛与减弱.md	
6f769cb3-9dc4-4358-9c9a-902fe0a0e41c	[139]	done	14	73c03e1a-f333-11f0-808a-438f0af4b9e9	2026-08-12T11:35:05Z	vol_5/chinese/[1]b 道非道智见清净释 - 思惟智章/[131]色七法观法/[139]三、食所成色——观法.md	
fb9f3a27-bacc-4d37-9af1-8c19fe02b540	[140]	done	5	73c03e1a-f333-11f0-808a-438f0af4b9e9	2026-08-12T11:35:40Z	vol_5/chinese/[1]b 道非道智见清净释 - 思惟智章/[131]色七法观法/[140]四、时节生色观法.md	
c1a6fef9-951f-41f9-b565-11e1bff113d9	[140]c	done	126	73c03e1a-f333-11f0-808a-438f0af4b9e9	2026-08-12T11:35:53Z	vol_5/chinese/[1]b 道非道智见清净释 - 思惟智章/[131]色七法观法/[140]c 六、心所起色观法.md	
b4728fae-f943-4f76-9b90-ec4ba7a8695e	[143]	done	13	73c03e1a-f333-11f0-808a-438f0af4b9e9	2026-08-12T11:35:57Z	vol_5/chinese/[1]b 道非道智见清净释 - 思惟智章/[131]色七法观法/[143]七、法性色——观法.md	
eff16380-154a-4989-805a-f7b3722e9f6c	[140]b	done	10	73c03e1a-f333-11f0-808a-438f0af4b9e9	2026-08-12T11:36:01Z	vol_5/chinese/[1]b 道非道智见清净释 - 思惟智章/[131]色七法观法/[140]b 五、业生色观法.md	
bb701c5b-d5fa-4d12-929a-905064f6d711	[144]a	done	10	73c03e1a-f333-11f0-808a-438f0af4b9e9	2026-08-12T11:36:06Z	vol_5/chinese/[1]b 道非道智见清净释 - 思惟智章/[144]a 七非色观法/[144]a 七非色观法.md	
645d4cc6-7dcd-49ec-8615-db74dbede4c0	[144]b	done	14	73c03e1a-f333-11f0-808a-438f0af4b9e9	2026-08-12T11:36:10Z	vol_5/chinese/[1]b 道非道智见清净释 - 思惟智章/[144]a 七非色观法/[144]b 一、依聚而观的方法.md	
563c8d04-b4b6-4cfd-a743-4e30cc18e539	[145]	done	71	73c03e1a-f333-11f0-808a-438f0af4b9e9	2026-08-12T11:38:20Z	vol_5/chinese/[1]b 道非道智见清净释 - 思惟智章/[144]a 七非色观法/[145]前心—后心.md	
91feffbe-49a8-4e5d-b077-b906d1d564b3	[149]a	done	8	73c03e1a-f333-11f0-808a-438f0af4b9e9	2026-08-12T11:38:24Z	vol_5/chinese/[1]b 道非道智见清净释 - 思惟智章/[144]a 七非色观法/[149]a 二、以成双而观的方法.md	
a116141a-bb34-4b31-a421-810f1e8bdfc4	[149]b	done	13	73c03e1a-f333-11f0-808a-438f0af4b9e9	2026-08-12T11:38:29Z	vol_5/chinese/[1]b 道非道智见清净释 - 思惟智章/[144]a 七非色观法/[149]b 三、以刹那而观的方法.md	
2123a432-439a-43cd-b6cd-d8f71e7c8dc8	[150]	done	24	73c03e1a-f333-11f0-808a-438f0af4b9e9	2026-08-12T11:38:34Z	vol_5/chinese/[1]b 道非道智见清净释 - 思惟智章/[144]a 七非色观法/[150]四、依次第而观的方法.md	
6d81a00f-bd73-4d47-9fff-1bfa2de78f29	[151]a	done	7	73c03e1a-f333-11f0-808a-438f0af4b9e9	2026-08-12T11:38:50Z	vol_5/chinese/[1]b 道非道智见清净释 - 思惟智章/[144]a 七非色观法/[151]a 五、以拔除邪见而观的方法.md	
ee1f9e83-fc74-4d44-8fa0-bd433d11259a	[151]b	done	4	73c03e1a-f333-11f0-808a-438f0af4b9e9	2026-08-12T11:38:54Z	vol_5/chinese/[1]b 道非道智见清净释 - 思惟智章/[144]a 七非色观法/[151]b 六、以拔除我慢而观的方法.md	
3d196046-fc82-4ab0-92a1-ff1b40bc0757	[152]a	done	7	73c03e1a-f333-11f0-808a-438f0af4b9e9	2026-08-12T11:38:57Z	vol_5/chinese/[1]b 道非道智见清净释 - 思惟智章/[144]a 七非色观法/[152]a 七、令尼坎提遍尽＝渴爱（＝尼坎提）灭尽、不生起的观法.md	
27245763-4cd2-4a5d-a44c-bae7963df40a	[152]b	done	28	73c03e1a-f333-11f0-808a-438f0af4b9e9	2026-08-12T11:39:04Z	vol_5/chinese/[1]b 道非道智见清净释 - 思惟智章/[144]a 七非色观法/[152]b 断除邪见 - 断除慢 - 喜爱.md	
d120fbf2-3482-4424-928a-d7359a437f88	[153]	done	13	73c03e1a-f333-11f0-808a-438f0af4b9e9	2026-08-12T11:39:09Z	vol_5/chinese/[1]b 道非道智见清净释 - 思惟智章/[144]a 七非色观法/[153]以不自在之义故为无我.md	
1015b1f2-38d2-495c-b6f5-0318608717fa	[154]	done	21	73c03e1a-f333-11f0-808a-438f0af4b9e9	2026-08-12T11:39:13Z	vol_5/chinese/[1]b 道非道智见清净释 - 思惟智章/[144]a 七非色观法/[154]以成已不存在之义故为无常.md	
e99663fb-2c10-45f9-9add-b3d3c703b840	[155]	done	19	73c03e1a-f333-11f0-808a-438f0af4b9e9	2026-08-12T11:39:18Z	vol_5/chinese/[1]b 道非道智见清净释 - 思惟智章/[144]a 七非色观法/[155]以生灭逼迫之义故为苦.md	
aeaf0fbf-c93a-44b4-9099-4c18b96be7fe	[156]	done	28	73c03e1a-f333-11f0-808a-438f0af4b9e9	2026-08-12T11:39:25Z	vol_5/chinese/[1]b 道非道智见清净释 - 思惟智章/[144]a 七非色观法/[156] 应记取的要点扼要.md	
d8a0d737-6233-4b3f-88de-ec58c801fce8	[158]a	done	3	73c03e1a-f333-11f0-808a-438f0af4b9e9	2026-08-12T11:39:28Z	vol_5/chinese/[1]b 道非道智见清净释 - 思惟智章/[144]a 七非色观法/[158]a 已成纯熟.md	
6233876b-8723-476f-9ccf-7e7fef04c1d6	[158]b	done	44	73c03e1a-f333-11f0-808a-438f0af4b9e9	2026-08-12T11:39:34Z	vol_5/chinese/[1]b 道非道智见清净释 - 思惟智章/[144]a 七非色观法/[158]b 十八种大观（清净之道2,264.md	
f3ef30d0-7e85-478f-ae60-05d01a467d5a	[161]a	done	5	73c03e1a-f333-11f0-808a-438f0af4b9e9	2026-08-12T11:39:38Z	vol_5/chinese/[1]b 道非道智见清净释 - 思惟智章/[144]a 七非色观法/[161]a 无相随观、无愿随观、空随观.md	
925810d9-9553-45f6-9b50-b0f654ebeb94	[161]b	done	40	73c03e1a-f333-11f0-808a-438f0af4b9e9	2026-08-12T11:39:44Z	vol_5/chinese/[1]b 道非道智见清净释 - 思惟智章/[144]a 七非色观法/[161]b 无相随观.md	
cdd4a1a6-17f5-4c94-8f88-9066a6b07712	[164]	done	8	73c03e1a-f333-11f0-808a-438f0af4b9e9	2026-08-12T11:39:48Z	vol_5/chinese/[1]b 道非道智见清净释 - 思惟智章/[144]a 七非色观法/[164] 无愿随观.md	
df37f042-e8c7-4237-8d13-2b45cdc0d5cd	[165]	done	3	73c03e1a-f333-11f0-808a-438f0af4b9e9	2026-08-12T11:39:51Z	vol_5/chinese/[1]b 道非道智见清净释 - 思惟智章/[144]a 七非色观法/[165] 空随观.md	
9b1f8b5c-1cf5-4717-a8fc-5244eee0a7a3	[165]b	done	6	73c03e1a-f333-11f0-808a-438f0af4b9e9	2026-08-12T11:39:54Z	vol_5/chinese/[1]b 道非道智见清净释 - 思惟智章/[144]a 七非色观法/[165]b 增上慧法观.md	
29ca47c9-7e97-4e8f-be7b-b1215fb6a90b	[165]c	done	12	73c03e1a-f333-11f0-808a-438f0af4b9e9	2026-08-12T11:39:59Z	vol_5/chinese/[1]b 道非道智见清净释 - 思惟智章/[144]a 七非色观法/[165]c 如实智见.md	
6a7874ad-e14f-43a8-8e43-868fba07b355	[167]a	done	5	73c03e1a-f333-11f0-808a-438f0af4b9e9	2026-08-12T11:40:02Z	vol_5/chinese/[167]生灭智章/[167]a 生灭智章.md	
fea84008-93c7-446f-ba28-9f508c060ad6	[167]b	done	3	73c03e1a-f333-11f0-808a-438f0af4b9e9	2026-08-12T11:40:06Z	vol_5/chinese/[167]生灭智章/[167]b 在《无碍解道》巴利圣典中开示的方式.md	
6bbca6ce-eb11-49ff-bd7b-9b5030998108	[167]c	done	6	73c03e1a-f333-11f0-808a-438f0af4b9e9	2026-08-12T11:40:09Z	vol_5/chinese/[167]生灭智章/[167]c 两种生灭洞见.md	
a5c95ba3-2788-4338-af26-f61cd998a2f9	[168]	done	81	73c03e1a-f333-11f0-808a-438f0af4b9e9	2026-08-12T11:40:19Z	vol_5/chinese/[167]生灭智章/[168] 所谓现在.md	
0c4ce5eb-1695-406f-ad8a-6023b86421e6	[172]	done	23	73c03e1a-f333-11f0-808a-438f0af4b9e9	2026-08-12T11:40:24Z	vol_5/chinese/[167]生灭智章/[172] 应当思考的要点.md	
03c349f3-5625-461d-badf-8eeee03b6848	[173]	done	32	73c03e1a-f333-11f0-808a-438f0af4b9e9	2026-08-12T11:41:01Z	vol_5/chinese/[167]生灭智章/[173] 此处所要说的本质法.md	
6347120b-d18e-4396-b754-393f99abb7b7	[175]	done	23	73c03e1a-f333-11f0-808a-438f0af4b9e9	2026-08-12T11:41:06Z	vol_5/chinese/[167]生灭智章/[175] 含义的理解方式.md	
5cb49e64-539a-4250-b6e3-7eb0474185fd	[177]	done	34	73c03e1a-f333-11f0-808a-438f0af4b9e9	2026-08-12T11:41:12Z	vol_5/chinese/[167]生灭智章/[177] 以有作为终点而开示.md	
bf10fd0a-1786-416e-a30a-c623a06cd8d1	[179]	done	25	73c03e1a-f333-11f0-808a-438f0af4b9e9	2026-08-12T11:41:17Z	vol_5/chinese/[167]生灭智章/[179] 观法体系.md	
c2a213e1-4cc7-4758-b16f-331efdd6ea72	[180]	done	81	73c03e1a-f333-11f0-808a-438f0af4b9e9	2026-08-12T11:41:27Z	vol_5/chinese/[167]生灭智章/[180] 请架设特相之车.md	
e5ae3aaa-7c94-428d-9b3f-910a8efdd457	[185]	done	4	73c03e1a-f333-11f0-808a-438f0af4b9e9	2026-08-12T11:41:30Z	vol_5/chinese/[167]生灭智章/[185] 应当这样领会其相同之处.md	
0073e6e2-dcc3-4517-94a8-33d12bfbc845	[186]	done	23	73c03e1a-f333-11f0-808a-438f0af4b9e9	2026-08-12T11:41:35Z	vol_5/chinese/[167]生灭智章/[186] 崇高的活着.md	
c3ab5708-9955-4850-a439-d681c0a8661d	[187]a	done	3	73c03e1a-f333-11f0-808a-438f0af4b9e9	2026-08-12T11:41:38Z	vol_5/chinese/[167]生灭智章/[187]a 生灭的详细观修方法 - 集法随观部分.md	
3664e01d-ac14-4097-8bdd-8d47b1375263	[187]b	done	7	73c03e1a-f333-11f0-808a-438f0af4b9e9	2026-08-12T11:41:42Z	vol_5/chinese/[167]生灭智章/[187]b 色蕴中的生起观法 - 巴利圣典.md	
f99930bd-e677-43b7-9019-cf7fc98c95f0	[187]c	done	7	73c03e1a-f333-11f0-808a-438f0af4b9e9	2026-08-12T11:41:46Z	vol_5/chinese/[167]生灭智章/[187]c 色蕴中的灭观法 - 巴利圣典.md	
aab19ace-1b2f-402a-8a6d-49737cb46ac5	[187]f	done	7	73c03e1a-f333-11f0-808a-438f0af4b9e9	2026-08-12T11:41:49Z	vol_5/chinese/[167]生灭智章/[187]f 受蕴中的灭观法 - 巴利圣典.md	
38e692c7-8239-4a16-87dc-350e28410135	[188]a	done	7	73c03e1a-f333-11f0-808a-438f0af4b9e9	2026-08-12T11:41:53Z	vol_5/chinese/[167]生灭智章/[188]a 想蕴中的生起观法 - 巴利圣典.md	
1869f5fe-aeb4-4692-a2fc-0f62f2d5abf1	[188]b	done	7	73c03e1a-f333-11f0-808a-438f0af4b9e9	2026-08-12T11:41:57Z	vol_5/chinese/[167]生灭智章/[188]b 想蕴中的灭观法 - 巴利圣典.md	
39c05051-154f-40d0-9869-dedc324ccec4	[188]c	done	7	73c03e1a-f333-11f0-808a-438f0af4b9e9	2026-08-12T11:42:00Z	vol_5/chinese/[167]生灭智章/[188]c 行蕴中的生起观法 - 巴利圣典.md	
34ea9147-e787-4371-ba70-d581242b2b46	[188]d	done	7	73c03e1a-f333-11f0-808a-438f0af4b9e9	2026-08-12T11:42:04Z	vol_5/chinese/[167]生灭智章/[188]d 行蕴中的灭观法 - 巴利圣典.md	
95358253-bec2-47ef-8f60-7d34711ead2a	[189]a	done	7	73c03e1a-f333-11f0-808a-438f0af4b9e9	2026-08-12T11:42:08Z	vol_5/chinese/[167]生灭智章/[189]a 识蕴中的生起观法 - 巴利圣典.md	
577138d0-5183-4d36-9b32-ad6ad3aefcaa	[189]b	done	35	73c03e1a-f333-11f0-808a-438f0af4b9e9	2026-08-12T11:42:13Z	vol_5/chinese/[167]生灭智章/[189]b 识蕴中的灭观法 - 巴利圣典.md	
07ea6d50-c2f6-41c0-92f8-937241be1711	[192]	done	15	73c03e1a-f333-11f0-808a-438f0af4b9e9	2026-08-12T11:42:18Z	vol_5/chinese/[167]生灭智章/[192] 转生相.md	
0627e2b1-3440-4c8e-9e81-7564f3bf5d14	[193]	done	8	73c03e1a-f333-11f0-808a-438f0af4b9e9	2026-08-12T11:42:22Z	vol_5/chinese/[167]生灭智章/[193] 无明灭故色灭.md	
b86bc7c3-2e81-423c-80e1-9689f14680f4	[193]b	done	41	73c03e1a-f333-11f0-808a-438f0af4b9e9	2026-08-12T11:42:27Z	vol_5/chinese/[167]生灭智章/[193]b 证得阿拉汉道的时刻.md	
edb885e1-c831-4026-8de1-a7ad09898146	[196]	done	5	73c03e1a-f333-11f0-808a-438f0af4b9e9	2026-08-12T11:42:31Z	vol_5/chinese/[167]生灭智章/[196] 生起灭尽 - 不生灭尽.md	
f0ea1ce2-4c3a-4ba6-8a1e-1a3e47e304f1	[196]b	done	13	73c03e1a-f333-11f0-808a-438f0af4b9e9	2026-08-12T11:42:35Z	vol_5/chinese/[167]生灭智章/[196]b 五种灭.md	
d6497aba-70cc-455e-88c3-e7fcf85e8b46	[197]a	done	1	73c03e1a-f333-11f0-808a-438f0af4b9e9	2026-08-12T11:42:39Z	vol_5/chinese/[167]生灭智章/[197]a 集法随观篇 - 生起见 = 唯观生起的观法/[197]a 集法随观篇 - 生起见 = 唯观生起的观法.md	
661c382a-ca4c-4256-8c2e-bbbd0013265c	[197]b	done	23	73c03e1a-f333-11f0-808a-438f0af4b9e9	2026-08-12T11:42:43Z	vol_5/chinese/[167]生灭智章/[197]a 集法随观篇 - 生起见 = 唯观生起的观法/[197]b 结生 - 色蕴.md	
3e5b214d-c70d-464c-a04f-4ba29dea02f8	[198]	done	15	73c03e1a-f333-11f0-808a-438f0af4b9e9	2026-08-12T11:42:48Z	vol_5/chinese/[167]生灭智章/[197]a 集法随观篇 - 生起见 = 唯观生起的观法/[198] 结生 - 受蕴中观生起的方式.md	
2e738b60-0e23-4516-ab6a-12a793d30bd6	[199]a	done	10	73c03e1a-f333-11f0-808a-438f0af4b9e9	2026-08-12T11:42:52Z	vol_5/chinese/[167]生灭智章/[197]a 集法随观篇 - 生起见 = 唯观生起的观法/[199]a 结生 - 想蕴中的生起观法.md	
94e927ac-09ca-41e2-a3ed-c4c26b9aa62c	[199]b	done	11	73c03e1a-f333-11f0-808a-438f0af4b9e9	2026-08-12T11:42:56Z	vol_5/chinese/[167]生灭智章/[197]a 集法随观篇 - 生起见 = 唯观生起的观法/[199]b 结生 - 行蕴中的生起观法.md	
a7f105eb-a2ad-4e59-8437-9417cc82050a	[199]c	done	16	73c03e1a-f333-11f0-808a-438f0af4b9e9	2026-08-12T11:43:00Z	vol_5/chinese/[167]生灭智章/[197]a 集法随观篇 - 生起见 = 唯观生起的观法/[199]c 结生 - 行蕴中的生起观法.md	
e2f9da3f-5d7a-4d34-8402-b52672619e85	[200]a	done	9	73c03e1a-f333-11f0-808a-438f0af4b9e9	2026-08-12T11:43:09Z	vol_5/chinese/[167]生灭智章/[197]a 集法随观篇 - 生起见 = 唯观生起的观法/[200]a 结生 - 识蕴中的生起观法.md	
ecd5f266-c540-460d-8be8-b6c14660c17f	[200]b	done	21	73c03e1a-f333-11f0-808a-438f0af4b9e9	2026-08-12T11:43:14Z	vol_5/chinese/[167]生灭智章/[197]a 集法随观篇 - 生起见 = 唯观生起的观法/[200]b 有分 - 于色蕴中观生起之法.md	
42fbcbf0-fee1-49e7-bdbb-71cda692208c	[201]	done	13	73c03e1a-f333-11f0-808a-438f0af4b9e9	2026-08-12T11:43:18Z	vol_5/chinese/[167]生灭智章/[197]a 集法随观篇 - 生起见 = 唯观生起的观法/[201] 有分 - 受蕴中的生起观法.md	
56bedb66-2aa1-4a0b-9658-2988bc96bf8f	[201]b	done	11	73c03e1a-f333-11f0-808a-438f0af4b9e9	2026-08-12T11:43:22Z	vol_5/chinese/[167]生灭智章/[197]a 集法随观篇 - 生起见 = 唯观生起的观法/[201]b 有分 - 行蕴中的生起观法（第一种方法）.md	
bfec8afc-1c87-4857-9189-88b8f8134a4a	[202]c	done	12	73c03e1a-f333-11f0-808a-438f0af4b9e9	2026-08-12T11:43:26Z	vol_5/chinese/[167]生灭智章/[197]a 集法随观篇 - 生起见 = 唯观生起的观法/[202]c 有分 - 行蕴中的生起观法（第二种方法）.md	
a3c71878-a1c6-4143-a130-50e386f3000e	[203]a	done	14	73c03e1a-f333-11f0-808a-438f0af4b9e9	2026-08-12T11:43:31Z	vol_5/chinese/[167]生灭智章/[197]a 集法随观篇 - 生起见 = 唯观生起的观法/[203]a 有分 - 识蕴中的生起观法.md	
f4ab945f-bf74-4049-892e-1fa13ba8cd7b	[203]b	done	5	73c03e1a-f333-11f0-808a-438f0af4b9e9	2026-08-12T11:43:34Z	vol_5/chinese/[167]生灭智章/[197]a 集法随观篇 - 生起见 = 唯观生起的观法/[203]b 五门转向 - 色蕴中观生起的方式.md	
1f019f34-063e-46fa-87c2-356a5abcaef9	[203]c	done	13	73c03e1a-f333-11f0-808a-438f0af4b9e9	2026-08-12T11:43:39Z	vol_5/chinese/[167]生灭智章/[197]a 集法随观篇 - 生起见 = 唯观生起的观法/[203]c 色所缘线 - 五门转向 - 受蕴中观生起的方式.md	
21285f3b-9bb1-4d27-b5f8-01ec494cfedf	[204]a	build_error	0	73c03e1a-f333-11f0-808a-438f0af4b9e9	2026-08-12T12:50:05Z	vol_5/chinese/[167]生灭智章/[197]a 集法随观篇 - 生起见 = 唯观生起的观法/[204]a 五门转向 - 想蕴中观生起的方式.md	分段行数不一致（远端 3 段 / 本地 4 段）
b6228a22-d030-44f6-9d5d-e305b379b6ea	[204]b	done	7	73c03e1a-f333-11f0-808a-438f0af4b9e9	2026-08-12T11:43:45Z	vol_5/chinese/[167]生灭智章/[197]a 集法随观篇 - 生起见 = 唯观生起的观法/[204]b 五门转向 - 行蕴中的生起观法（第一种方法）.md	
836287df-8f62-4af3-b9b8-f69dc28f2aa2	[204]c	done	7	73c03e1a-f333-11f0-808a-438f0af4b9e9	2026-08-12T11:43:49Z	vol_5/chinese/[167]生灭智章/[197]a 集法随观篇 - 生起见 = 唯观生起的观法/[204]c 五门转向 - 行蕴中的生起观法（第二种方法）.md	
c0ca7566-8363-4234-a4ad-8e98df78e1f3	[205]a	done	9	73c03e1a-f333-11f0-808a-438f0af4b9e9	2026-08-12T11:43:52Z	vol_5/chinese/[167]生灭智章/[197]a 集法随观篇 - 生起见 = 唯观生起的观法/[205]a 五门转向 - 识蕴中的生起.md	
23344846-9b2c-4b61-a385-3d887af97125	[205]b	done	12	73c03e1a-f333-11f0-808a-438f0af4b9e9	2026-08-12T11:44:02Z	vol_5/chinese/[167]生灭智章/[197]a 集法随观篇 - 生起见 = 唯观生起的观法/[205]b 眼识 - 受蕴中的生起观法.md	
1a319a88-720e-407c-825e-98fccdea6219	[205]c	done	12	73c03e1a-f333-11f0-808a-438f0af4b9e9	2026-08-12T11:44:06Z	vol_5/chinese/[167]生灭智章/[197]a 集法随观篇 - 生起见 = 唯观生起的观法/[205]c 眼识 - 想蕴中的生起观法.md	
8db859ca-a981-40d6-8470-97e9c07b833f	[206]a	done	13	73c03e1a-f333-11f0-808a-438f0af4b9e9	2026-08-12T11:44:11Z	vol_5/chinese/[167]生灭智章/[197]a 集法随观篇 - 生起见 = 唯观生起的观法/[206]a 眼识 - 行蕴中的生起观法（第一种方法）.md	
85676328-b7f8-4839-857c-ae4c71e8299c	[206]b	done	13	73c03e1a-f333-11f0-808a-438f0af4b9e9	2026-08-12T11:44:15Z	vol_5/chinese/[167]生灭智章/[197]a 集法随观篇 - 生起见 = 唯观生起的观法/[206]b 眼识 - 行蕴中的生起观法（第二种方法）.md	
0af0e8b0-fc2c-4a4f-b240-58d9e88203d3	[206]c	build_error	0	73c03e1a-f333-11f0-808a-438f0af4b9e9	2026-08-12T12:50:08Z	vol_5/chinese/[167]生灭智章/[197]a 集法随观篇 - 生起见 = 唯观生起的观法/[206]c 眼识 - 识蕴中的生起观法.md	分段行数不一致（远端 4 段 / 本地 4 段；第一处不同在第 4 段：远端 2 行、本地 1 行）
c67a046f-35a9-4d1b-924d-a7e4ef9fa474	[207]a	done	11	73c03e1a-f333-11f0-808a-438f0af4b9e9	2026-08-12T11:44:22Z	vol_5/chinese/[167]生灭智章/[197]a 集法随观篇 - 生起见 = 唯观生起的观法/[207]a 领受 - 受蕴中的生起观法.md	
0157383d-e641-46f2-8e72-913e240a6187	[207]b	done	11	73c03e1a-f333-11f0-808a-438f0af4b9e9	2026-08-12T11:44:27Z	vol_5/chinese/[167]生灭智章/[197]a 集法随观篇 - 生起见 = 唯观生起的观法/[207]b 领受 - 想蕴中的生起观法.md	
2a0ab4c6-626e-4be4-8181-4faaa15d5396	[207]c	done	11	73c03e1a-f333-11f0-808a-438f0af4b9e9	2026-08-12T11:46:32Z	vol_5/chinese/[167]生灭智章/[197]a 集法随观篇 - 生起见 = 唯观生起的观法/[207]c 领受 - 行蕴中的生起观法（第一种方法）.md	
908b5327-ebde-457a-9c59-43af171886b2	[208]a	done	12	73c03e1a-f333-11f0-808a-438f0af4b9e9	2026-08-12T11:46:37Z	vol_5/chinese/[167]生灭智章/[197]a 集法随观篇 - 生起见 = 唯观生起的观法/[208]a 领受 行蕴中的生起.md	
2f934bb9-6b5c-4539-957a-35ce065a8455	[208]b	build_error	0	73c03e1a-f333-11f0-808a-438f0af4b9e9	2026-08-12T12:50:10Z	vol_5/chinese/[167]生灭智章/[197]a 集法随观篇 - 生起见 = 唯观生起的观法/[208]b 领受 - 识蕴中的生起观法.md	分段行数不一致（远端 5 段 / 本地 5 段；第一处不同在第 4 段：远端 2 行、本地 1 行）
d821773a-4fe4-49fb-a25b-d11802952090	[209]a	done	6	73c03e1a-f333-11f0-808a-438f0af4b9e9	2026-08-12T11:46:42Z	vol_5/chinese/[167]生灭智章/[197]a 集法随观篇 - 生起见 = 唯观生起的观法/[209]a 眼门心路 - 大善第二速行.md	
7b77a79c-00d1-46a7-804e-254859401720	[209]b	done	9	73c03e1a-f333-11f0-808a-438f0af4b9e9	2026-08-12T11:46:47Z	vol_5/chinese/[167]生灭智章/[197]a 集法随观篇 - 生起见 = 唯观生起的观法/[209]b 色所缘线 - 意门心路 - 大善.md	
bff7d79e-c327-4c15-991d-f732ea4814c9	[210]b	done	26	73c03e1a-f333-11f0-808a-438f0af4b9e9	2026-08-12T11:46:52Z	vol_5/chinese/[167]生灭智章/[210]灭法随观篇/[210]b 所谓灭法随观者.md	
fdc81cf0-05ef-4e71-a172-14185f7f2b9a	[211]a	done	11	73c03e1a-f333-11f0-808a-438f0af4b9e9	2026-08-12T11:47:01Z	vol_5/chinese/[167]生灭智章/[210]灭法随观篇/[211]a 结生 - 色蕴中的灭观法.md	
af4f4e49-6855-4c90-8b02-388355ec19e7	[212]a	done	10	73c03e1a-f333-11f0-808a-438f0af4b9e9	2026-08-12T11:47:05Z	vol_5/chinese/[167]生灭智章/[210]灭法随观篇/[212]a 结生 - 受蕴中的灭观法.md	
4903886d-3a95-44a9-ad76-acfc8ffb05db	[212]b	done	10	73c03e1a-f333-11f0-808a-438f0af4b9e9	2026-08-12T11:47:09Z	vol_5/chinese/[167]生灭智章/[210]灭法随观篇/[212]b 结生 - 想蕴中的灭观法.md	
e6f1b3a2-996f-4888-acc6-c23663af49ed	[212]c	done	10	73c03e1a-f333-11f0-808a-438f0af4b9e9	2026-08-12T11:47:13Z	vol_5/chinese/[167]生灭智章/[210]灭法随观篇/[212]c 结生 - 行蕴中的灭观法.md	
84e8147c-172a-4470-bbf0-00e9b6f2f6d8	[213]a	done	10	73c03e1a-f333-11f0-808a-438f0af4b9e9	2026-08-12T11:47:17Z	vol_5/chinese/[167]生灭智章/[210]灭法随观篇/[213]a 结生 - 行蕴中的灭观法.md	
a33852cd-0718-4f70-b4d4-dc1414df9817	[213]b	done	22	73c03e1a-f333-11f0-808a-438f0af4b9e9	2026-08-12T11:47:22Z	vol_5/chinese/[167]生灭智章/[210]灭法随观篇/[213]b 结生 - 识蕴中的灭观法.md	
ee1d3ee4-7594-474f-bad0-49eaabc248c6	[214]b	build_error	0	73c03e1a-f333-11f0-808a-438f0af4b9e9	2026-08-12T12:50:12Z	vol_5/chinese/[167]生灭智章/[210]灭法随观篇/[214]b 眼识 - 色蕴中的灭观法.md	分段行数不一致（远端 3 段 / 本地 2 段；第一处不同在第 2 段：远端 10 行、本地 12 行）
8f10da62-7e54-4589-bb17-97b8acd8a912	[215]a	done	12	73c03e1a-f333-11f0-808a-438f0af4b9e9	2026-08-12T11:47:28Z	vol_5/chinese/[167]生灭智章/[210]灭法随观篇/[215]a 眼识 - 想蕴中的灭观法.md	
fa149ec4-e7ec-4e5d-acaf-00cee7bf3139	[215]b	done	12	73c03e1a-f333-11f0-808a-438f0af4b9e9	2026-08-12T11:47:32Z	vol_5/chinese/[167]生灭智章/[210]灭法随观篇/[215]b 眼识 - 行蕴中的灭观法.md	
ad988920-f002-480c-a58a-6e41fe698015	[215]c	done	12	73c03e1a-f333-11f0-808a-438f0af4b9e9	2026-08-12T11:47:37Z	vol_5/chinese/[167]生灭智章/[210]灭法随观篇/[215]c 眼识 - 行蕴中的灭观法.md	
43f5e60f-3f03-4e4e-bd94-8fba8cbea229	[216]a	done	10	73c03e1a-f333-11f0-808a-438f0af4b9e9	2026-08-12T11:47:40Z	vol_5/chinese/[167]生灭智章/[210]灭法随观篇/[216]a 眼识 - 识蕴中的灭观法.md	
7b89f6b7-edf6-493d-81f3-0dbe0bbabc67	[216]b	done	17	73c03e1a-f333-11f0-808a-438f0af4b9e9	2026-08-12T11:47:45Z	vol_5/chinese/[167]生灭智章/[210]灭法随观篇/[216]b 一般性建议.md	
987ce624-a83c-4cc8-aa33-918d2060b85e	[217]a	done	13	73c03e1a-f333-11f0-808a-438f0af4b9e9	2026-08-12T11:47:49Z	vol_5/chinese/[167]生灭智章/[210]灭法随观篇/[217]a 耳识 - 色蕴中的生起观法.md	
5e5c75d4-5359-445e-b8cd-3adfc6fda00e	[217]b	done	13	73c03e1a-f333-11f0-808a-438f0af4b9e9	2026-08-12T11:47:53Z	vol_5/chinese/[167]生灭智章/[210]灭法随观篇/[217]b 耳识 - 色蕴中的灭观法.md	
439e7b78-7091-481b-bd51-34cbdd7909c2	[218]a	done	12	73c03e1a-f333-11f0-808a-438f0af4b9e9	2026-08-12T11:47:57Z	vol_5/chinese/[167]生灭智章/[210]灭法随观篇/[218]a 耳识 - 受蕴中的生起观法.md	
217014f6-46f3-4329-b4ae-7646c90b2eee	[218]b	done	13	73c03e1a-f333-11f0-808a-438f0af4b9e9	2026-08-12T11:48:02Z	vol_5/chinese/[167]生灭智章/[210]灭法随观篇/[218]b 耳识 - 受蕴中的灭观法.md	
dba7c38d-9684-402e-b4ef-cf1bd84167ea	[218]c	done	10	73c03e1a-f333-11f0-808a-438f0af4b9e9	2026-08-12T11:50:07Z	vol_5/chinese/[167]生灭智章/[210]灭法随观篇/[218]c 耳识 - 识蕴中的生起观法.md	
fd248264-00f8-43b1-9ac7-eeba7663b886	[219]	done	40	73c03e1a-f333-11f0-808a-438f0af4b9e9	2026-08-12T11:50:13Z	vol_5/chinese/[167]生灭智章/[210]灭法随观篇/[219] 耳识 - 识蕴中的灭观法.md	
05efeb9d-170b-4a5a-b089-5ab0f761c725	[221]a	done	1	73c03e1a-f333-11f0-808a-438f0af4b9e9	2026-08-12T11:50:16Z	vol_5/chinese/[167]生灭智章/[221]集灭法随观篇/[221]a 集灭法随观篇.md	
77780372-76d6-4f46-84ae-825129decf07	[221]b	done	24	73c03e1a-f333-11f0-808a-438f0af4b9e9	2026-08-12T11:50:21Z	vol_5/chinese/[167]生灭智章/[221]集灭法随观篇/[221]b 所谓集灭法随观.md	
46580f18-7981-4b8f-ba73-a2ca77f96645	[222]	build_error	0	73c03e1a-f333-11f0-808a-438f0af4b9e9	2026-08-12T12:50:16Z	vol_5/chinese/[167]生灭智章/[221]集灭法随观篇/[222] 结生 - 色蕴中生灭的观法.md	分段行数不一致（远端 8 段 / 本地 7 段；第一处不同在第 1 段：远端 1 行、本地 2 行）
0b5d8b19-b371-4430-9047-b26c3eb90c87	[223]	done	50	73c03e1a-f333-11f0-808a-438f0af4b9e9	2026-08-12T11:50:30Z	vol_5/chinese/[167]生灭智章/[221]集灭法随观篇/[223] 结生 - 受蕴中 生灭观法.md	
91ddd443-29fe-4bb0-b32b-866efdd71688	[224]	build_error	0	73c03e1a-f333-11f0-808a-438f0af4b9e9	2026-08-12T12:50:19Z	vol_5/chinese/[167]生灭智章/[221]集灭法随观篇/[224] 结生 - 行蕴中生灭观法.md	分段行数不一致（远端 10 段 / 本地 9 段；第一处不同在第 1 段：远端 1 行、本地 2 行）
e0d03243-7ebf-40fc-8a7f-6aa90f369ed7	[225]	done	27	73c03e1a-f333-11f0-808a-438f0af4b9e9	2026-08-12T11:50:39Z	vol_5/chinese/[167]生灭智章/[221]集灭法随观篇/[225] 结生 - 识蕴中生灭观法.md	
1d1c795a-eb9b-4eda-81b7-1f38a5b6a3af	[226]	done	46	73c03e1a-f333-11f0-808a-438f0af4b9e9	2026-08-12T11:50:45Z	vol_5/chinese/[167]生灭智章/[221]集灭法随观篇/[226] 有分色蕴等色蕴中的生灭观察法.md	
12806374-167f-4fae-bbbd-6a14489d3197	[228]	done	13	73c03e1a-f333-11f0-808a-438f0af4b9e9	2026-08-12T11:50:49Z	vol_5/chinese/[167]生灭智章/[221]集灭法随观篇/[228] 《无碍解道》义注的主张.md	
235a9999-b33c-4cb8-b657-57e67cd7641d	[229]	done	49	73c03e1a-f333-11f0-808a-438f0af4b9e9	2026-08-12T11:50:56Z	vol_5/chinese/[167]生灭智章/[221]集灭法随观篇/[229] 大复注的回辩.md	
031aa406-cca3-4f6b-8912-08a38d1fe870	[231]	done	57	73c03e1a-f333-11f0-808a-438f0af4b9e9	2026-08-12T11:51:04Z	vol_5/chinese/[167]生灭智章/[221]集灭法随观篇/[231] 补充说明.md	
26d5080c-bb4a-42d8-923c-15698e7e9223	[234]	done	26	73c03e1a-f333-11f0-808a-438f0af4b9e9	2026-08-12T11:51:09Z	vol_5/chinese/[167]生灭智章/[221]集灭法随观篇/[234] 与诸大义注相符合.md	
9264695e-0bcb-42c8-ad8c-1f6020673666	[236]	done	44	73c03e1a-f333-11f0-808a-438f0af4b9e9	2026-08-12T11:51:16Z	vol_5/chinese/[167]生灭智章/[221]集灭法随观篇/[236] 谛 - 缘起法 - 法 - 相.md	
546cee7f-f25a-42ca-b7e4-624076438fcc	[239]	done	14	73c03e1a-f333-11f0-808a-438f0af4b9e9	2026-08-12T11:51:21Z	vol_5/chinese/[167]生灭智章/[221]集灭法随观篇/[239] 缘起法体性显现的样子.md	
971e2d27-bc07-48c5-b187-99053b690fda	[240]	done	39	73c03e1a-f333-11f0-808a-438f0af4b9e9	2026-08-12T11:51:26Z	vol_5/chinese/[167]生灭智章/[221]集灭法随观篇/[240] 四理显现的情形.md	
3808ef42-d423-44ce-82c8-ff462a48fa53	[242]	done	29	73c03e1a-f333-11f0-808a-438f0af4b9e9	2026-08-12T11:51:32Z	vol_5/chinese/[167]生灭智章/[221]集灭法随观篇/[242] 五种相显现之相.md	
f009e249-1497-46e3-b14b-618992c5b074	[245]a	done	5	73c03e1a-f333-11f0-808a-438f0af4b9e9	2026-08-12T11:51:35Z	vol_5/chinese/[167]生灭智章/[221]集灭法随观篇/[245]a 不成熟观智.md	
57d208d7-7ea0-4209-af62-c21d22e8b719	[245]b	done	62	73c03e1a-f333-11f0-808a-438f0af4b9e9	2026-08-12T11:51:44Z	vol_5/chinese/[167]生灭智章/[221]集灭法随观篇/[245]b 萨迦格的提问 - 佛陀的回答.md	
8574b30a-b162-4ff7-a77c-03ee411553bb	[248]	done	19	73c03e1a-f333-11f0-808a-438f0af4b9e9	2026-08-12T11:51:48Z	vol_5/chinese/[167]生灭智章/[221]集灭法随观篇/[248] 念处修行次第 - 第三阶.md	
9b8bf8fd-0fbe-48cd-8f8c-069cbf4c95c0	[249]	done	9	73c03e1a-f333-11f0-808a-438f0af4b9e9	2026-08-12T11:51:52Z	vol_5/chinese/[167]生灭智章/[221]集灭法随观篇/[249] 十种观随烦恼.md	
3f3b70a0-e9fa-47f3-9321-23799b244707	[250]	done	22	73c03e1a-f333-11f0-808a-438f0af4b9e9	2026-08-12T11:51:57Z	vol_5/chinese/[167]生灭智章/[221]集灭法随观篇/[250] 《无碍解道》巴利圣典中开示的方式.md	
897e8d7a-8b66-4b96-ae4f-3c671c09624b	[251]	done	64	73c03e1a-f333-11f0-808a-438f0af4b9e9	2026-08-12T11:52:06Z	vol_5/chinese/[167]生灭智章/[221]集灭法随观篇/[251] 一、光明 = 光亮.md	
9ebfc71d-aece-413f-91e1-8427e59652fb	[254]	done	24	73c03e1a-f333-11f0-808a-438f0af4b9e9	2026-08-12T11:52:11Z	vol_5/chinese/[167]生灭智章/[221]集灭法随观篇/[254] 大龙长老.md	
0783d515-322c-4274-99d6-928dddbdda64	[256]a	done	3	73c03e1a-f333-11f0-808a-438f0af4b9e9	2026-08-12T11:52:14Z	vol_5/chinese/[167]生灭智章/[221]集灭法随观篇/[256]a 二、智=观智.md	
ec0ee708-e729-4b92-bf1e-15f0581f0cd4	[256]b	done	8	73c03e1a-f333-11f0-808a-438f0af4b9e9	2026-08-12T11:52:18Z	vol_5/chinese/[167]生灭智章/[221]集灭法随观篇/[256]b 三、喜 = 观喜.md	
cee6b967-77fe-4a7d-89ae-fbd7d4c77377	[256]c	done	49	73c03e1a-f333-11f0-808a-438f0af4b9e9	2026-08-12T11:52:24Z	vol_5/chinese/[167]生灭智章/[221]集灭法随观篇/[256]c 四、轻安 = 观轻安.md	
db6c64fe-f457-47e6-9224-4b26ac0cac23	[258]	done	5	73c03e1a-f333-11f0-808a-438f0af4b9e9	2026-08-12T11:52:28Z	vol_5/chinese/[167]生灭智章/[221]集灭法随观篇/[258] 5. 乐 = 观乐.md	
5758e2ee-5b5a-4b89-b2d3-ed84f40e0efa	[259]a	done	5	73c03e1a-f333-11f0-808a-438f0af4b9e9	2026-08-12T11:52:32Z	vol_5/chinese/[167]生灭智章/[221]集灭法随观篇/[259]a 六、胜解 = 信心胜解.md	
2fd0aa9a-ed43-46c0-84e1-fc7a5bc66ac7	[259]b	done	5	73c03e1a-f333-11f0-808a-438f0af4b9e9	2026-08-12T11:52:36Z	vol_5/chinese/[167]生灭智章/[221]集灭法随观篇/[259]b 七、支持 = 观精进.md	
86a124c5-e6b5-4919-a8ba-3507df3035df	[259]c	done	8	73c03e1a-f333-11f0-808a-438f0af4b9e9	2026-08-12T11:52:40Z	vol_5/chinese/[167]生灭智章/[221]集灭法随观篇/[259]c 八、建立 = 观念.md	
2c2ac249-984b-4a0c-bba5-c1bd2dbe2277	[260]	done	8	73c03e1a-f333-11f0-808a-438f0af4b9e9	2026-08-12T11:52:44Z	vol_5/chinese/[167]生灭智章/[221]集灭法随观篇/[260] 九、舍 = 观舍 + 转向舍.md	
e1a8b2d6-17e4-4341-93fc-3dcbd7e23385	[261]a	done	3	73c03e1a-f333-11f0-808a-438f0af4b9e9	2026-08-12T11:52:48Z	vol_5/chinese/[167]生灭智章/[221]集灭法随观篇/[261]a 转向的锐利.md	
411add04-33a1-4cb4-8785-bba5e0578e07	[261]b	done	23	73c03e1a-f333-11f0-808a-438f0af4b9e9	2026-08-12T11:52:52Z	vol_5/chinese/[167]生灭智章/[221]集灭法随观篇/[261]b 十、微细的欲求 = 观微细欲求.md	
411c04ec-b6ed-4894-a741-a4f9aa6d005d	[262]	done	22	73c03e1a-f333-11f0-808a-438f0af4b9e9	2026-08-12T11:52:57Z	vol_5/chinese/[167]生灭智章/[221]集灭法随观篇/[262] 随烦恼与随烦恼依处.md	
0e3ebf14-0eff-447a-b628-c71a36b5b3ca	[263]	done	66	73c03e1a-f333-11f0-808a-438f0af4b9e9	2026-08-12T11:53:06Z	vol_5/chinese/[167]生灭智章/[221]集灭法随观篇/[263] 辨别是不是圣道.md	
36bcc5e0-1fa2-4745-a75b-6cf2d6d06640	[266]	done	8	73c03e1a-f333-11f0-808a-438f0af4b9e9	2026-08-12T11:53:09Z	vol_5/chinese/[167]生灭智章/[221]集灭法随观篇/[266] 利益功德 果益.md	
7cb4ac55-5daf-47f4-8ce6-2df374f0435e	[267]a	done	1	73c03e1a-f333-11f0-808a-438f0af4b9e9	2026-08-12T11:53:13Z	vol_5/chinese/[267]行道智见清净释/[267]a 行道智见清净释.md	
71180347-0b53-4fdc-a544-bff3cc472ea8	[267]b	done	35	73c03e1a-f333-11f0-808a-438f0af4b9e9	2026-08-12T11:53:18Z	vol_5/chinese/[267]行道智见清净释/[267]b 从随烦恼中解脱出来的生灭.md	
a0b1ec47-307e-467f-9fa5-9d2b2033cc18	[269]	done	78	73c03e1a-f333-11f0-808a-438f0af4b9e9	2026-08-12T11:53:28Z	vol_5/chinese/[267]行道智见清净释/[269] 三种特相的不显现与显现.md	
0932d25b-d9f8-47f3-ad55-7d65e27ad66e	[273]	done	23	73c03e1a-f333-11f0-808a-438f0af4b9e9	2026-08-12T11:53:33Z	vol_5/chinese/[267]行道智见清净释/[273] 此所生概念.md	
98ae3833-a97d-4edc-a8f2-9c5d77e50373	[275]	done	29	73c03e1a-f333-11f0-808a-438f0af4b9e9	2026-08-12T11:53:38Z	vol_5/chinese/[267]行道智见清净释/[275] 请架设特相之车.md	
e5789135-5a06-4d14-82a8-766cf1ccb7a9	[276]	done	43	73c03e1a-f333-11f0-808a-438f0af4b9e9	2026-08-12T11:53:44Z	vol_5/chinese/[267]行道智见清净释/[276] 威仪-正知观法.md	
59760ab5-1989-4f47-b4bb-1a5d4322f89b	[278]	done	1	73c03e1a-f333-11f0-808a-438f0af4b9e9	2026-08-12T11:53:48Z	vol_5/chinese/[278]坏灭随观智章/[278] 坏灭随观智章.md	
8f08f997-86b5-4627-a482-88501f9c364d	[278]b	done	103	73c03e1a-f333-11f0-808a-438f0af4b9e9	2026-08-12T11:54:01Z	vol_5/chinese/[278]坏灭随观智章/[278]b 所谓坏灭随观智.md	
aefe702d-e682-46e8-b103-a2a45ef97d5c	[283]	done	31	73c03e1a-f333-11f0-808a-438f0af4b9e9	2026-08-12T11:54:06Z	vol_5/chinese/[278]坏灭随观智章/[283] 所谓灭尽.md	
8f1d318e-1e0f-4c22-ad98-130716e7f8e9	[284]	done	26	73c03e1a-f333-11f0-808a-438f0af4b9e9	2026-08-12T11:54:11Z	vol_5/chinese/[278]坏灭随观智章/[284] 坏灭随观智所观的究竟法.md	
6c33e3f5-cbac-4c59-8521-6c532b03e531	[285]	done	18	73c03e1a-f333-11f0-808a-438f0af4b9e9	2026-08-12T11:54:16Z	vol_5/chinese/[278]坏灭随观智章/[285] 应铭记的纲要.md	
4b5a3aaa-8590-4307-a358-aa83597e5c4a	[286]	done	6	73c03e1a-f333-11f0-808a-438f0af4b9e9	2026-08-12T11:54:19Z	vol_5/chinese/[278]坏灭随观智章/[286] 三种特相.md	
123bfcde-afb2-4738-ae36-c4b2bf9aeea5	[287]a	done	12	73c03e1a-f333-11f0-808a-438f0af4b9e9	2026-08-12T11:54:23Z	vol_5/chinese/[278]坏灭随观智章/[287]a 所谓观心.md	
063acea8-ecf6-4963-ab8a-b428074a4c8d	[287]b	done	28	73c03e1a-f333-11f0-808a-438f0af4b9e9	2026-08-12T11:54:28Z	vol_5/chinese/[278]坏灭随观智章/[287]b 观照格式的样式.md	
e550e1be-730d-4bb9-ab66-12ee453da5c6	[288]	done	47	73c03e1a-f333-11f0-808a-438f0af4b9e9	2026-08-12T11:54:34Z	vol_5/chinese/[278]坏灭随观智章/[288] 坏灭智的一块试金石.md	
535d4623-de56-41e1-9ce1-9fe5bad24c93	[291]	done	30	73c03e1a-f333-11f0-808a-438f0af4b9e9	2026-08-12T11:54:40Z	vol_5/chinese/[278]坏灭随观智章/[291] 四念处 = 四随观.md	
bf9e5bf1-d1e5-474a-9a2c-5de6feafd898	[293]a	done	4	73c03e1a-f333-11f0-808a-438f0af4b9e9	2026-08-12T11:54:43Z	vol_5/chinese/[278]坏灭随观智章/[293]a 依处 + 所缘 + 受.md	
31467b3c-c0f2-437c-8a5d-0264eb37b56b	[293]b	done	4	73c03e1a-f333-11f0-808a-438f0af4b9e9	2026-08-12T11:54:46Z	vol_5/chinese/[278]坏灭随观智章/[293]b 依处 + 所缘 + 识.md	
996ae84a-0c9c-484f-8992-fae7cc8fac42	[293]c	done	19	73c03e1a-f333-11f0-808a-438f0af4b9e9	2026-08-12T11:54:51Z	vol_5/chinese/[278]坏灭随观智章/[293]c 依处 + 所缘 + 触.md	
3efde07c-fbe6-4ccc-9284-e265deb0659b	[294]	done	17	73c03e1a-f333-11f0-808a-438f0af4b9e9	2026-08-12T11:54:55Z	vol_5/chinese/[278]坏灭随观智章/[294] 修观的智.md	
7c10df37-a14a-46c2-b2ed-b7e814a833b6	[295]	done	20	73c03e1a-f333-11f0-808a-438f0af4b9e9	2026-08-12T11:55:00Z	vol_5/chinese/[278]坏灭随观智章/[295] 利益功德 功德利益.md	
ed61df11-292c-46d5-872c-4e62e9b3bbf8	[296]	done	11	73c03e1a-f333-11f0-808a-438f0af4b9e9	2026-08-12T11:55:04Z	vol_5/chinese/[278]坏灭随观智章/[296] 请安立特相之车.md	
7f8ab96b-28bc-4a87-a627-6405e01c5c19	[297]a	done	11	73c03e1a-f333-11f0-808a-438f0af4b9e9	2026-08-12T11:55:09Z	vol_5/chinese/[278]坏灭随观智章/[297]a 修观时集的灭去方式.md	
f05f8c90-7cad-46a4-a0ba-44f3b6ff1da0	[297]b	done	52	73c03e1a-f333-11f0-808a-438f0af4b9e9	2026-08-12T11:55:16Z	vol_5/chinese/[278]坏灭随观智章/[297]b 以随类智推度而观的方式.md	
c8da8122-7145-4694-9870-78d6695205e8	[300]	done	178	73c03e1a-f333-11f0-808a-438f0af4b9e9	2026-08-12T11:55:35Z	vol_5/chinese/[278]坏灭随观智章/[300] 能离能舍.md	
a3e5393b-b7cb-48ff-bcf6-60305fff07a6	[308]	done	31	73c03e1a-f333-11f0-808a-438f0af4b9e9	2026-08-12T11:55:41Z	vol_5/chinese/[278]坏灭随观智章/[308] 由八种利益功德所围绕.md	
ad0b945e-ca6f-4dec-bce0-d120617e34bb	[309]a	done	8	73c03e1a-f333-11f0-808a-438f0af4b9e9	2026-08-12T11:55:45Z	vol_5/chinese/[278]坏灭随观智章/[309]a 趣入四念处的方式.md	
8d09c12a-9aba-4d68-8275-118cd8feef47	[309]b	done	8	73c03e1a-f333-11f0-808a-438f0af4b9e9	2026-08-12T11:55:49Z	vol_5/chinese/[278]坏灭随观智章/[309]b (一) 第一组四法.md	
2ae31e11-478a-4215-91a8-2d092cbac518	[310]	done	31	73c03e1a-f333-11f0-808a-438f0af4b9e9	2026-08-12T11:55:54Z	vol_5/chinese/[278]坏灭随观智章/[310] (二) 第二组四法.md	
25fc9ce9-aa30-442a-bbd2-6371db1f6e3a	[311]a	done	8	73c03e1a-f333-11f0-808a-438f0af4b9e9	2026-08-12T11:55:58Z	vol_5/chinese/[278]坏灭随观智章/[311]a (甲) 觉知喜.md	
2f1dd9b3-be46-4cc5-a784-267013d28547	[311]b	done	20	73c03e1a-f333-11f0-808a-438f0af4b9e9	2026-08-12T11:56:02Z	vol_5/chinese/[278]坏灭随观智章/[311]b (乙) 觉知乐.md	
16bf1dbd-9371-4e12-8601-62bb2d4b293a	[313]a	done	13	73c03e1a-f333-11f0-808a-438f0af4b9e9	2026-08-12T11:56:07Z	vol_5/chinese/[278]坏灭随观智章/[313]a (丙) 觉知心行.md	
6a3f490b-1480-40c7-b115-83014ab80624	[313]b	done	5	73c03e1a-f333-11f0-808a-438f0af4b9e9	2026-08-12T11:56:11Z	vol_5/chinese/[278]坏灭随观智章/[313]b (ဃ) 平息心行.md	
e14e816d-628a-4d55-a7fa-b97a72fa30c3	[314]a	done	8	73c03e1a-f333-11f0-808a-438f0af4b9e9	2026-08-12T11:56:20Z	vol_5/chinese/[278]坏灭随观智章/[314]a 受随观.md	
0bd5920e-d1c5-4149-b6ce-41bb9bf09afc	[314]b	done	7	73c03e1a-f333-11f0-808a-438f0af4b9e9	2026-08-12T11:56:24Z	vol_5/chinese/[278]坏灭随观智章/[314]b 是否只观照受这一种？.md	
417c0fbd-6c8f-4396-9fce-05cef20aeb21	[314]c	done	22	73c03e1a-f333-11f0-808a-438f0af4b9e9	2026-08-12T11:56:29Z	vol_5/chinese/[278]坏灭随观智章/[314]c (三) 第三组四法.md	
7ec5e255-be0c-48a1-89c6-d6131c5ed575	[315]	done	10	73c03e1a-f333-11f0-808a-438f0af4b9e9	2026-08-12T11:56:33Z	vol_5/chinese/[278]坏灭随观智章/[315] (甲) 觉知心.md	
0b287837-da71-4e1b-bf9d-3152ac73ff06	[316]	done	20	73c03e1a-f333-11f0-808a-438f0af4b9e9	2026-08-12T11:56:37Z	vol_5/chinese/[278]坏灭随观智章/[316] (乙) 令心欢悦.md	
af3357d5-78e1-4d42-8e48-209e80190598	[317]	done	26	73c03e1a-f333-11f0-808a-438f0af4b9e9	2026-08-12T11:56:42Z	vol_5/chinese/[278]坏灭随观智章/[317] (丙) 令心等持.md	
74a38c44-65c0-4a71-b588-0e0bed8d8a24	[318]	done	34	73c03e1a-f333-11f0-808a-438f0af4b9e9	2026-08-12T11:56:48Z	vol_5/chinese/[278]坏灭随观智章/[318] (丁) 令心解脱.md	
db1f5a73-570d-4110-97a1-b81f7aa6abc2	[320]	done	14	73c03e1a-f333-11f0-808a-438f0af4b9e9	2026-08-12T11:56:52Z	vol_5/chinese/[278]坏灭随观智章/[320] 见与未见之法.md	
ea3e3329-28ac-49ec-8e89-23894e74c277	[321]	done	5	73c03e1a-f333-11f0-808a-438f0af4b9e9	2026-08-12T11:56:56Z	vol_5/chinese/[278]坏灭随观智章/[321] 只须观照单一的心吗？.md	
e599c8eb-eca9-4aa2-a256-02683246ba78	[321]b	done	21	73c03e1a-f333-11f0-808a-438f0af4b9e9	2026-08-12T11:57:01Z	vol_5/chinese/[278]坏灭随观智章/[321]b (四) 第四组四法.md	
15174dd5-b02a-453f-8906-921189d84f86	[322]	done	29	73c03e1a-f333-11f0-808a-438f0af4b9e9	2026-08-12T11:57:06Z	vol_5/chinese/[278]坏灭随观智章/[322] (甲) 无常随观者.md	
57115b79-f248-4c68-8cbe-53ae4d317ec9	[324]	done	21	73c03e1a-f333-11f0-808a-438f0af4b9e9	2026-08-12T11:57:11Z	vol_5/chinese/[278]坏灭随观智章/[324] (ခ) 离染随观者.md	
ea728bd0-568f-48a2-86ad-ab3abd41943d	[325]a	done	8	73c03e1a-f333-11f0-808a-438f0af4b9e9	2026-08-12T11:57:15Z	vol_5/chinese/[278]坏灭随观智章/[325]a (ဂ) 灭尽随观者.md	
bad5506c-91b0-4dd1-8ce7-161ffbbfd0e8	[325]b	done	17	73c03e1a-f333-11f0-808a-438f0af4b9e9	2026-08-12T11:57:20Z	vol_5/chinese/[278]坏灭随观智章/[325]b (ဃ) 定弃观者.md	
f7b6cffd-0934-4dfb-91a9-c4fb3ea7c2f1	[326]	done	32	73c03e1a-f333-11f0-808a-438f0af4b9e9	2026-08-12T11:57:25Z	vol_5/chinese/[278]坏灭随观智章/[326] 纯观与止观.md	
f47925a2-6ade-4a1a-8247-157ec8204df7	[327]	done	11	73c03e1a-f333-11f0-808a-438f0af4b9e9	2026-08-12T11:57:30Z	vol_5/chinese/[278]坏灭随观智章/[327] 已抵达念处行道的第四阶段.md	
82357f22-eafa-457a-91a6-89fb4dcbdae9	[328]	done	6	73c03e1a-f333-11f0-808a-438f0af4b9e9	2026-08-12T11:57:33Z	vol_5/chinese/[278]坏灭随观智章/[328] 威仪 - 正知观法.md	
d7375d21-00b8-43fb-ae8e-607540759293	[329]	done	10	73c03e1a-f333-11f0-808a-438f0af4b9e9	2026-08-12T11:57:37Z	vol_5/chinese/[278]坏灭随观智章/[329] 死者 - 活者 = 死人与活人.md	
37eabbfe-50cf-4af2-ae4c-bcf5b70db83d	[330]a	done	1	73c03e1a-f333-11f0-808a-438f0af4b9e9	2026-08-12T11:57:41Z	vol_5/chinese/[330]怖畏现起智章/[330]a 怖畏现起智章.md	
8da87082-79ac-4f87-b88d-65a3517a0b77	[330]b	done	5	73c03e1a-f333-11f0-808a-438f0af4b9e9	2026-08-12T11:57:45Z	vol_5/chinese/[330]怖畏现起智章/[330]b 所谓怖畏智.md	
56d61c46-f11c-4b8f-ab80-746872dce624	[330]c	done	10	73c03e1a-f333-11f0-808a-438f0af4b9e9	2026-08-12T11:58:21Z	vol_5/chinese/[330]怖畏现起智章/[330]c 怖畏智会害怕吗？.md	
d15589f2-f696-44f5-837f-86f297ded3c2	[331]a	done	12	73c03e1a-f333-11f0-808a-438f0af4b9e9	2026-08-12T11:58:26Z	vol_5/chinese/[330]怖畏现起智章/[331]a 所谓现在.md	
2d41c02f-9eca-45bc-bf9d-8bd4c9c467b5	[331]b	done	7	73c03e1a-f333-11f0-808a-438f0af4b9e9	2026-08-12T11:58:31Z	vol_5/chinese/[330]怖畏现起智章/[331]b 世间的譬喻.md	
158bfa4f-602a-4591-85ce-96b74a1129c6	[332]	done	18	73c03e1a-f333-11f0-808a-438f0af4b9e9	2026-08-12T11:58:39Z	vol_5/chinese/[330]怖畏现起智章/[332] 以可怕的畏惧自性而显现的样子.md	
a5bb8fb7-2170-4904-ba5a-414188da2562	[333]b	done	15	73c03e1a-f333-11f0-808a-438f0af4b9e9	2026-08-12T11:58:44Z	vol_5/chinese/[330]怖畏现起智章/[333]b 怖畏智的所观所缘法.md	
f50041bf-c907-42f5-a215-da19d3caffe5	[334]	done	16	73c03e1a-f333-11f0-808a-438f0af4b9e9	2026-08-12T11:58:48Z	vol_5/chinese/[334]过患随观智章/[334] 过患随观智章.md	
c669902e-443c-4615-b355-9faf7f5f7042	[335]	done	50	73c03e1a-f333-11f0-808a-438f0af4b9e9	2026-08-12T11:58:55Z	vol_5/chinese/[334]过患随观智章/[335] 在《无碍解道》巴利圣典中所开示的方式.md	
39e50f18-5a4c-4c50-a903-b18dd8ed2bc6	[337]	done	29	73c03e1a-f333-11f0-808a-438f0af4b9e9	2026-08-12T11:59:00Z	vol_5/chinese/[334]过患随观智章/[337] 苦 - 有诱饵 - 行.md	
4e5293a9-4b5a-43ca-b96b-8c230f2376fa	[339]	done	18	73c03e1a-f333-11f0-808a-438f0af4b9e9	2026-08-12T11:59:05Z	vol_5/chinese/[334]过患随观智章/[339] (10)种智.md	
29314bc1-70f2-4726-b0ec-ba971bb3c3f1	[340]	done	1	73c03e1a-f333-11f0-808a-438f0af4b9e9	2026-08-12T11:59:08Z	vol_5/chinese/[340]厌离随观智章/[340] 厌离随观智章.md	
99909546-47ae-4f56-b545-80e1c4021da8	[340]b	done	9	73c03e1a-f333-11f0-808a-438f0af4b9e9	2026-08-12T11:59:12Z	vol_5/chinese/[340]厌离随观智章/[340]b 厌离随观智 = 倦厌智.md	
33af2dec-1c17-42a7-aab6-f6a07638fd9c	[341]	done	8	73c03e1a-f333-11f0-808a-438f0af4b9e9	2026-08-12T11:59:17Z	vol_5/chinese/[340]厌离随观智章/[341] 法体义理相同的三种智.md	
c4dfaffd-14ff-4a67-9e38-c435d3b80d4b	[342]	done	14	73c03e1a-f333-11f0-808a-438f0af4b9e9	2026-08-12T11:59:21Z	vol_5/chinese/[342]欲解脱智章 .md/[342] 欲解脱智章 = 行法.md	
81c450fb-c8b5-444e-91ca-38aabfdd9e98	[343]b	done	20	73c03e1a-f333-11f0-808a-438f0af4b9e9	2026-08-12T11:59:26Z	vol_5/chinese/[343]省察随观智章/[343]b 省察随观智.md	
d04bae32-5360-4ab6-9035-4ef15b357816	[344]a	done	18	73c03e1a-f333-11f0-808a-438f0af4b9e9	2026-08-12T11:59:31Z	vol_5/chinese/[343]省察随观智章/[344]a 观为无常的方法.md	
0c294cbb-ac1b-42e2-b4b6-0871dfa235ff	[344]b	done	29	73c03e1a-f333-11f0-808a-438f0af4b9e9	2026-08-12T11:59:36Z	vol_5/chinese/[343]省察随观智章/[344]b 观为苦的方式.md	
cfb06428-352d-43c1-a10d-750e8dc9cb24	[346]a	done	11	73c03e1a-f333-11f0-808a-438f0af4b9e9	2026-08-12T11:59:41Z	vol_5/chinese/[343]省察随观智章/[346]a 视为不净的观法.md	
5e44adb3-9888-48e6-b570-0a195f37eda9	[346]b	done	13	73c03e1a-f333-11f0-808a-438f0af4b9e9	2026-08-12T11:59:45Z	vol_5/chinese/[343]省察随观智章/[346]b 观为无我的方式.md	
a9f37114-aba0-447e-a970-d7b523879aa8	[347]a	done	3	73c03e1a-f333-11f0-808a-438f0af4b9e9	2026-08-12T11:59:49Z	vol_5/chinese/[343]省察随观智章/[347]a 一则世间譬喻.md	
eefd908c-53e9-44c1-9823-2ac38d2a0b27	[347]b	done	16	73c03e1a-f333-11f0-808a-438f0af4b9e9	2026-08-12T11:59:53Z	vol_5/chinese/[343]省察随观智章/[347]b 《无碍解道》圣典的开示.md	
6da44964-1ace-4d1e-b5ce-2cdaee52608e	[349]b	done	18	73c03e1a-f333-11f0-808a-438f0af4b9e9	2026-08-12T11:59:59Z	vol_5/chinese/[349]行舍智章/[349]b 二分空随观.md	
a7bb0637-a48b-4b8d-8274-2b23bb251604	[350]	done	15	73c03e1a-f333-11f0-808a-438f0af4b9e9	2026-08-12T12:00:04Z	vol_5/chinese/[349]行舍智章/[350] 四分空随观.md	
0b05348c-5051-4656-9374-232a5c6d4b6a	[351]a	done	5	73c03e1a-f333-11f0-808a-438f0af4b9e9	2026-08-12T12:00:07Z	vol_5/chinese/[349]行舍智章/[351]a 一、我不在任何处.md	
6ec61bd9-ea92-44e8-8844-516d8e1e6c58	[351]b	done	14	73c03e1a-f333-11f0-808a-438f0af4b9e9	2026-08-12T12:00:12Z	vol_5/chinese/[349]行舍智章/[351]b 二、不属于任何人的任何所属.md	
ec7ab23d-a2fc-4dfd-ab05-42319975ad1f	[352]a	done	3	73c03e1a-f333-11f0-808a-438f0af4b9e9	2026-08-12T12:00:15Z	vol_5/chinese/[349]行舍智章/[352]a 我、我所、空性.md	
b036e213-e040-4f3b-9f6b-389ffa51aa44	[352]b	done	3	73c03e1a-f333-11f0-808a-438f0af4b9e9	2026-08-12T12:00:18Z	vol_5/chinese/[349]行舍智章/[352]b 三、不属于我的任何处.md	
cd9a11c1-efd9-4656-a3b3-b530a5f6ba23	[352]c	done	13	73c03e1a-f333-11f0-808a-438f0af4b9e9	2026-08-12T12:00:22Z	vol_5/chinese/[349]行舍智章/[352]c 四、不属于我的任何所属.md	
38cd34c0-dc6b-4231-a8d1-ddf331d703e3	[353]	done	18	73c03e1a-f333-11f0-808a-438f0af4b9e9	2026-08-12T12:00:27Z	vol_5/chinese/[349]行舍智章/[353] 六分 - 六行相空性随观.md	
25318ccf-875c-49bc-9b34-d56fc8f8c11f	[354]b	done	20	73c03e1a-f333-11f0-808a-438f0af4b9e9	2026-08-12T12:00:36Z	vol_5/chinese/[349]行舍智章/[354]b 十行相 = 十分空性随观.md	
5a925966-23bc-47f0-a6b2-9d3bb32aad88	[355]	done	21	73c03e1a-f333-11f0-808a-438f0af4b9e9	2026-08-12T12:00:41Z	vol_5/chinese/[349]行舍智章/[355] 十二行相空性随观.md	
8db245b5-d2c6-4df5-9387-27ca470064e1	[356]	done	32	73c03e1a-f333-11f0-808a-438f0af4b9e9	2026-08-12T12:00:46Z	vol_5/chinese/[349]行舍智章/[356] 四十二行相 - 空性随观.md	
25936357-005c-487c-8612-8c6ee7fc72a7	[358]	done	14	73c03e1a-f333-11f0-808a-438f0af4b9e9	2026-08-12T12:00:51Z	vol_5/chinese/[349]行舍智章/[358] (42) 种行相.md	
0649186f-adf2-4cf2-bcd4-3c7ed3be583f	[359]a	done	19	73c03e1a-f333-11f0-808a-438f0af4b9e9	2026-08-12T12:00:55Z	vol_5/chinese/[349]行舍智章/[359]a 死王无法看见之人.md	
4f4c0e40-882b-45b6-ae65-6ffe52e4ed36	[359]b	done	20	73c03e1a-f333-11f0-808a-438f0af4b9e9	2026-08-12T12:01:00Z	vol_5/chinese/[349]行舍智章/[359]b 畏惧与喜.md	
519c7929-d7b4-4d65-8e4c-36d38ed9d648	[361]	done	42	73c03e1a-f333-11f0-808a-438f0af4b9e9	2026-08-12T12:01:05Z	vol_5/chinese/[349]行舍智章/[361] 趋于平静安住的样子.md	
85a2f13f-cf9f-43dd-bf9e-16980310370b	[362]	done	7	73c03e1a-f333-11f0-808a-438f0af4b9e9	2026-08-12T12:01:09Z	vol_5/chinese/[349]行舍智章/[362] 一段最重要的时间.md	
dfb40bb1-3775-49e1-a041-418db26de435	[363]a	done	17	73c03e1a-f333-11f0-808a-438f0af4b9e9	2026-08-12T12:01:14Z	vol_5/chinese/[349]行舍智章/[363]a 威仪 - 正知 观照格 略示.md	
bf702fb3-fa98-45a3-9358-0c142d29016f	[363]b	done	12	73c03e1a-f333-11f0-808a-438f0af4b9e9	2026-08-12T12:01:18Z	vol_5/chinese/[349]行舍智章/[363]b 睁开眼睛观察.md	
80946536-9196-44c6-8ea5-4ab29a8b0c95	[364]b	done	38	73c03e1a-f333-11f0-808a-438f0af4b9e9	2026-08-12T12:01:23Z	vol_5/chinese/[349]行舍智章/[364]b 个体意乐.md	
99a64d7e-8c00-4ffa-9f57-d73d5033a273	[366]	done	11	73c03e1a-f333-11f0-808a-438f0af4b9e9	2026-08-12T12:01:28Z	vol_5/chinese/[349]行舍智章/[366] 轭结缚经 (增支部1,475).md	
9a879c4d-5d63-4a3c-a9a2-a36db359dab4	[367]	done	136	73c03e1a-f333-11f0-808a-438f0af4b9e9	2026-08-12T12:01:41Z	vol_5/chinese/[349]行舍智章/[367] 译文与含义解释.md	
d37daf16-c03c-40ff-9b2c-1cafd644468f	[372]	done	22	73c03e1a-f333-11f0-808a-438f0af4b9e9	2026-08-12T12:01:46Z	vol_5/chinese/[349]行舍智章/[372] 知方乌鸦.md	
6d4341fb-1bbe-465b-a464-03ac7f2c7ce2	[374]a	done	4	73c03e1a-f333-11f0-808a-438f0af4b9e9	2026-08-12T12:01:50Z	vol_5/chinese/[349]行舍智章/[374]a 三种解脱门.md	
ba30c17b-220b-4942-9870-96787d4fe762	[374]b	done	14	73c03e1a-f333-11f0-808a-438f0af4b9e9	2026-08-12T12:01:54Z	vol_5/chinese/[349]行舍智章/[374]b 随观无常 = 无相解脱.md	
99473387-9eb2-4be4-8728-2806b954034d	[375]	done	11	73c03e1a-f333-11f0-808a-438f0af4b9e9	2026-08-12T12:01:58Z	vol_5/chinese/[349]行舍智章/[375] 信根增盛的情形.md	
35ded727-88ed-4a2b-a344-18062e467fc1	[376]	done	13	73c03e1a-f333-11f0-808a-438f0af4b9e9	2026-08-12T12:02:02Z	vol_5/chinese/[349]行舍智章/[376] 苦随观 = 无愿解脱.md	
39ce7fc3-9bb5-4452-89be-17db1ae362ee	[377]	done	14	73c03e1a-f333-11f0-808a-438f0af4b9e9	2026-08-12T12:02:08Z	vol_5/chinese/[349]行舍智章/[377] 无我随观 = 空解脱.md	
fdbab328-3a90-4048-8bc1-ca97bedaac58	[378]	done	27	73c03e1a-f333-11f0-808a-438f0af4b9e9	2026-08-12T12:02:13Z	vol_5/chinese/[349]行舍智章/[378] 直接与方便.md	
d4e55f7b-12a1-410d-b05c-217e5372df4e	[379]	done	36	73c03e1a-f333-11f0-808a-438f0af4b9e9	2026-08-12T12:02:19Z	vol_5/chinese/[349]行舍智章/[379] 空得名的方式.md	
233f0b7b-2194-4851-89f1-66519ac6d912	[381]	done	30	73c03e1a-f333-11f0-808a-438f0af4b9e9	2026-08-12T12:02:25Z	vol_5/chinese/[349]行舍智章/[381] 获得「无愿」名称的方式.md	
0275f8a4-6749-47f8-8428-da2a7a62afa6	[382]	done	18	73c03e1a-f333-11f0-808a-438f0af4b9e9	2026-08-12T12:02:32Z	vol_5/chinese/[349]行舍智章/[382] 三种特相.md	
20b2b7ad-c28b-4a54-a040-f086ab5484a9	[384]	done	16	73c03e1a-f333-11f0-808a-438f0af4b9e9	2026-08-12T12:02:37Z	vol_5/chinese/[349]行舍智章/[384] 圣者（七）种 —— 判别方式.md	
564910f8-c612-4456-bc4f-0f72a46d3fba	[384]b	done	15	73c03e1a-f333-11f0-808a-438f0af4b9e9	2026-08-12T12:02:44Z	vol_5/chinese/[349]行舍智章/[384]b 值得提问之处.md	
57dab21c-0da8-4f34-87af-d37b6312fcd9	[385]	done	17	73c03e1a-f333-11f0-808a-438f0af4b9e9	2026-08-12T12:02:49Z	vol_5/chinese/[349]行舍智章/[385] 以确定的方式把握.md	
f434fab4-badb-40b3-99f7-3e999b65af3b	[386]	done	11	73c03e1a-f333-11f0-808a-438f0af4b9e9	2026-08-12T12:02:53Z	vol_5/chinese/[349]行舍智章/[386] 究竟法 = 以确定的方式把握 - 个体.md	
b6b5df82-a623-4a8b-b68f-d6d73e105a1e	[387]	done	13	73c03e1a-f333-11f0-808a-438f0af4b9e9	2026-08-12T12:02:57Z	vol_5/chinese/[349]行舍智章/[387] 有三种名称的智.md	
85b54f47-94fb-4f35-abec-e8cfd670cfed	[388]	done	24	73c03e1a-f333-11f0-808a-438f0af4b9e9	2026-08-12T12:03:02Z	vol_5/chinese/[349]行舍智章/[388] 导向出起的观.md	
dbdc4471-57f0-4e9e-9703-8bf91d20bd82	[389]	done	2	73c03e1a-f333-11f0-808a-438f0af4b9e9	2026-08-12T12:03:05Z	vol_5/chinese/[349]行舍智章/[389] 钝慧个体的入流道心路.md	
b3704de1-fab6-4a6d-8135-83e9f76a702a	[389]b	done	12	73c03e1a-f333-11f0-808a-438f0af4b9e9	2026-08-12T12:03:43Z	vol_5/chinese/[349]行舍智章/[389]b 锐慧个体的入流道心路.md	
45c55a60-ee2f-4e3e-9eab-d6b56330b919	[390]	done	22	73c03e1a-f333-11f0-808a-438f0af4b9e9	2026-08-12T12:03:50Z	vol_5/chinese/[349]行舍智章/[390] 导向出起的观的所缘.md	
6d186d0c-cdf6-4597-bf05-3b12ef8215d6	[391]	done	62	73c03e1a-f333-11f0-808a-438f0af4b9e9	2026-08-12T12:04:20Z	vol_5/chinese/[349]行舍智章/[391] 黏着与出起的类别.md	
f620fee8-4842-4348-9bed-36dfa25229c4	[395]	done	17	73c03e1a-f333-11f0-808a-438f0af4b9e9	2026-08-12T12:04:24Z	vol_5/chinese/[349]行舍智章/[395] 三地业处者大德.md	
7b9bad4c-44b4-4be8-9fb3-d6cada115cf7	[396]	done	10	73c03e1a-f333-11f0-808a-438f0af4b9e9	2026-08-12T12:04:30Z	vol_5/chinese/[349]行舍智章/[396] 个体的种类.md	
66db8290-4f38-41a1-b6bd-10a557e1d09c	[397]a	done	8	73c03e1a-f333-11f0-808a-438f0af4b9e9	2026-08-12T12:04:34Z	vol_5/chinese/[349]行舍智章/[397]a 十二种譬喻 (清净之道,2,301-305).md	
97bfc246-1774-4696-8744-6cbc48f40dfc	[397]b	done	11	73c03e1a-f333-11f0-808a-438f0af4b9e9	2026-08-12T12:04:38Z	vol_5/chinese/[349]行舍智章/[397]b 一、蝙蝠.md	
fa4a3187-4cb5-4d29-95a5-b66ec6747d46	[398]	done	12	73c03e1a-f333-11f0-808a-438f0af4b9e9	2026-08-12T12:04:42Z	vol_5/chinese/[349]行舍智章/[398] 2. 眼镜蛇 = 眼镜蛇.md	
046d0d22-e794-4bb5-a1c2-08182ff82a39	[399]	done	11	73c03e1a-f333-11f0-808a-438f0af4b9e9	2026-08-12T12:04:47Z	vol_5/chinese/[349]行舍智章/[399] 3. 家 = 家.md	
8d8de707-4213-454c-91ba-4f1341cb6904	[400]a	done	12	73c03e1a-f333-11f0-808a-438f0af4b9e9	2026-08-12T12:04:52Z	vol_5/chinese/[349]行舍智章/[400]a 4. 牛 = 牛.md	
181207c6-10b3-44ca-8944-897d179f0f9e	[400]b	done	9	73c03e1a-f333-11f0-808a-438f0af4b9e9	2026-08-12T12:04:56Z	vol_5/chinese/[349]行舍智章/[400]b 5. 母亚卡 = 女妖.md	
870e5cca-3749-4787-bc17-dd1d04fe18c0	[401]a	done	12	73c03e1a-f333-11f0-808a-438f0af4b9e9	2026-08-12T12:05:02Z	vol_5/chinese/[349]行舍智章/[401]a 6. 小孩 = 小孩.md	
139697a0-3366-4f4a-bf55-2abb22c85969	[401]b	done	11	73c03e1a-f333-11f0-808a-438f0af4b9e9	2026-08-12T12:05:07Z	vol_5/chinese/[349]行舍智章/[401]b 余下的(六)种譬喻.md	
113d0137-a1ba-4a78-a8cb-c1a5d4069c6a	[402]	done	28	73c03e1a-f333-11f0-808a-438f0af4b9e9	2026-08-12T12:05:12Z	vol_5/chinese/[349]行舍智章/[402] 具不死之味的身至念之食.md	
d1e89521-825b-4cd9-bffd-2a035cfbc562	[404]	done	7	73c03e1a-f333-11f0-808a-438f0af4b9e9	2026-08-12T12:05:17Z	vol_5/chinese/[349]行舍智章/[404] 具有退缩心态者.md	
ce632e98-e2ff-444b-9034-d9a4886714f2	[404]b	done	17	73c03e1a-f333-11f0-808a-438f0af4b9e9	2026-08-12T12:05:21Z	vol_5/chinese/[349]行舍智章/[404]b 觉支 - 道支 - 禅支 - 行道 - 解脱 差别（清净之道,2,305。）1.md	
39466664-308b-47f6-af07-4b9d303affbb	[405]	done	49	73c03e1a-f333-11f0-808a-438f0af4b9e9	2026-08-12T12:05:28Z	vol_5/chinese/[349]行舍智章/[405] 一、第一长老说 - 基础禅那说.md	
5308dc21-ff29-435f-a6fd-52df0a0e6727	[408]	done	10	73c03e1a-f333-11f0-808a-438f0af4b9e9	2026-08-12T12:05:32Z	vol_5/chinese/[349]行舍智章/[408] 二、第二长老辩论 = 思惟禅辩论.md	
c4ae598a-804c-41ed-89dd-2d9127e9df99	[409]	done	27	73c03e1a-f333-11f0-808a-438f0af4b9e9	2026-08-12T12:05:37Z	vol_5/chinese/[349]行舍智章/[409] 三、第三长老辩论 = 众生意乐禅那辩论.md	
e7ef85a8-a39a-45b2-937d-6666d708f06b	[410]	done	26	73c03e1a-f333-11f0-808a-438f0af4b9e9	2026-08-12T12:05:43Z	vol_5/chinese/[349]行舍智章/[410] 对三藏小龙长老主张的审查.md	
55089a26-9f6c-4020-8073-7a91468468e5	[412]	done	16	73c03e1a-f333-11f0-808a-438f0af4b9e9	2026-08-12T12:05:48Z	vol_5/chinese/[349]行舍智章/[412] 对莫拉瓦比住者大赐大长老之辩论的检讨.md	
34f4a3f9-47da-4309-8f1b-4cfa9bbf70f5	[413]	done	24	73c03e1a-f333-11f0-808a-438f0af4b9e9	2026-08-12T12:05:53Z	vol_5/chinese/[349]行舍智章/[413] 对三藏小无畏长老主张的审查.md	
7efbc472-3630-475f-afab-d79c4ec015f8	[415]a	done	8	73c03e1a-f333-11f0-808a-438f0af4b9e9	2026-08-12T12:05:56Z	vol_5/chinese/[349]行舍智章/[415]a 四种行道.md	
e8838750-964d-4934-8dd5-98f867a2cac2	[415]b	done	7	73c03e1a-f333-11f0-808a-438f0af4b9e9	2026-08-12T12:06:00Z	vol_5/chinese/[349]行舍智章/[415]b 胜义分明义疏的评述.md	
38f9a2f4-bcfe-4294-a0da-e9c2f55361fd	[416]a	done	8	73c03e1a-f333-11f0-808a-438f0af4b9e9	2026-08-12T12:06:04Z	vol_5/chinese/[349]行舍智章/[416]a 义注诸位尊师所喜好的节.md	
b5900475-e705-42be-bfd2-066ae39858c2	[416]b	done	9	73c03e1a-f333-11f0-808a-438f0af4b9e9	2026-08-12T12:06:09Z	vol_5/chinese/[349]行舍智章/[416]b 一、初 - 色非色摄受节.md	
f615be8c-86f6-499d-8012-edab314a5959	[417]	done	18	73c03e1a-f333-11f0-808a-438f0af4b9e9	2026-08-12T12:06:13Z	vol_5/chinese/[349]行舍智章/[417] 二、第二 - 名色分别节.md	
bc1ee5af-6e39-494c-b43d-8e3c2226e295	[418]a	done	4	73c03e1a-f333-11f0-808a-438f0af4b9e9	2026-08-12T12:06:17Z	vol_5/chinese/[349]行舍智章/[418]a 三、第三 - 缘摄受节.md	
5604729c-ebe7-4a8f-9aa1-9c0d4f33e951	[418]b	done	5	73c03e1a-f333-11f0-808a-438f0af4b9e9	2026-08-12T12:06:20Z	vol_5/chinese/[349]行舍智章/[418]b 四、第四 - 相通达节.md	
1eaa42d6-2809-4217-8261-a3936fa84e24	[418]c	done	12	73c03e1a-f333-11f0-808a-438f0af4b9e9	2026-08-12T12:06:24Z	vol_5/chinese/[349]行舍智章/[418]c 5. 第五 - 断尽微细欲求之节.md	
b65dbaa4-606c-4662-982f-0f2720035e28	[419]a	done	9	73c03e1a-f333-11f0-808a-438f0af4b9e9	2026-08-12T12:06:29Z	vol_5/chinese/[349]行舍智章/[419]a 义注诸师所认可的节1.md	
f84391f2-494c-48b2-a565-a9e3560ff9b1	[419]b	done	7	73c03e1a-f333-11f0-808a-438f0af4b9e9	2026-08-12T12:06:32Z	vol_5/chinese/[349]行舍智章/[419]b 大复注尊师的评述.md	
bd8e32e3-a828-4f28-977e-49d154fe96c7	[420]	done	30	73c03e1a-f333-11f0-808a-438f0af4b9e9	2026-08-12T12:06:38Z	vol_5/chinese/[349]行舍智章/[420] 行道的差别与相同.md	
c5803631-3378-4d2b-9cc6-edce5ea33b9f	[422]	done	51	73c03e1a-f333-11f0-808a-438f0af4b9e9	2026-08-12T12:06:46Z	vol_5/chinese/[349]行舍智章/[422] 另一种方式——获得圣道智的名称.md	
56c2c960-83cc-42a5-b60e-1d7f51f37ae5	[424]	done	15	73c03e1a-f333-11f0-808a-438f0af4b9e9	2026-08-12T12:06:50Z	vol_5/chinese/[349]行舍智章/[424] 能给予结生果报的行舍.md	
90c4af11-88f2-45da-bba2-fa9adb9507c1	[426]a	done	11	73c03e1a-f333-11f0-808a-438f0af4b9e9	2026-08-12T12:06:54Z	vol_5/chinese/[349]行舍智章/[426]a 最重要的时刻.md	
21514135-41e8-4033-9bcf-45c51e9a52a6	[426]b	done	74	73c03e1a-f333-11f0-808a-438f0af4b9e9	2026-08-12T12:07:03Z	vol_5/chinese/[349]行舍智章/[426]b 随耳而入经.md	
4d06f4e3-f6d3-44b2-a531-9cc9d7ffb526	[433]	done	1	73c03e1a-f333-11f0-808a-438f0af4b9e9	2026-08-12T12:07:07Z	vol_5/chinese/[433]随顺智章/[433] 随顺智章.md	
16905afc-1f6b-422c-8e6c-961e6e9bb95d	[433]b	done	45	73c03e1a-f333-11f0-808a-438f0af4b9e9	2026-08-12T12:07:13Z	vol_5/chinese/[433]随顺智章/[433]b 谛随顺智.md	
3170687e-7426-4a3f-b269-47269dcad4d6	[437]	done	22	73c03e1a-f333-11f0-808a-438f0af4b9e9	2026-08-12T12:07:18Z	vol_5/chinese/[433]随顺智章/[437] 1。无渴爱所成性.md	
651ccf51-dbb4-41e4-bce0-26e2bbfcf773	[437]a	done	10	73c03e1a-f333-11f0-808a-438f0af4b9e9	2026-08-12T12:07:22Z	vol_5/chinese/[433]随顺智章/[437]a 至出起观的诸名称.md	
0bc73938-20ac-45ad-93f3-21c57d5cfac9	[439]	done	7	73c03e1a-f333-11f0-808a-438f0af4b9e9	2026-08-12T12:07:25Z	vol_5/chinese/[433]随顺智章/[439] 2。倦离.md	
1baffdc7-406d-43dc-af9a-02d27d7dcb23	[439]b	done	36	73c03e1a-f333-11f0-808a-438f0af4b9e9	2026-08-12T12:07:31Z	vol_5/chinese/[433]随顺智章/[439]b 3。法住智.md	
768e6311-037e-4341-b3cb-284900b54d9c	[441]a	done	5	73c03e1a-f333-11f0-808a-438f0af4b9e9	2026-08-12T12:07:34Z	vol_5/chinese/[433]随顺智章/[441]a 4。想顶.md	
cdde1e94-efbe-490e-abbb-13b06375d6ba	[441]b	done	7	73c03e1a-f333-11f0-808a-438f0af4b9e9	2026-08-12T12:07:38Z	vol_5/chinese/[433]随顺智章/[441]b 5。遍净主导因缘支.md	
13984775-93e6-4a10-bd40-253ac5e38d84	[441]c	done	5	73c03e1a-f333-11f0-808a-438f0af4b9e9	2026-08-12T12:07:42Z	vol_5/chinese/[433]随顺智章/[441]c 六、欲解脱智 + 省察随观.md	
c26e8ea5-2d24-4157-926c-0b2f4d54840e	[442]a	done	4	73c03e1a-f333-11f0-808a-438f0af4b9e9	2026-08-12T12:07:45Z	vol_5/chinese/[433]随顺智章/[442]a 七、随顺 种姓 净化.md	
cf1aab82-084a-4aae-a0ff-1ac2468e0fb8	[442]b	done	9	73c03e1a-f333-11f0-808a-438f0af4b9e9	2026-08-12T12:07:49Z	vol_5/chinese/[433]随顺智章/[442]b 八、行道智见清净.md	
6c66b7cb-336a-4b97-84db-1439e7b3aca1	[443]	done	34	73c03e1a-f333-11f0-808a-438f0af4b9e9	2026-08-12T12:07:54Z	vol_5/chinese/[433]随顺智章/[443] 从相与生命期间出起的方式判别.md	
811bab63-fc0c-4b92-a73f-36d910b39fa3	[444]a	done	4	73c03e1a-f333-11f0-808a-438f0af4b9e9	2026-08-12T12:07:57Z	vol_5/chinese/[433]随顺智章/[444]a 一、大慧者的道心路.md	
5299618e-5563-4cbf-b9b4-faa215cae46e	[444]b	done	6	73c03e1a-f333-11f0-808a-438f0af4b9e9	2026-08-12T12:08:01Z	vol_5/chinese/[433]随顺智章/[444]b 二、中慧者的道心路.md	
911c7f53-ef40-4da6-9621-6bdd41586c99	[444]c	done	54	73c03e1a-f333-11f0-808a-438f0af4b9e9	2026-08-12T12:08:09Z	vol_5/chinese/[433]随顺智章/[444]c 三、钝慧者的道心路.md	
f9405603-c478-40e8-9362-8d0ad624701c	[448]	done	15	73c03e1a-f333-11f0-808a-438f0af4b9e9	2026-08-12T12:08:13Z	vol_5/chinese/[433]随顺智章/[448] 非执取出起 = 非执取蕴.md	
136865d9-7292-4e1b-9ca4-e0ed10eb30d1	[449]a	done	9	73c03e1a-f333-11f0-808a-438f0af4b9e9	2026-08-12T12:08:17Z	vol_5/chinese/[433]随顺智章/[449]a 执取出起 = 执取蕴.md	
444506c9-5939-4e0c-8fc9-7a1b3ee73649	[449]b	done	6	73c03e1a-f333-11f0-808a-438f0af4b9e9	2026-08-12T12:08:21Z	vol_5/chinese/[433]随顺智章/[449]b (七)有的见解.md	
dd98cbd9-794e-4f83-9426-1eda5f672e5d	[450]a	done	11	73c03e1a-f333-11f0-808a-438f0af4b9e9	2026-08-12T12:08:25Z	vol_5/chinese/[433]随顺智章/[450]a 三种入流者.md	
100f2142-68cf-478d-ae18-586ef1aba1f8	[450]b	done	13	73c03e1a-f333-11f0-808a-438f0af4b9e9	2026-08-12T12:08:29Z	vol_5/chinese/[433]随顺智章/[450]b 决定性的法.md	
3814d80d-8941-498d-bc5b-16964da4291b	[451]	done	12	73c03e1a-f333-11f0-808a-438f0af4b9e9	2026-08-12T12:09:04Z	vol_5/chinese/[433]随顺智章/[451] 补充说明.md	
130b78fe-f697-4de6-8dc4-68cbdfa36a72	[452]	done	14	73c03e1a-f333-11f0-808a-438f0af4b9e9	2026-08-12T12:09:08Z	vol_5/chinese/[433]随顺智章/[452] 除痴注释的解说.md	
fe4244e9-d6c1-4166-b81c-271e0188525a	[453]	done	51	73c03e1a-f333-11f0-808a-438f0af4b9e9	2026-08-12T12:09:16Z	vol_5/chinese/[433]随顺智章/[453] 上三道从转起出起的样态.md	
04288d0f-a94b-4129-84c9-9834cf685870	[457]	done	42	73c03e1a-f333-11f0-808a-438f0af4b9e9	2026-08-12T12:09:22Z	vol_5/chinese/[433]随顺智章/[457] 逐个法观.md	
c147e45e-b0ae-41a4-926e-b7a255145188	[460]	done	69	73c03e1a-f333-11f0-808a-438f0af4b9e9	2026-08-12T12:09:31Z	vol_5/chinese/[433]随顺智章/[460] 无明与明.md	
e9a48830-c2b7-4daf-a390-f3055adee4bf	[463]b	done	52	73c03e1a-f333-11f0-808a-438f0af4b9e9	2026-08-12T12:09:38Z	vol_5/chinese/[463]智见清净释/[463]b 第一道智 = 入流道智.md	
175dff6b-cb08-4100-98cd-a8ec819d679f	[466]	done	62	73c03e1a-f333-11f0-808a-438f0af4b9e9	2026-08-12T12:09:46Z	vol_5/chinese/[463]智见清净释/[466] 须陀洹个体.md	
9c4e91b1-75c5-4d43-8dca-9746b8bd5371	[469]a	done	7	73c03e1a-f333-11f0-808a-438f0af4b9e9	2026-08-12T12:09:50Z	vol_5/chinese/[463]智见清净释/[469]a 第二道智部分.md	
79c21d43-b4f6-4754-bb24-f505e9daae5c	[469]b	done	19	73c03e1a-f333-11f0-808a-438f0af4b9e9	2026-08-12T12:09:55Z	vol_5/chinese/[463]智见清净释/[469]b 烦恼的稀薄.md	
37741c5e-ed9c-4327-814f-96dd9d00c2e6	[470]	done	8	73c03e1a-f333-11f0-808a-438f0af4b9e9	2026-08-12T12:09:58Z	vol_5/chinese/[463]智见清净释/[470] 只回来一次者 = 一来者个体.md	
3526a760-bf1f-46bb-83e0-5e4a1cb517ba	[471]	done	11	73c03e1a-f333-11f0-808a-438f0af4b9e9	2026-08-12T12:10:02Z	vol_5/chinese/[463]智见清净释/[471] 第三道智部分.md	
911f07c9-7fdf-4043-b0cb-23629651febe	[472]	done	14	73c03e1a-f333-11f0-808a-438f0af4b9e9	2026-08-12T12:10:06Z	vol_5/chinese/[463]智见清净释/[472] 第四道果 = 阿拉汉道果.md	
41781811-1341-4a54-afdf-7c2f58a95c0f	[473]	done	25	73c03e1a-f333-11f0-808a-438f0af4b9e9	2026-08-12T12:10:11Z	vol_5/chinese/[463]智见清净释/[473] 四念处已圆满.md	
56269a3d-b6af-4240-9886-bba618671107	[474]	done	67	73c03e1a-f333-11f0-808a-438f0af4b9e9	2026-08-12T12:10:20Z	vol_5/chinese/[463]智见清净释/[474] 三十七种菩提分法.md	
d68fec9c-45bd-482a-ba04-db5b12cf0662	[479]	done	47	73c03e1a-f333-11f0-808a-438f0af4b9e9	2026-08-12T12:10:26Z	vol_5/chinese/[463]智见清净释/[479] 圣道刹那三十七种菩提分法生起的情形.md	
70d112c1-83b1-43ca-bd6f-4c32a89049e9	[481]	done	21	73c03e1a-f333-11f0-808a-438f0af4b9e9	2026-08-12T12:11:02Z	vol_5/chinese/[463]智见清净释/[481] 法体的归纳方式.md	
cad00962-43e7-4b87-9178-ab896ddd0be4	[483]	done	28	73c03e1a-f333-11f0-808a-438f0af4b9e9	2026-08-12T12:11:07Z	vol_5/chinese/[463]智见清净释/[483] 从相与生命期间出起的方式——出起部分.md	
42101a3d-9a11-4e2e-af34-7d3b15c5463a	[484]	done	25	73c03e1a-f333-11f0-808a-438f0af4b9e9	2026-08-12T12:11:12Z	vol_5/chinese/[463]智见清净释/[484] 种姓智.md	
523e2086-96c4-45c5-81b7-4bf352ba0860	[485]	done	74	73c03e1a-f333-11f0-808a-438f0af4b9e9	2026-08-12T12:11:22Z	vol_5/chinese/[463]智见清净释/[485] 从两侧出起 - 道智.md	
d5e3437c-ce3f-4803-b31e-21639b24f6d0	[489]	done	5	73c03e1a-f333-11f0-808a-438f0af4b9e9	2026-08-12T12:11:26Z	vol_5/chinese/[463]智见清净释/[489] 止力 观力 = 止的力量 观.md	
3fc24a45-49ad-483a-bcbb-8515a4187990	[489]b	done	11	73c03e1a-f333-11f0-808a-438f0af4b9e9	2026-08-12T12:11:30Z	vol_5/chinese/[463]智见清净释/[489]b 在《无碍解道》圣典中的宣说.md	
27cba36f-f4bf-443d-b40e-239c9f95d836	[490]	done	24	73c03e1a-f333-11f0-808a-438f0af4b9e9	2026-08-12T12:11:35Z	vol_5/chinese/[463]智见清净释/[490] 圣道法所舍断的烦恼.md	
63c54600-0eb2-49f4-8c22-974e41d5c8c1	[492]	done	57	73c03e1a-f333-11f0-808a-438f0af4b9e9	2026-08-12T12:11:43Z	vol_5/chinese/[463]智见清净释/[492] 得地已生的烦恼.md	
d06a24ac-ecaa-4896-82ca-de72ab68b9b6	[495]a	done	7	73c03e1a-f333-11f0-808a-438f0af4b9e9	2026-08-12T12:11:46Z	vol_5/chinese/[463]智见清净释/[495]a 无法得到「地」名称的蕴.md	
71011d41-397d-409f-858e-16caa2d4218f	[495]b	done	16	73c03e1a-f333-11f0-808a-438f0af4b9e9	2026-08-12T12:11:51Z	vol_5/chinese/[463]智见清净释/[495]b 驻留于何蕴之中？.md	
1124ee16-d6fe-4d7e-9012-4582c9f1c9c1	[497]	done	35	73c03e1a-f333-11f0-808a-438f0af4b9e9	2026-08-12T12:11:56Z	vol_5/chinese/[463]智见清净释/[497] 同时了知四谛的方式.md	
4cfb4420-29fa-450a-8889-f056a993b1df	[499]	done	11	73c03e1a-f333-11f0-808a-438f0af4b9e9	2026-08-12T12:12:01Z	vol_5/chinese/[463]智见清净释/[499] 理证依据的巴利圣典.md	
8dd24f0a-1b05-42b5-98ae-3cee883d9db4	[500]	done	22	73c03e1a-f333-11f0-808a-438f0af4b9e9	2026-08-12T12:12:05Z	vol_5/chinese/[463]智见清净释/[500] 譬喻与所喻的对照.md	
dd2865f9-c586-4ac8-826c-ec0f59faf367	[501]a	done	12	73c03e1a-f333-11f0-808a-438f0af4b9e9	2026-08-12T12:12:10Z	vol_5/chinese/[463]智见清净释/[501]a 谛的十六种意义.md	
e6ebb15a-9bc6-4005-95e3-4746868f1618	[501]b	done	38	73c03e1a-f333-11f0-808a-438f0af4b9e9	2026-08-12T12:12:15Z	vol_5/chinese/[463]智见清净释/[501]b 苦圣谛之义（4）点.md	
d0197397-92c4-419d-8a93-bc84738bece3	[504]a	done	8	73c03e1a-f333-11f0-808a-438f0af4b9e9	2026-08-12T12:12:19Z	vol_5/chinese/[463]智见清净释/[504]a 应当记住的特别之处.md	
89c2b7e3-e09c-4e1c-b1b1-e7c31b4ea717	[504]b	done	27	73c03e1a-f333-11f0-808a-438f0af4b9e9	2026-08-12T12:12:24Z	vol_5/chinese/[463]智见清净释/[504]b 苦因圣谛之义 (四) 项.md	
19847b0b-1958-4b4a-b79b-0a7fd065e2a2	[505]	done	33	73c03e1a-f333-11f0-808a-438f0af4b9e9	2026-08-12T12:12:30Z	vol_5/chinese/[463]智见清净释/[505] 灭谛之义(四)点.md	
6f67b271-2826-4d7f-a307-00245d820e45	[507]	done	43	73c03e1a-f333-11f0-808a-438f0af4b9e9	2026-08-12T12:12:36Z	vol_5/chinese/[463]智见清净释/[507] 值得提问的要点.md	
d28236ec-1cc1-4022-b29c-fa08ac0953f6	[510]	done	47	73c03e1a-f333-11f0-808a-438f0af4b9e9	2026-08-12T12:12:42Z	vol_5/chinese/[463]智见清净释/[510] 道谛之义的（四）点.md	
a989ce21-ab3b-40bb-ba27-3f0359b7e27f	[513]	done	28	73c03e1a-f333-11f0-808a-438f0af4b9e9	2026-08-12T12:12:48Z	vol_5/chinese/[463]智见清净释/[513] 遍知现观.md	
6eb45a4b-e7c2-482f-bc8d-7843ce0f8fe6	[515]	done	33	73c03e1a-f333-11f0-808a-438f0af4b9e9	2026-08-12T12:12:54Z	vol_5/chinese/[463]智见清净释/[515] 舍断现观.md	
4f8998b5-16e7-4118-8480-bd1123854136	[516]	done	32	73c03e1a-f333-11f0-808a-438f0af4b9e9	2026-08-12T12:12:59Z	vol_5/chinese/[463]智见清净释/[516] 大观(18)种.md	
0303f67f-4dc2-454f-819b-9e6aec813342	[518]	done	35	73c03e1a-f333-11f0-808a-438f0af4b9e9	2026-08-12T12:13:05Z	vol_5/chinese/[463]智见清净释/[518] 现证现观.md	
03731aea-0e46-4db3-ae17-f4826087a349	[520]	done	18	73c03e1a-f333-11f0-808a-438f0af4b9e9	2026-08-12T12:13:10Z	vol_5/chinese/[463]智见清净释/[520] 修习现观.md	
f29a2975-d2f1-4f40-b468-5d7cf69a5f7b	[522]a	done	10	73c03e1a-f333-11f0-808a-438f0af4b9e9	2026-08-12T12:13:14Z	vol_5/chinese/[463]智见清净释/[522]a 慧修习的利益功德.md	
213a503b-30ac-4601-923e-2337197eca78	[522]b	done	91	73c03e1a-f333-11f0-808a-438f0af4b9e9	2026-08-12T12:13:24Z	vol_5/chinese/[463]智见清净释/[522]b 果定论.md	
d9117083-0500-45a6-bbe6-cecd74897774	[528]	done	66	73c03e1a-f333-11f0-808a-438f0af4b9e9	2026-08-12T12:13:32Z	vol_5/chinese/[463]智见清净释/[528] 了知心不灭.md	
cfd8a6af-60bb-4ba3-93c3-2835d0b5e358	[531]	done	10	73c03e1a-f333-11f0-808a-438f0af4b9e9	2026-08-12T12:13:36Z	vol_5/chinese/[463]智见清净释/[531] 使之长久维持的三种原因.md	
fa4a7882-63a0-4e9c-a712-ffb709975d66	[532]	done	46	73c03e1a-f333-11f0-808a-438f0af4b9e9	2026-08-12T12:13:43Z	vol_5/chinese/[463]智见清净释/[532] 能从果定出起的原因两种.md	
e72c458f-9086-48cb-94ba-37d279fc0f7a	[535]	done	30	73c03e1a-f333-11f0-808a-438f0af4b9e9	2026-08-12T12:13:49Z	vol_5/chinese/[463]智见清净释/[535] 三种观.md	
8271782f-bacf-438e-8366-52763ccc01d7	[536]	done	15	73c03e1a-f333-11f0-808a-438f0af4b9e9	2026-08-12T12:13:53Z	vol_5/chinese/[463]智见清净释/[536] 佛陀的敦促劝勉.md	
2bb2dc27-e782-448b-85e8-07cc7ffd58ab	[537]	build_error	0	73c03e1a-f333-11f0-808a-438f0af4b9e9	2026-08-12T12:50:22Z	vol_5/chinese/[463]智见清净释/[537]入出息念的利益功德.md	分段行数不一致（远端 17 段 / 本地 18 段）
