key	abbrev	vol_my	vol_no	pali	zh	count	vol_1	vol_2	vol_3	vol_4	vol_5	raw_forms	notes	first_seen
ဝိသုဒ္ဓိ-၂	ဝိသုဒ္ဓိ	၂	2	Visuddhimagga	清净道论	1226	244	82	245	203	452	ဝိသုဒ္ဓိ၊၂၊၂၅၁×34 | ဝိသုဒ္ဓိ၊၂၊၂၂၂×31 | ဝိသုဒ္ဓိ၊၂၊၂၄၇×29 | ဝိသုဒ္ဓိ၊၂၊၂၄၈×22 | ဝိသုဒ္ဓိ၊၂၊၂၅၂×19 | ဝိသုဒ္ဓိ၊၂၊၂၆၇×17	前缀说明: ဃဋ္ဋနဝသေန-ဂဟေ-တဗ္ဗတော; 前缀说明: သကသန္တတိပရိယာပန္နမေဝ; 有写在方括号里的	vol_1/markdown/[186]သမာဓိထူထောင်သင့်ပုံပိုင်း/[189]မဟာဂေါပါလကသုတ္တန် - အဆိုတစ်ရပ်.md
မဟာဋီ-၂	မဟာဋီ	၂	2	Visuddhimagga-mahāṭīkā	大复注 (清净道论大疏钞)	808	138	22	153	175	320	မဟာဋီ၊၂၊၄၀၁×12 | မဟာဋီ၊၂၊၄၃၉×12 | မဟာဋီ၊၂၊၄၀၂×11 | မဟာဋီ-၂-၁၄၆×11 | မဟာဋီ၊၂၊၄၂၁×10 | မဟာဋီ၊၂၊၄၂၃×10	前缀说明: ရူပါရူပကလာပုပ္ပါဒနံ; 前缀说明: အဖြစ်ကို-နှလုံးမသွင်းတော့ဘဲ-အပျက်ကိုသာလျှင်-တစ်ဘက်သတ်-နှလုံးသွင်းခြင်းကြောင့်; 有写在方括号里的; 有漏写括号、直接写在正文里的	vol_1/markdown/[186]သမာဓိထူထောင်သင့်ပုံပိုင်း/[189]မဟာဂေါပါလကသုတ္တန် - အဆိုတစ်ရပ်.md
အဘိ-ဋ္ဌ-၂	အဘိ-ဋ္ဌ	၂	2	Abhidhamma-aṭṭhakathā	论藏义注	753	111	223	303	82	34	အဘိ၊ဋ္ဌ၊၂၊၂၅၂×22 | အဘိ၊ဋ္ဌ၊၂၊၃၈၈×20 | အဘိ၊ဋ္ဌ၊၂၊၁၈၈×15 | အဘိ၊ဋ္ဌ၊၂၊၃၄၂×12 | အဘိ၊ဋ္ဌ၊၂၊၁၃×12 | အဘိ၊ဋ္ဌ၊၂၊၃၄၆×12	前缀说明: အကျယ်ကို; 前缀说明: ဧကသန္တတိပရိယာပန္နမေဝ; 有写在方括号里的	vol_1/markdown/[186]သမာဓိထူထောင်သင့်ပုံပိုင်း/[189]မဟာဂေါပါလကသုတ္တန် - အဆိုတစ်ရပ်.md
အဘိ-ဋ္ဌ-၁	အဘိ-ဋ္ဌ	၁	1	Abhidhamma-aṭṭhakathā	论藏义注	615	56	99	20	380	60	အဘိ၊ဋ္ဌ၊၁၊၂၇၁×13 | အဘိ-ဋ္ဌ-၁-၃၂၂×13 | အဘိ၊ဋ္ဌ၊၁၊၁၂၅×12 | အဘိ-ဋ္ဌ-၁-၁၀၅×12 | အဘိ-ဋ္ဌ-၁-၁၇၇×10 | အဘိ၊ဋ္ဌ၊၁၊၃၀၉×9	前缀说明: အကျယ်ကို; 有写在方括号里的	vol_1/markdown/[186]သမာဓိထူထောင်သင့်ပုံပိုင်း/[199]သမထပိုင်း - ခဏိကသမာဓိ.md
ဝိသုဒ္ဓိ-၁	ဝိသုဒ္ဓိ	၁	1	Visuddhimagga	清净道论	490	392	11	0	47	40	ဝိသုဒ္ဓိ၊၁၊၂၈၂×17 | ဝိသုဒ္ဓိ၊၁၊၂၈၁×15 | ဝိသုဒ္ဓိ၊၁၊၁၂၆×12 | ဝိသုဒ္ဓိ၊၁၊၁၃၁×10 | ဝိသုဒ္ဓိ၊၁၊၂၇၇×9 | ဝိသုဒ္ဓိ၊၁၊၃၄၇×8	有写在方括号里的; 有漏写括号、直接写在正文里的	vol_1/markdown/[186]သမာဓိထူထောင်သင့်ပုံပိုင်း/[196b]အကြောင်းပြချက်.md
မ-ဋ္ဌ-၁	မ-ဋ္ဌ	၁	1	Majjhima-aṭṭhakathā	中部义注	311	108	157	19	7	20	မ၊ဋ္ဌ၊၁၊၂၈၀×23 | မ၊ဋ္ဌ၊၁၊၂၇၃×13 | မ၊ဋ္ဌ၊၁၊၂၈၅×12 | မ၊ဋ္ဌ၊၁၊၂၆၈×11 | မ၊ဋ္ဌ၊၁၊၂၅၆×11 | မ၊ဋ္ဌ၊၁၊၂၉၆×9	前缀说明: သပ္ပစ္စယနာမရူပဝသေန-တိလက္ခဏံ-အာရောပေတွာ; 有写在方括号里的	vol_1/markdown/[186]သမာဓိထူထောင်သင့်ပုံပိုင်း/[196b]အကြောင်းပြချက်.md
မဟာဋီ-၁	မဟာဋီ	၁	1	Visuddhimagga-mahāṭīkā	大复注 (清净道论大疏钞)	270	208	9	0	24	29	မဟာဋီ၊၁၊၃၄၂×11 | မဟာဋီ၊၁၊၃၂၀×10 | မဟာဋီ၊၁၊၁၅၆×10 | မဟာဋီ၊၁၊၃၁၉×9 | မဟာဋီ၊၁၊၄၃၄×9 | မဟာဋီ၊၁၊၁၅၈×7	前缀说明: သမာဓိပဓာနတ္တာ-ဈာနဿ; 有写在方括号里的	vol_1/markdown/[186]သမာဓိထူထောင်သင့်ပုံပိုင်း/[192b]မဟာဋီကာဆရာတော်၏ အဆို.md
မူလဋီ-၂	မူလဋီ	၂	2	Mūlaṭīkā	根本复注	245	21	45	141	27	11	မူလဋီ၊၂၊၁၀၅×9 | မူလဋီ၊၂၊၁၁၅×8 | မူလဋီ၊၂၊၁၁၂×7 | မူလဋီ၊၂၊၁၃၁×7 | မူလဋီ၊၂၊၁၁၈×7 | မူလဋီ၊၂၊၁၅၆×6	有写在方括号里的; 有漏写括号、直接写在正文里的	vol_1/markdown/[2].ကောင်းသော ည တစ်ညပိုင်း/[132]ဘဒ္ဒေကရတ္တသုတ္တန် - ရှင်းလင်းချက်/[153]သိသင့်သောအချက် တစ်ရပ်.md
မ-၁	မ	၁	1	Majjhima-nikāya	中部	226	70	76	18	16	46	မ၊၁၊၈၉×21 | မ၊၁၊၇၃×19 | မ၊၁၊၇၆×16 | မ၊၁၊၈၈×12 | မ၊၁၊၇၁×10 | မ၊၁၊၇၅×9	前缀说明: သုခါ-ဝေဒနာ-ဌိတိ-သုခါ-ဝိပရိဏာမဒုက္ခာ; 前缀说明: အကျယ်ကို	vol_1/markdown/[186]သမာဓိထူထောင်သင့်ပုံပိုင်း/[189]မဟာဂေါပါလကသုတ္တန် - အဆိုတစ်ရပ်.md
မူလဋီ-၁	မူလဋီ	၁	1	Mūlaṭīkā	根本复注	219	27	14	6	142	30	မူလဋီ-၁-၁၅၂×15 | မူလဋီ၊၁၊၇၂×11 | မူလဋီ-၁-၈၉×9 | မူလဋီ-၁-၁၅၁×8 | မူလဋီ-၁-၈၇×8 | မူလဋီ-၁-၁၂၅×8	有写在方括号里的; 有漏写括号、直接写在正文里的	vol_1/markdown/[186]သမာဓိထူထောင်သင့်ပုံပိုင်း/[203]ခဏိကစိတ္တေကဂ္ဂတာ-သမာဓိ.md
သံ-၂	သံ	၂	2	Saṃyutta-nikāya	相应部	163	43	17	25	20	58	သံ၊၂၊၂၄၉-၂၅၀×17 | သံ၊၂၊၃၉×8 | သံ၊၂၊၁၂×7 | သံ၊၂၊၅၆×7 | သံ၊၂၊၄၉×7 | သံ၊၂၊၂၃၇×7	前缀说明: ဟု-ဘုရားရှင်သည်-ဟောကြားထားတော်မူအပ်ပြီ; 前缀说明: အကျယ်ကို; 前缀说明: အဇ္ဈတ္တာနိစ္စသုတ္တန်-ဗာဟိရာနိစ္စသုတ္တန်	vol_1/markdown/[186]သမာဓိထူထောင်သင့်ပုံပိုင်း/[187]သမာဓိသုတ္တန်မျာ.md
ပဋိသံ	ပဋိသံ			Paṭisambhidāmagga	无碍解道	152	62	6	10	1	73	ပဋိသံ၊၅၂×13 | ပဋိသံ၊၅၀×9 | ပဋိသံ၊၂၅၉×9 | ပဋိသံ၊၅၅×7 | ပဋိသံ၊၆၀×7 | ပဋိသံ၊၅၁×6	前缀说明: ချက်တို့ကို; 有写在方括号里的	vol_1/markdown/[240]အာနာပါနဿတိသမာဓိပိုင်း/[240]ကာယာနုပဿနာ အာနာပါနပဗ္ဗ ပါဠိတော်/[241]ကာယာနုပဿနာ အာနာပါနပဗ္ဗ ပါဠိတော်အနက်.md
အဘိ-ဋ္ဌ-၃	အဘိ-ဋ္ဌ	၃	3	Abhidhamma-aṭṭhakathā	论藏义注	129	13	2	100	7	7	အဘိ၊ဋ္ဌ၊၃၊၃၇၇×8 | အဘိ၊ဋ္ဌ၊၃၊၃၅၁×8 | အဘိ၊ဋ္ဌ၊၃၊၃၇၄×7 | အဘိ၊ဋ္ဌ၊၃၊၃၇၈×7 | အဘိ၊ဋ္ဌ၊၃၊၃၆၈×7 | အဘိ၊ဋ္ဌ၊၃၊၃၅၂×6	前缀说明: ပဋ္ဌာနပကရဏအဋ္ဌကထာ; 前缀说明: ယင်းအနုသယတို့-အတိတ်-အနာဂတ်-ပစ္စုပ္ပန်-သုံးမျိုးလုံး-ဖြစ်နိုင်ပုံကို; 有写在方括号里的	vol_1/markdown/[2].ကောင်းသော ည တစ်ညပိုင်း/[2]ပစ္စက္ခဉာဏ်နှင့် အနွယဉာဏ်အကြောင်း/[062]နာနာက္ခဏိကကမ္မ၏ စွမ်းအင်.md
သံ-၁	သံ	၁	1	Saṃyutta-nikāya	相应部	128	41	11	55	15	6	သံ၊၁၊၃၄၄×11 | သံ၊၁၊၂၆၄×6 | သံ၊၁၊၄၄၄×4 | သံ၊၁၊၃၁၈×4 | သံ၊၁၊၂၈၉×4 | သံ၊၁၊၂၉၅×4	有写在方括号里的	vol_1/markdown/[186]သမာဓိထူထောင်သင့်ပုံပိုင်း/[207]လက္ခဏာရေး သုံးတန်.md
ဒီ-ဋ္ဌ-၂	ဒီ-ဋ္ဌ	၂	2	Dīgha-aṭṭhakathā	长部义注	126	74	43	5	2	2	ဒီ၊ဋ္ဌ၊၂၊၃၅၇×11 | ဒီ၊ဋ္ဌ၊၂၊၃၈၄×8 | ဒီ၊ဋ္ဌ၊၂၊၃၉၁×6 | ဒီ၊ဋ္ဌ၊၂၊၃၉၃×6 | ဒီ၊ဋ္ဌ၊၂၊၃၇၈×5 | ဒီ၊ဋ္ဌ၊၂၊၃၈၃×5	手误归一: ဒ္ဒီဋ္ဌ; 有写在方括号里的	vol_1/markdown/[240]အာနာပါနဿတိသမာဓိပိုင်း/[244]အာနာပါနချီးမွမ်းခန်း/[247]အာနာပါန - ပြည်တည်ခန်း.md
မ-၃	မ	၃	3	Majjhima-nikāya	中部	123	41	32	14	20	16	မ၊၃၊၁၂၅×8 | မ၊၃၊၂၂၇×8 | မ၊၃၊၂၃၇×8 | မ၊၃၊၂၂၆×5 | မ၊၃၊၁၂၄×5 | မ၊၃၊၂၆၀×4	有写在方括号里的	vol_1/markdown/[186]သမာဓိထူထောင်သင့်ပုံပိုင်း/[203]ခဏိကစိတ္တေကဂ္ဂတာ-သမာဓိ.md
သံ-ဋီ-၂	သံ-ဋီ	၂	2	Saṃyutta-ṭīkā	相应部复注	112	70	7	29	1	5	သံ၊ဋီ၊၂၊၆၃×20 | သံ၊ဋီ၊၂၊၁၈၁×7 | သံ၊ဋီ၊၂၊၃၈×6 | သံ၊ဋီ၊၂၊၄၃၈×5 | သံ၊ဋီ၊၂၊၈၁×5 | သံ၊ဋီ၊၂၊၄၄၀×4	有写在方括号里的	vol_1/markdown/[240]အာနာပါနဿတိသမာဓိပိုင်း/[357]အပ္ပနာကောသလ္လ တရား (၁၀) ပါး/[366b]သမာဓိကမ္မိက နှင့် ဝိပဿနာကမ္မိက.md
သံ-ဋ္ဌ-၂	သံ-ဋ္ဌ	၂	2	Saṃyutta-aṭṭhakathā	相应部义注	110	48	7	43	2	10	သံ၊ဋ္ဌ၊၂၊၄၉×14 | သံ၊ဋ္ဌ၊၂၊၂၄×8 | သံ၊ဋ္ဌ၊၂၊၃၂×7 | သံ၊ဋ္ဌ၊၂၊၂၉၅×6 | သံ၊ဋ္ဌ၊၂၊၁၉၇×6 | သံ၊ဋ္ဌ၊၂၊၂၅×5	有写在方括号里的	vol_1/markdown/[186]သမာဓိထူထောင်သင့်ပုံပိုင်း/[212]အကြောင်းပြချက်.md
အဘိ-၂	အဘိ	၂	2	Abhidhamma-piṭaka	论藏	108	23	23	28	25	9	အဘိ၊၂၊၂၅၄×7 | အဘိ၊၂၊၄×6 | အဘိ-၂-၃၅၁×5 | အဘိ၊၂၊၃၃၃×4 | အဘိ၊၂၊၃၂၃×3 | အဘိ၊၂၊၃၀၅×3	有写在方括号里的	vol_1/markdown/[240]အာနာပါနဿတိသမာဓိပိုင်း/[244]အာနာပါနချီးမွမ်းခန်း/[254]အရည - ရုက္ခမူလ - သုညာဂါရ.md
အံ-၁	အံ	၁	1	Aṅguttara-nikāya	增支部	108	28	20	8	32	20	အံ၊၁၊၅၀၅×9 | အံ-၁-၅×6 | အံ၊၁၊၄၇၅×5 | အံ၊၁၊၉×5 | အံ၊၁၊၁၂×4 | အံ၊၁၊၁၅၀×4		vol_1/markdown/[186]သမာဓိထူထောင်သင့်ပုံပိုင်း/[227]ဋီကာ အဖွင့်များ.md
ပဋ္ဌာန-၁	ပဋ္ဌာန	၁	1	Paṭṭhāna	发趣论	103	12	3	67	15	6	ပဋ္ဌာန၊၁၊၅×11 | ပဋ္ဌာန၊၁၊၇×9 | ပဋ္ဌာန၊၁၊၈×9 | ပဋ္ဌာန၊၁၊၂×6 | ပဋ္ဌာန၊၁၊၃×6 | ပဋ္ဌာန၊၁၊၁၃၈×6	有写在方括号里的	vol_1/markdown/[535]ရုပ်ကမ္မဋ္ဌာန်းပိုင်း/[547c]အာဟာရဇရုပ် တစ်ပါး.md
အနုဋီ-၂	အနုဋီ	၂	2	Anuṭīkā	随复注	102	11	16	61	12	2	အနုဋီ-၂-၉၅×8 | အနုဋီ၊၂၊၁၂×6 | အနုဋီ၊၂၊၁၅၇×6 | အနုဋီ၊၂၊၁၁၅×6 | အနုဋီ၊၂၊၁၄၀×6 | အနုဋီ၊၂၊၅၆×4	有写在方括号里的	vol_1/markdown/[240]အာနာပါနဿတိသမာဓိပိုင်း/[357]အပ္ပနာကောသလ္လ တရား (၁၀) ပါး/[392a][မှတ်ချက် ---- အနုဋီကာ၌ လာရှိသော အဖွင့်တစ်မျိုး.md
သံ-ဋ္ဌ-၃	သံ-ဋ္ဌ	၃	3	Saṃyutta-aṭṭhakathā	相应部义注	100	57	18	10	5	10	သံ၊ဋ္ဌ၊၃၊၂၀၀×10 | သံ၊ဋ္ဌ၊၃၊၅×10 | သံ၊ဋ္ဌ၊၃၊၁၉၅×8 | သံ၊ဋ္ဌ၊၃၊၁၉၈×8 | သံ၊ဋ္ဌ၊၃၊၁၉၉×5 | သံ၊ဋ္ဌ၊၃၊၉၈×5	有写在方括号里的	vol_1/markdown/[240]အာနာပါနဿတိသမာဓိပိုင်း/[280]အာနာပါနလုပ်ငန်းခွင်သို့ ချဉ်းကပ်ပုံ နှစ်မျိုး/[335b]ဣရိယာပုထ် ပြင်သင့်-မပြင်သင့်.md
မ-ဋီ-၁	မ-ဋီ	၁	1	Majjhima-ṭīkā	中部复注	99	46	41	5	1	6	မ၊ဋီ၊၁၊၃၅၂×10 | မ၊ဋီ၊၁၊၃၅၃×7 | မ၊ဋီ၊၁၊၃၆၉×6 | မ၊ဋီ၊၁၊၃၇၀×6 | မ၊ဋီ၊၁၊၃၆၅×5 | မ၊ဋီ၊၁၊၃၈၆×5	有写在方括号里的	vol_1/markdown/[186]သမာဓိထူထောင်သင့်ပုံပိုင်း/[196a]ယေဘုယျဟု မှတ်ပါ.md
သံ-၃	သံ	၃	3	Saṃyutta-nikāya	相应部	95	54	17	2	6	16	သံ၊၃၊၃၉၄×9 | သံ၊၃၊၃၆၃×8 | သံ၊၃၊၂၇၉×7 | သံ၊၃၊၉၂×7 | သံ၊၃၊၃၈၄×5 | သံ၊၃၊၉၁×4		vol_1/markdown/[186]သမာဓိထူထောင်သင့်ပုံပိုင်း/[187]သမာဓိသုတ္တန်မျာ.md
ဒီ-၂	ဒီ	၂	2	Dīgha-nikāya	长部	80	46	6	12	3	13	ဒီ၊၂၊၉၃×8 | ဒီ၊၂၊၂၃၂×7 | ဒီ၊၂၊၄၇×7 | ဒီ၊၂၊၆၀×7 | ဒီ၊၂၊၂၃၇×6 | ဒီ၊၂၊၉၂×6		vol_1/markdown/[186]သမာဓိထူထောင်သင့်ပုံပိုင်း/[186b]သမာဓိကို ထူထောင်ပါ.md
အနုဋီ-၁	အနုဋီ	၁	1	Anuṭīkā	随复注	70	3	5	1	57	4	အနုဋီ-၁-၁၆၅×6 | အနုဋီ-၁-၃၂×6 | အနုဋီ-၁-၁၆၆×5 | အနုဋီ-၁-၉၃×4 | အနုဋီ၊၁၊၂၀၀×3 | အနုဋီ-၁-၈၂-၈၃×3		vol_1/markdown/[535]ရုပ်ကမ္မဋ္ဌာန်းပိုင်း/[658b]စိတ်စွမ်းအင်များ.md
မ-ဋ္ဌ-၄	မ-ဋ္ဌ	၄	4	Majjhima-aṭṭhakathā	中部义注	56	8	20	1	20	7	မ၊ဋ္ဌ၊၄၊၁၈၆×8 | မ၊ဋ္ဌ၊၄၊၆၀×7 | မ-ဋ္ဌ-၄-၁၈၀×7 | မ၊ဋ္ဌ၊၄၊၁၈၇×5 | မ-ဋ္ဌ-၄-၁၇၉×5 | မ၊ဋ္ဌ၊၄၊၂၃၂×4	有写在方括号里的	vol_1/markdown/[2].ကောင်းသော ည တစ်ညပိုင်း/[132]ဘဒ္ဒေကရတ္တသုတ္တန် - ရှင်းလင်းချက်/[135]အတိတ်ကို လိုက်ပုံ.md
အဘိ-၁	အဘိ	၁	1	Abhidhamma-piṭaka	论藏	53	14	3	12	17	7	အဘိ၊၁၊၁၀၄×5 | အဘိ၊၁၊၄၅×3 | အဘိ၊၁၊၁၇၇×3 | အဘိ၊၁၊၂၁၃×2 | အဘိ၊၁၊၅၅×2 | အဘိ၊၁၊၁၁၆×2		vol_1/markdown/[186]သမာဓိထူထောင်သင့်ပုံပိုင်း/[213]ရုပ်ဃန = ရုပ်တုံးရုပ်ခဲ သုံးမျိုး.md
အံ-၃	အံ	၃	3	Aṅguttara-nikāya	增支部	52	11	10	5	8	18	အံ၊၃၊၆၅×7 | အံ၊၃၊၇၁×4 | အံ-၃-၇၁×4 | အံ၊၃၊၂၁၆×3 | အံ၊၃၊၃၄၃×3 | အံ၊၃၊၆၇×3	有写在方括号里的	vol_1/markdown/[240]အာနာပါနဿတိသမာဓိပိုင်း/[280]အာနာပါနလုပ်ငန်းခွင်သို့ ချဉ်းကပ်ပုံ နှစ်မျိုး/[280]အာနာပါနလုပ်ငန်းခွင်သို့ ချဉ်းကပ်ပုံ နှစ်မျိုး.md
မ-ဋီ-၃	မ-ဋီ	၃	3	Majjhima-ṭīkā	中部复注	45	6	14	2	15	8	မ၊ဋီ၊၃၊၂၇၅×9 | မ၊ဋီ၊၃၊၂၇၄-၂၇၅×7 | မ-ဋီ-၃-၃၇၅×6 | မ၊ဋီ၊၃၊၃၈၄×3 | မ၊ဋီ၊၃၊၁၅၃-၁၅၄×2 | မ၊ဋီ၊၃၊၂၇၈×2		vol_1/markdown/[186]သမာဓိထူထောင်သင့်ပုံပိုင်း/[223]သမ္မသနစာရခေတ် သုံးမျိုး.md
ပဋိသံ-ဋ္ဌ-၁	ပဋိသံ-ဋ္ဌ	၁	1	Paṭisambhidāmagga-aṭṭhakathā	无碍解道义注	44	14	3	4	0	23	ပဋိသံ၊ဋ္ဌ၊၁၊၂၅၀×7 | ပဋိသံ၊ဋ္ဌ၊၁၊၂၃၅×5 | ပဋိသံ၊ဋ္ဌ၊၁၊၂၃၄×5 | ပဋိသံ၊ဋ္ဌ၊၁၊၂၃၉×4 | ပဋိသံ၊ဋ္ဌ၊၁၊၂၃၆×3 | ပဋိသံ၊ဋ္ဌ၊၁၊၁၈×3	有写在方括号里的	vol_1/markdown/[2].ကောင်းသော ည တစ်ညပိုင်း/[132]ဘဒ္ဒေကရတ္တသုတ္တန် - ရှင်းလင်းချက်/[144]ပဋိသမ္ဘိဒါမဂ္ဂပါဠိတော် ကောက်နုတ်ချက်.md
မ-၂	မ	၂	2	Majjhima-nikāya	中部	43	22	6	1	11	3	မ၊၂၊၈၄×6 | မ၊၂၊၈၉×5 | မ၊၂၊၈၈×5 | မ၊၂၊၈၃-၈၉×2 | မ၊၂၊၈၃×2 | မ၊၂၊၂၀၉×2	有写在方括号里的	vol_1/markdown/[186]သမာဓိထူထောင်သင့်ပုံပိုင်း/[203]ခဏိကစိတ္တေကဂ္ဂတာ-သမာဓိ.md
ပဋိသံ-ဋ္ဌ-၂	ပဋိသံ-ဋ္ဌ	၂	2	Paṭisambhidāmagga-aṭṭhakathā	无碍解道义注	39	30	0	1	0	8	ပဋိသံ၊ဋ္ဌ၊၂၊၁၀၇×9 | ပဋိသံ၊ဋ္ဌ၊၂၊၆၇×5 | ပဋိသံ၊ဋ္ဌ၊၂၊၇၃×4 | ပဋိသံ၊ဋ္ဌ၊၂၊၁၁၂×3 | ပဋိသံ၊ဋ္ဌ၊၂၊၁၁၅×3 | ပဋိသံ၊ဋ္ဌ၊၂၊၇၂×2	有写在方括号里的	vol_1/markdown/[240]အာနာပါနဿတိသမာဓိပိုင်း/[244]အာနာပါနချီးမွမ်းခန်း/[274]ပရိကမ္မနိမိတ်.md
ဒီ-ဋီ-၂	ဒီ-ဋီ	၂	2	Dīgha-ṭīkā	长部复注	35	13	16	0	6	0	ဒီ၊ဋီ၊၂၊၁၈၃×3 | ဒီ၊ဋီ၊၂၊၂၆၈×3 | ဒီ၊ဋီ၊၂၊၃၄၆×3 | ဒီ-ဋီ-၂-၅၃×3 | ဒီ၊ဋီ၊၂၊၃၃၃×2 | ဒီ၊ဋီ၊၂၊၃၀၉×2	有写在方括号里的	vol_1/markdown/[186]သမာဓိထူထောင်သင့်ပုံပိုင်း/[213]ရုပ်ဃန = ရုပ်တုံးရုပ်ခဲ သုံးမျိုး.md
ခု-၁	ခု	၁	1	Khuddaka-nikāya	小部	34	11	9	5	3	6	ခု၊၁၊၁၉၇×3 | ခု၊၁၊၈၅-၈၆×3 | ခု၊၁၊၂၂၄×2 | ခု၊၁၊၂၂×2 | ခု၊၁၊၂၆၅×2 | ခု၊၁၊၂၅၄×2		vol_1/markdown/[240]အာနာပါနဿတိသမာဓိပိုင်း/[357]အပ္ပနာကောသလ္လ တရား (၁၀) ပါး/[363]အရှင်ဝက္ကလိမထေရ်.md
အံ-ဋ္ဌ-၃	အံ-ဋ္ဌ	၃	3	Aṅguttara-aṭṭhakathā	增支部义注	26	6	9	2	3	6	အံ၊ဋ္ဌ၊၃၊၁၇၄×2 | အံ၊ဋ္ဌ၊၃၊၂၄၅×2 | အံ၊ဋ္ဌ၊၃၊၃၃၉×2 | အံ၊ဋ္ဌ၊၃၊၂၁၃×2 | အံ၊ဋ္ဌ၊၃၊၂၃၀×2 | အံ-ဋ္ဌ-၃-၂၂၅×2	有写在方括号里的	vol_1/markdown/[240]အာနာပါနဿတိသမာဓိပိုင်း/[510]“ ဉာဏ်ရောင် အကြောင်း ”/[512b]အာလောကသညာ.md
အံ-ဋ္ဌ-၁	အံ-ဋ္ဌ	၁	1	Aṅguttara-aṭṭhakathā	增支部义注	25	3	13	0	8	1	အံ၊ဋ္ဌ၊၁၊၇၁×3 | အံ၊ဋ္ဌ၊၁၊၇၂×3 | အံ၊ဋ္ဌ၊၁၊၄၆×2 | အံ၊ဋ္ဌ၊၁၊၆၇×2 | အံ၊ဋ္ဌ၊၁၊၄၅×1 | အံ၊ဋ္ဌ၊၁၊၆၇-၇၂×1		vol_1/markdown/[240]အာနာပါနဿတိသမာဓိပိုင်း/[510]“ ဉာဏ်ရောင် အကြောင်း ”/[524]ကသိဏာလောက - ပရိကမ္မာလောက.md
မူလဋီ-၃	မူလဋီ	၃	3	Mūlaṭīkā	根本复注	23	3	0	20	0	0	မူလဋီ၊၃၊၁၇၅×7 | မူလဋီ၊၃၊၁၉၀×3 | မူလဋီ၊၃၊၁၇၂×3 | မူလဋီ၊၃၊၁၆၉×2 | မူလဋီ၊၃၊၁၇၀×2 | မူလဋီ၊၃၊၁၇၁×2		vol_1/markdown/[535]ရုပ်ကမ္မဋ္ဌာန်းပိုင်း/[672b]၁။ အာဟာရ.md
ဇာတက-ဋ္ဌ-၂	ဇာတက-ဋ္ဌ	၂	2	Jātaka-aṭṭhakathā	本生义注	21	1	0	0	20	0	ဇာတက-ဋ္ဌ-၂-၁၇၆×5 | ဇာတက-ဋ္ဌ-၂-၁၇၉×3 | ဇာတက-ဋ္ဌ-၂-၁၇၇×2 | ဇာတက၊ဋ္ဌ၊၂၊၂၃၇×1 | စူဠပဒုမဇာတ်-ဇာတက-ဋ္ဌ-၂-၁၀၅-၁၁၀×1 | ဇာတက-ဋ္ဌ-၂-၁၄၅-၁၄၆×1	前缀说明: စူဠပဒုမဇာတ်; 有写在方括号里的	vol_1/markdown/[2].ကောင်းသော ည တစ်ညပိုင်း/[2]ပစ္စက္ခဉာဏ်နှင့် အနွယဉာဏ်အကြောင်း/[119]ဂေါတမကစေတိယသုတ္တန် ကောက်နုတ်ချက်.md
မ-ဋ္ဌ-၂	မ-ဋ္ဌ	၂	2	Majjhima-aṭṭhakathā	中部义注	21	6	5	0	8	2	မ၊ဋ္ဌ၊၂၊၁၆၃×3 | မ-ဋ္ဌ-၂-၁၃-၁၄×3 | မ၊ဋ္ဌ၊၂၊၂၀၇×2 | မ၊ဋ္ဌ၊၂၊၇၁-၇၂×2 | မ၊ဋ္ဌ၊၂၊၁၆၅×2 | မ-ဋ္ဌ-၂-၁၅-၁၆×2		vol_1/markdown/[186]သမာဓိထူထောင်သင့်ပုံပိုင်း/[189]မဟာဂေါပါလကသုတ္တန် - အဆိုတစ်ရပ်.md
အံ-ဋ္ဌ-၂	အံ-ဋ္ဌ	၂	2	Aṅguttara-aṭṭhakathā	增支部义注	21	2	4	3	0	12	အံ၊ဋ္ဌ၊၂၊၃၆၄×8 | အံ၊ဋ္ဌ၊၂၊၃၄၆×8 | အံ၊ဋ္ဌ၊၂၊၂၂၇×1 | အံ၊ဋ္ဌ၊၂၊၂၂၈×1 | အံ၊ဋ္ဌ၊၂၊၃၆၅×1 | အံ၊ဋ္ဌ၊၂၊၂၀၄×1	有写在方括号里的	vol_1/markdown/[240]အာနာပါနဿတိသမာဓိပိုင်း/[510]“ ဉာဏ်ရောင် အကြောင်း ”/[527]အဓိစိတ္တ ဟူသည်.md
ဒီ-၁	ဒီ	၁	1	Dīgha-nikāya	长部	19	7	3	6	0	3	ဒီ၊၁၊၇၁×3 | ဒီ၊၁၊၁၇×3 | ဒီ၊၁၊၃၄×2 | ဒီ၊၁၊၇၂×2 | ဒီ၊၁၊၁၂×2 | ဒီ၊၁၊၁၇၂×2		vol_1/markdown/[240]အာနာပါနဿတိသမာဓိပိုင်း/[427]ပဌမဇ္ဈာနကထာ/[430b]ပထမဈာန်သမာဓိ.md
အံ-၂	အံ	၂	2	Aṅguttara-nikāya	增支部	19	6	5	0	3	5	အံ၊၂၊၄၆၃×4 | အံ၊၂၊၃၉၉×3 | အံ-၂-၃၆၃×2 | အံ၊၂၊၃၈၄-၃၈၅×2 | အံ၊၂၊၃၆၃×1 | အံ၊၂၊၃၇၉×1		vol_1/markdown/[240]အာနာပါနဿတိသမာဓိပိုင်း/[510]“ ဉာဏ်ရောင် အကြောင်း ”/[512a]ပစလာယမာနသုတ္တန် ကောက်နုတ်ချက်.md
မ-ဋ္ဌ-၃	မ-ဋ္ဌ	၃	3	Majjhima-aṭṭhakathā	中部义注	18	8	1	0	7	2	မ၊ဋ္ဌ၊၃၊၂၂၅×5 | မ-ဋ္ဌ-၃-၉၇×4 | မ၊ဋ္ဌ၊၃၊၉၇×2 | မ-ဋ္ဌ-၃-၈၅×2 | မ၊ဋ္ဌ၊၃၊၂၂×2 | မ၊ဋ္ဌ၊၃၊၆၀×1		vol_1/markdown/[240]အာနာပါနဿတိသမာဓိပိုင်း/[510]“ ဉာဏ်ရောင် အကြောင်း ”/[528]ပဘဿရ - ပရိယောဒါတ.md
ဣတိဝုတ္တက-ဋ္ဌ	ဣတိဝုတ္တက-ဋ္ဌ			Itivuttaka-aṭṭhakathā	如是语义注	18	17	1	0	0	0	ဣတိဝုတ္တက၊ဋ္ဌ၊၃၁၀×12 | ဣတိဝုတ္တက၊ဋ္ဌ၊၁၇၁×3 | ဣတိဝုတ္တက၊ဋ္ဌ၊၁၇၀-၁၇၁×1 | ဣတိဝုတ္တက၊ဋ္ဌ၊၃၁၁×1 | ဣတိဝုတ္တက၊ဋ္ဌ၊၃၃၁×1	有漏写括号、直接写在正文里的	vol_1/markdown/[2].ကောင်းသော ည တစ်ညပိုင်း/[132]ဘဒ္ဒေကရတ္တသုတ္တန် - ရှင်းလင်းချက်/[162]ဘူတံ ဘူတတော ပဿတိ.md
ဝိ-၃	ဝိ	၃	3	Vinaya-piṭaka	律藏	16	12	0	3	1	0	ဝိ၊၃၊၂×4 | ဝိ၊၃၊၃၄၄×3 | ဝိ၊၃၊၁၈×2 | ဝိ၊၃၊၁×2 | ဝိ-၃-၅-၆×2 | ဝိ၊၃၊၃၄၈-၃၄၉×1		vol_1/markdown/[186]သမာဓိထူထောင်သင့်ပုံပိုင်း/[209]အနတ္တရောင်ခြည်တော်.md
ဒီ-ဋ္ဌ-၁	ဒီ-ဋ္ဌ	၁	1	Dīgha-aṭṭhakathā	长部义注	15	6	4	2	0	3	ဒီ၊ဋ္ဌ၊၁၊၁၇၄×3 | ဒီ၊ဋ္ဌ၊၁၊၁၇၆×2 | ဒီ၊ဋ္ဌ၊၁၊၁၇၅×2 | ဒီ၊ဋ္ဌ၊၁၊၃၁၄×2 | ဒီ၊ဋ္ဌ၊၁၊၁၈×1 | ဒီ၊ဋ္ဌ၊၁၊၁၆၆×1		vol_1/markdown/[240]အာနာပါနဿတိသမာဓိပိုင်း/[280]အာနာပါနလုပ်ငန်းခွင်သို့ ချဉ်းကပ်ပုံ နှစ်မျိုး/[335b]ဣရိယာပုထ် ပြင်သင့်-မပြင်သင့်.md
အနုဋီ-၃	အနုဋီ	၃	3	Anuṭīkā	随复注	15	3	0	12	0	0	အနုဋီ၊၃၊၂၃၈×5 | အနုဋီ၊၃၊၂၅၈×3 | အနုဋီ၊၃၊၂၃၇×2 | အနုဋီ၊ ၃၊ ၆၅×1 | အနုဋီ၊ ၃၊ ၁၉၆×1 | အနုဋီ၊၃၊၂၅၃×1	有写在方括号里的	vol_1/markdown/[535]ရုပ်ကမ္မဋ္ဌာန်းပိုင်း/[672b]၁။ အာဟာရ.md
ဒီ-ဋီ-၁	ဒီ-ဋီ	၁	1	Dīgha-ṭīkā	长部复注	14	1	13	0	0	0	ဒီ၊ဋီ၊၁၊၂၅၀×4 | ဒီ၊ဋီ၊၁၊၂၅၂×3 | ဒီ၊ဋီ၊၁၊၂၄၆×2 | ဒီ၊ဋီ၊၁၊၂၅၁×2 | ဒီ၊ဋီ၊၁၊၁၇×1 | ဒီ၊ဋီ၊၁၊၂၄၉×1		vol_1/markdown/[769] သမထကမ္မဋ္ဌာန်းပိုင်း/[769]c ကမ္မဋ္ဌာန်း အမျိုးအစ.md
ဇာတက-ဋ္ဌ-၃	ဇာတက-ဋ္ဌ	၃	3	Jātaka-aṭṭhakathā	本生义注	12	0	0	0	12	0	ဇာတက-ဋ္ဌ-၃-၄၇၆×2 | ဇာတက-ဋ္ဌ-၃-၈၇×2 | ဇာတက-ဋ္ဌ-၃-၄၇၅×1 | ဇာတက-ဋ္ဌ-၃-၃၇×1 | ဇာတက-ဋ္ဌ-၃-၃၉×1 | ဇာတက-ဋ္ဌ-၃-၄၀×1		vol_4/markdown/[227]သင်္ခါရက္ခန္ဓကထာ အခန်း/[346]အကုသိုလ်စေတသိက် (၁၄) လုံး အပိုင်း/[346]b-၁။ မောဟ.md
ဝိ-၁	ဝိ	၁	1	Vinaya-piṭaka	律藏	12	6	0	0	2	4	ဝိ၊၁၊၈၈×6 | ဝိ၊၁၊၈၉×2 | ဝိ-၁-၄၃×2 | ဝိ၊၁၊၃၇၇×1 | ဝိ၊၁၊၁၂၁-၁၂၂×1		vol_1/markdown/[186]သမာဓိထူထောင်သင့်ပုံပိုင်း/[203]ခဏိကစိတ္တေကဂ္ဂတာ-သမာဓိ.md
အံ-ဋီ-၂	အံ-ဋီ	၂	2	Aṅguttara-ṭīkā	增支部复注	12	3	0	1	0	8	အံ၊ဋီ၊၂၊၃၄၄×8 | အံ၊ဋီ၊၂၊၁၉၈-၁၉၉×2 | အံ၊ဋီ၊၂၊၁၆၆×1 | အံ၊ဋီ၊၂၊၁၈၃×1		vol_1/markdown/[240]အာနာပါနဿတိသမာဓိပိုင်း/[510]“ ဉာဏ်ရောင် အကြောင်း ”/[527]အဓိစိတ္တ ဟူသည်.md
အဘိ-၈	အဘိ	၈	8	Abhidhamma-piṭaka	论藏	11	0	1	4	6	0	အဘိ-၈-၁၃၃×3 | အဘိ၊၈၊၁×2 | အဘိ-၈-၃၆၆×2 | အဘိ၊၈၊၁၄၇-၁၅၀×1 | အဘိ၊၈၊၁၅၄×1 | အဘိ၊၈၊၅×1		vol_2/markdown/[1]အရူပပရိဂ္ဂဟ အခန်/[149]ပဉ္စဒွါရဝီထိ နာမ်တရားများကို သိမ်းဆည်းပုံ အပိုင်း/[180] ရူပါယတနံ - ဟု ဟောတော်မူရာဝယ်.md
ဇာတက-ဋ္ဌ-၁	ဇာတက-ဋ္ဌ	၁	1	Jātaka-aṭṭhakathā	本生义注	10	0	0	0	10	0	ဇာတက-ဋ္ဌ-၁-၁၂၈×2 | ဇာတက-ဋ္ဌ-၁-၃၃၀×1 | ဇာတက-ဋ္ဌ-၁-၁၇၂-၁၇၅×1 | ဇာတက-ဋ္ဌ-၁-၃-၇×1 | ဇာတက-ဋ္ဌ-၁-၁၇×1 | ဇာတက-ဋ္ဌ-၁-၃၉၈-၃၉၉×1		vol_4/markdown/[227]သင်္ခါရက္ခန္ဓကထာ အခန်း/[346]အကုသိုလ်စေတသိက် (၁၄) လုံး အပိုင်း/[361]၄။ဥဒ္ဒစ္စ.md
ဒီ-၃	ဒီ	၃	3	Dīgha-nikāya	长部	10	1	1	0	4	4	ဒီ၊၃၊၁၁၁×2 | ဒီ၊၃၊၂၅၂×2 | ဒီ၊၃၊၁၈၁×1 | ဒီ၊၃၊၁၉၉×1 | ဒီ-၃-၇၀-၇၃×1 | ဒီ-၃-၁၄၁×1		vol_1/markdown/[2].ကောင်းသော ည တစ်ညပိုင်း/[132]ဘဒ္ဒေကရတ္တသုတ္တန် - ရှင်းလင်းချက်/[154b]အဒ္ဓါ (= ဘ၀) ဟူသော အဓွန့်.md
ဇာတက-ဋ္ဌ-၄	ဇာတက-ဋ္ဌ	၄	4	Jātaka-aṭṭhakathā	本生义注	9	1	0	0	8	0	ဇာတက-ဋ္ဌ-၄-၄၉၀×2 | ဇာတက၊ဋ္ဌ၊၄၊၄၈၃×1 | ဇာတက-ဋ္ဌ-၄-၉၁×1 | ဇာတက-ဋ္ဌ-၄-၂၇၆-၂၈၁×1 | ဇာတက-ဋ္ဌ-၄-၄၇၈-၄၉၅×1 | ဇာတက-ဋ္ဌ-၄-၁၈၈-၁၉၇×1		vol_1/markdown/[769] သမထကမ္မဋ္ဌာန်းပိုင်း/[820]ပထဝီကသိုဏ်း = မြေကသိုဏ.md
ဇာတက-ဋ္ဌ-၅	ဇာတက-ဋ္ဌ	၅	5	Jātaka-aṭṭhakathā	本生义注	9	0	0	8	1	0	ဇာတက၊ဋ္ဌ၊၅၊၃၀၆×3 | ဇာတက၊ဋ္ဌ၊၅၊၂၂၃×1 | ဇာတက၊ဋ္ဌ၊၅၊၃၇×1 | ဇာတက၊ဋ္ဌ၊၅၊၃၉-၄၀×1 | ဇာတက၊ဋ္ဌ၊၅၊၄၀×1 | ဇာတက၊ဋ္ဌ၊၅၊၅၆×1		vol_3/markdown/[1]ပဋိစ္စသမုပ္ပါဒ်ပိုင်း - အပိုင်း (က)/[88]အလုပ်စခန်းကို စတင်အားသစ်ပုံ/[131] ဥမ္မာဒန္တီ၏ ရှေးဆုတောင်း.md
ဓမ္မပဒ-ဋ္ဌ-၂	ဓမ္မပဒ-ဋ္ဌ	၂	2	Dhammapada-aṭṭhakathā	法句义注	9	0	0	0	9	0	ဓမ္မပဒ-ဋ္ဌ-၂-၈၃×2 | ဓမ္မပဒ-ဋ္ဌ-၂-၄၀၇×2 | ဓမ္မပဒ-ဋ္ဌ-၂-၃၆၃×1 | ဓမ္မပဒ-ဋ္ဌ-၂-၈၉×1 | ဓမ္မပဒ-ဋ္ဌ-၂-၈၈-၉၀×1 | ဓမ္မပဒ-ဋ္ဌ-၂-၉၀×1		vol_4/markdown/[227]သင်္ခါရက္ခန္ဓကထာ အခန်း/[346]အကုသိုလ်စေတသိက် (၁၄) လုံး အပိုင်း/[377]အရှင်ကောကာလိက၏ ရှေးဖြစ်ဟောင်း အောက်မေ့ဖွယ်.md
ဝိ-ဋ္ဌ-၁	ဝိ-ဋ္ဌ	၁	1	Vinaya-aṭṭhakathā	律藏义注	9	5	3	0	1	0	ဝိ၊ဋ္ဌ၊၁၊၁၂၇×3 | ဝိ၊ဋ္ဌ၊၁၊၂၆၀×3 | ဝိ၊ဋ္ဌ၊၁၊၂×1 | ဝိ၊ဋ္ဌ၊၁၊၃×1 | ဝိ-ဋ္ဌ-၁-၁၈၂×1		vol_1/markdown/[240]အာနာပါနဿတိသမာဓိပိုင်း/[502]စတုတ္ထဈာန်၏ ဂုဏ်အင်္ဂါ ရှစ်ပါး/[502a]စတုတ္ထဈာန်၏ ဂုဏ်အင်္ဂါ ရှစ်ပါး.md
အံ-ဋီ-၃	အံ-ဋီ	၃	3	Aṅguttara-ṭīkā	增支部复注	8	8	0	0	0	0	အံ၊ဋီ၊၃၊၁၇၈×3 | အံ၊ဋီ၊၃၊၁၄၆×2 | အံ၊ဋီ၊၃၊၂၄၉×2 | အံ၊ဋီ၊၃၊၁၇၇-၁၇၈×1		vol_1/markdown/[240]အာနာပါနဿတိသမာဓိပိုင်း/[510]“ ဉာဏ်ရောင် အကြောင်း ”/[512b]အာလောကသညာ.md
ခု-၉	ခု	၉	9	Khuddaka-nikāya	小部	7	1	4	1	1	0	ခု၊၉၊၆×4 | ခု၊၉၊၄၀၆×1 | ခု၊၉၊၄၇×1 | ခု-၉-၂၇၁×1		vol_1/markdown/[535]ရုပ်ကမ္မဋ္ဌာန်းပိုင်း/[578]အာပေါဓာတ်ကို ရှုလို့ မရနိုင်ဟူသော အယူအဆ.md
ဓမ္မပဒ	ဓမ္မပဒ			Dhammapada	法句经	7	0	0	0	5	2	ဓမ္မပဒ-၁၃×2 | ဓမ္မပဒ-၁၅၈×2 | ဓမ္မပဒ၊၃၀×2 | ဓမ္မပဒ-၁၇၄×1		vol_4/markdown/[227]သင်္ခါရက္ခန္ဓကထာ အခန်း/[286]စိတ်နှင့် စေတသိက်အကြောင်း.md
မဃဒေဝ	မဃဒေဝ			Maghadeva-laṅkā	摩伽提婆linkā (缅文诗)	7	0	0	4	0	3	မဃဒေဝ၊စာပိုဒ်-၃၁၉×2 | မဃဒေဝ - စာပိုဒ်-၂၈၁×1 | မဃဒေဝ - စာပိုဒ်-၂၈၉×1 | မဃဒေဝ - စာပိုဒ်-၂၉၁×1 | မဃဒေဝ - စာပိုဒ်-၃၁၉×1 | မဃဒေဝ၊စာပိုဒ်-၂၉၁×1		vol_3/markdown/[1]ပဋိစ္စသမုပ္ပါဒ်ပိုင်း - အပိုင်း (က)/[336] သေသူနှင့် ရှင်သူ.md
သင်္ဂြိုဟ်ဘာသာဋီကာ	သင်္ဂြိုဟ်ဘာသာဋီကာ			Saṅgaha-bhāsāṭīkā	摄义论缅文复注	7	2	2	1	2	0	သင်္ဂြိုဟ်ဘာသာဋီကာ၊၅၆၅-၅၆၆×1 | သင်္ဂြိုဟ်ဘာသာဋီကာ၊၅၆၆×1 | သင်္ဂြိုဟ်ဘာသာဋီကာ၊၉၈×1 | သင်္ဂြိုဟ်ဘာသာဋီကာ၊၁၈၂×1 | သင်္ဂြိုဟ်ဘာသာဋီကာ၊၁၆၁-၁၆၂×1 | သင်္ဂြိုဟ်ဘာသာဋီကာ-၄၁၀-၄၁၁×1		vol_1/markdown/[240]အာနာပါနဿတိသမာဓိပိုင်း/[427]ပဌမဇ္ဈာနကထာ/[456b]၁။ အာဝဇ္ဇန၀သီ.md
ဥဒါန-ဋ္ဌ	ဥဒါန-ဋ္ဌ			Udāna-aṭṭhakathā	自说经义注	7	0	5	0	0	2	ဥဒါန၊ဋ္ဌ၊၈၂×5 | ဥဒါန၊ဋ္ဌ၊၂၁၄×2	有写在方括号里的	vol_2/markdown/[347]ဣရိယာပထ အခန်းနှင့် သမ္ပဇဉ်အခန်း/[375] ဒိဋ္ဌေ - ဒိဋ္ဌမတ္တံ ကျင့်စဉ်.md
ပြည်-ဝိသုဒ္ဓိမဂ်နိဿယ-၅	ပြည်-ဝိသုဒ္ဓိမဂ်နိဿယ	၅	5	Pyi Visuddhimagga-nissaya	卑谬版清净道论尼思耶	6	4	0	0	0	2	ပြည်-ဝိသုဒ္ဓိမဂ်နိဿယ၊၅၊၁၆၅×3 | ပြည်-ဝိသုဒ္ဓိမဂ်နိဿယ၊ပဉ္စမတွဲ၊၁၆၅×1 | ပြည်-ဝိသုဒ္ဓိမဂ်နိဿယ၊၅၊၂၀၇-၂၀၈×1 | ပြည်-ဝိသုဒ္ဓိမဂ်နိဿယ၊၅၊၄၀၅×1	册号写作缅文序数词	vol_1/markdown/[2].ကောင်းသော ည တစ်ညပိုင်း/[2]ပစ္စက္ခဉာဏ်နှင့် အနွယဉာဏ်အကြောင်း/[032]ပြည်ဆရာတော်ဘုရားကြီး၏ မှတ်ချက်.md
မ-ဋီ-၂	မ-ဋီ	၂	2	Majjhima-ṭīkā	中部复注	6	4	0	2	0	0	မ၊ဋီ၊၂၊၆၃×2 | မ၊ဋီ၊၂၊၂၂၅×1 | မ၊ဋီ၊၂၊၂၂၇×1 | မ၊ဋီ၊၂၊၂၉×1 | တို့တွင်လည်းကောင်း，ယင်းသုံးမျိုးတို့တွင်လည်း အနာဂတ်သာ မုချအားဖြင့် အနုသယမည်သည်ဟူသော အဆိုကို -- မ၊ ဋီ၊ ၂၊ ၂၈၆-၇×1	前缀说明: တို့တွင်လည်းကောင်း-ယင်းသုံးမျိုးတို့တွင်လည်း-အနာဂတ်သာ-မုချအားဖြင့်-အနုသယမည်သည်ဟူသော-အဆိုကို; 有写在方括号里的	vol_1/markdown/[2].ကောင်းသော ည တစ်ညပိုင်း/[132]ဘဒ္ဒေကရတ္တသုတ္တန် - ရှင်းလင်းချက်/[163]မဟာတဏှာသင်္ခယသုတ္တန် ကောက်နုတ်ချက်.md
သံ-ဋ္ဌ-၁	သံ-ဋ္ဌ	၁	1	Saṃyutta-aṭṭhakathā	相应部义注	6	1	0	4	1	0	သံ၊ဋ္ဌ၊၁၊၂၀၁×2 | သံ၊ဋ္ဌ၊၁၊၂၅၂×1 | သံ၊ဋ္ဌ၊၁၊၁၈၂×1 | သံ၊ဋ္ဌ၊၁၊၂၇၄×1 | သံ-ဋ္ဌ-၁-၁၉၈-၁၉၉×1		vol_1/markdown/[2].ကောင်းသော ည တစ်ညပိုင်း/[2]ပစ္စက္ခဉာဏ်နှင့် အနွယဉာဏ်အကြောင်း/[131]အမြတ်ဆုံးစကားတေ.md
ပြည်-ဝိသုဒ္ဓိမဂ်နိဿယ-၃	ပြည်-ဝိသုဒ္ဓိမဂ်နိဿယ	၃	3	Pyi Visuddhimagga-nissaya	卑谬版清净道论尼思耶	5	0	0	0	5	0	ပြည်-ဝိသုဒ္ဓိမဂ်နိဿယ-၃-၂၁၆×1 | ပြည်-ဝိသုဒ္ဓိမဂ်နိဿယ-၃-၂၂၆-၂၂၇×1 | ပြည်-ဝိသုဒ္ဓိမဂ်နိဿယ-၃-၂၂၉×1 | ပြည်-ဝိသုဒ္ဓိမဂ်နိဿယ-၃-၂၄၁×1 | ပြည်-ဝိသုဒ္ဓိမဂ်နိဿယ-၃-၂၈၅×1		vol_4/markdown/[010]ရုပ် (၂၈) ပါး = ရူပက္ခန္ဓကထာ အခန်း/[070] ၁၇။ ဟဒယဝတ္ထု.md
မိလိန္ဒပဉှ	မိလိန္ဒပဉှ			Milindapañha	弥兰王问经	5	0	0	0	5	0	မိလိန္ဒပဉှ-၃၈×1 | မိလိန္ဒပဉှ-၆၄×1 | မိလိန္ဒပဉှ-၃၁×1 | မိလိန္ဒပဉှ-၃၆×1 | မိလိန္ဒပဉှ-၃၇×1		vol_4/markdown/[227]သင်္ခါရက္ခန္ဓကထာ အခန်း/[292]သဗ္ဗစိတ္တသာဓာရဏ စေတသိက်အပိုင်း/[303]၃။ဧကဂ္ဂတာ = သမာဓိ.md
အဘိ-၄	အဘိ	၄	4	Abhidhamma-piṭaka	论藏	5	1	0	1	2	1	အဘိ-၄-၂၉၀×2 | အဘိ၊၄၊၂၉၀×1 | အဘိ၊၄၊၂၄၈×1 | အဘိ၊၄၊၃၇၁×1		vol_1/markdown/[2].ကောင်းသော ည တစ်ညပိုင်း/[2]ပစ္စက္ခဉာဏ်နှင့် အနွယဉာဏ်အကြောင်း/[063]ဒုက္ခသစ္စာ နှင့် သမုဒယသစ.md
အဘိဓမ္မတ္ထသင်္ဂဟ	အဘိဓမ္မတ္ထသင်္ဂဟ			Abhidhammatthasaṅgaha	摄阿毗达摩义论	5	3	0	0	1	1	အဘိဓမ္မတ္ထသင်္ဂဟ၊၁၅၈×1 | အဘိဓမ္မတ္ထသင်္ဂဟ၊၁၃၂×1 | အဘိဓမ္မတ္ထသင်္ဂဟ-၁၃၂×1 | အဘိဓမ္မတ္ထသင်္ဂဟ-၁၅၈×1 | အဘိဓမ္မတ္ထသင်္ဂဟ၊၁၅၉×1		vol_1/markdown/[186]သမာဓိထူထောင်သင့်ပုံပိုင်း/[191]စိတ္တဝိသုဒ္ဓိမှ ဒိဋ္ဌိဝိသုဒ္ဓိသို့.md
ဥဒါန	ဥဒါန			Udāna	自说经	5	0	0	1	0	4	ဥဒါန၊၁၂၀×4 | ဥဒါန၊၇၉×1		vol_3/markdown/[1]ပဋိစ္စသမုပ္ပါဒ်ပိုင်း - အပိုင်း (က)/[213]အတ္ထနယ (၄) မျိုး = နည်း (၄) ထွေ/[220] ဥစ္ဆေဒဒိဋ္ဌိ ဖြစ်တတ်ပုံ.md
ခု-၅	ခု	၅	5	Khuddaka-nikāya	小部	4	0	0	0	4	0	ခု-၅-၃၂၇×1 | ခု-၅-၂၀၂×1 | ခု-၅-၆၈×1 | ခု-၅-၂၂၁-၂၉၉×1		vol_4/markdown/[142]ဝိညာဏက္ခန္ဓကထာ အခန်း/[190]တစ်နည်း အဖွင့်များ.md
ဒီ-ဋ္ဌ-၃	ဒီ-ဋ္ဌ	၃	3	Dīgha-aṭṭhakathā	长部义注	4	4	0	0	0	0	ဒီ၊ဋ္ဌ၊၃၊၂၀၂×4		vol_1/markdown/[2].ကောင်းသော ည တစ်ညပိုင်း/[2]ပစ္စက္ခဉာဏ်နှင့် အနွယဉာဏ်အကြောင်း/[002a]ပစ္စက္ခဉာဏ်နှင့် အနွယဉာဏ်အကြောင်း.md
ဓမ္မပဒ-ဋ္ဌ-၁	ဓမ္မပဒ-ဋ္ဌ	၁	1	Dhammapada-aṭṭhakathā	法句义注	4	0	0	0	4	0	ဓမ္မပဒ-ဋ္ဌ-၁-၆×2 | ဓမ္မပဒ-ဋ္ဌ-၁-၃၁၃-၃၁၄×1 | ဓမ္မပဒ-ဋ္ဌ-၁-၃၁၃-၃၂၀×1		vol_4/markdown/[227]သင်္ခါရက္ခန္ဓကထာ အခန်း/[346]အကုသိုလ်စေတသိက် (၁၄) လုံး အပိုင်း/[353]မီးသွေးထမ်းရသူ ပညာရှိကြီး.md
ပြည်-၂	ပြည်	၂	2	Pyi-nissaya	卑谬版尼思耶	4	4	0	0	0	0	ပြည်၊၂၊၂၃၉×1 | ပြည်၊၂၊၂၄၂×1 | ပြည်၊၂၊၂၄၈-၂၄၉×1 | ပြည်၊၂၊၅၁၈-၅၁၉×1		vol_1/markdown/[240]အာနာပါနဿတိသမာဓိပိုင်း/[280]အာနာပါနလုပ်ငန်းခွင်သို့ ချဉ်းကပ်ပုံ နှစ်မျိုး/[291]စပါးခြင်သမား ရေတွက်နည်း.md
မဟာဗုဒ္ဓဝင်	မဟာဗုဒ္ဓဝင်			Mahābuddhavaṃsa	大佛史	4	2	0	0	2	0	မဟာဗုဒ္ဓဝင်၊ ဒု၊ ၃၅၇-၃၆၁×1 | မဟာဗုဒ္ဓဝင်၊ဒုတိယတွဲ၊၃၅၆×1 | မဟာဗုဒ္ဓဝင် စတုတ္ထတွဲ၊ စာမျက်နှာ-၃၂၃-၃၂၅×1 | မဟာဗုဒ္ဓဝင်-၅-၇၃၃-၇၃၄×1		vol_1/markdown/[2].ကောင်းသော ည တစ်ညပိုင်း/[2]ပစ္စက္ခဉာဏ်နှင့် အနွယဉာဏ်အကြောင်း/[116]ဗောဓိကထာ ကောက်နုတ်ချက်.md
ဝိ-ဋ္ဌ-၃	ဝိ-ဋ္ဌ	၃	3	Vinaya-aṭṭhakathā	律藏义注	4	4	0	0	0	0	ဝိ၊ဋ္ဌ၊၃၊၂၃၇×2 | ဝိ၊ဋ္ဌ၊၃၊၃၈၄-၃၈၅×1 | ဝိ၊ဋ္ဌ၊၃၊၃၈၅×1		vol_1/markdown/[2].ကောင်းသော ည တစ်ညပိုင်း/[168]သာသနာ့မဏ္ဍိုင်ကြီးများ/[172b]ဝိနည်းမဟာပဒေသတရား လေးပါး.md
ဝိဘင်္ဂ	ဝိဘင်္ဂ			Vibhaṅga	分别论	4	0	0	0	0	4	ဝိဘင်္ဂ၊၃၄၁×4		vol_5/markdown/[463]ဉာဏဒဿနဝိသုဒ္ဓိနိဒ္ဒေသ/[499] ယုတ္တိသာဓက ပါဠိတော်.md
သီ-ဋီ	သီ-ဋီ			Sīlakkhandhavagga-ṭīkā	戒蕴品复注	4	0	4	0	0	0	သီ၊ဋီ၊၂၄၇×2 | ဃနဝိနိဗ္ဘောဂေန - သီ၊ဋီ၊၂၄၆×1 | သီ၊ဋီ၊၂၄၈×1	前缀说明: ဃနဝိနိဗ္ဘောဂေန; 有写在方括号里的	vol_2/markdown/[347]ဣရိယာပထ အခန်းနှင့် သမ္ပဇဉ်အခန်း/[382] အသမ္မောဟသမ္ပဇဉ်.md
သံ-ဋီ-၁	သံ-ဋီ	၁	1	Saṃyutta-ṭīkā	相应部复注	4	1	0	2	1	0	သံ၊ဋီ၊၁၊၁၈×1 | သံ၊ဋီ၊၁၊၃၀၆-၃၀၇×1 | သံ၊ဋီ၊၁၊၃၀၆×1 | သံ-ဋီ-၁-၂၇၁×1		vol_1/markdown/[769] သမထကမ္မဋ္ဌာန်းပိုင်း/[769]c ကမ္မဋ္ဌာန်း အမျိုးအစ.md
အဘိ-၉	အဘိ	၉	9	Abhidhamma-piṭaka	论藏	4	0	0	4	0	0	အဘိ၊၉၊၄၂၈×2 | အဘိ၊၉၊၄၂၇×2		vol_3/markdown/[1]ပဋိစ္စသမုပ္ပါဒ်ပိုင်း - အပိုင်း (က)/[155] ပဋိသန္ဓေအကြောင်း သိကောင်းစရာ/[162] ပဉ္စဒွါရ၌ နိမိတ်ထင်ပုံ.md
ခု-၁၁	ခု	၁၁	11	Khuddaka-nikāya	小部	3	0	0	0	3	0	ခု-၁၁-၃၈×2 | ခု-၁၁-၃၅×1		vol_4/markdown/[227]သင်္ခါရက္ခန္ဓကထာ အခန်း/[292]သဗ္ဗစိတ္တသာဓာရဏ စေတသိက်အပိုင်း/[303]၃။ဧကဂ္ဂတာ = သမာဓိ.md
စူဠနိ-ဋ္ဌ	စူဠနိ-ဋ္ဌ			Cūḷaniddesa-aṭṭhakathā	小义释义注	3	0	0	3	0	0	စူဠနိ၊ဋ္ဌ၊၂၄×2 | စူဠနိ၊ဋ္ဌ၊၁၆၇×1		vol_3/markdown/[337]ပဋိစ္စသမုပ္ပါဒ်ပိုင်း - အပိုင်း (ခ)/[459]ဝိညာဏပစ္စယာ နာမရူပံ/[459]b ဝိညာဏ်အရ - တရားကိုယ်ကောက်ယူပုံ.md
ပြည်-ဝိသုဒ္ဓိမဂ်-နိဿယ-၃	ပြည်-ဝိသုဒ္ဓိမဂ်-နိဿယ	၃	3	Pyi Visuddhimagga-nissaya	卑谬版清净道论尼思耶	3	0	0	0	3	0	ပြည်-ဝိသုဒ္ဓိမဂ်-နိဿယ-၃-၂၁၇×1 | ပြည်-ဝိသုဒ္ဓိမဂ် နိဿယ-၃-၂၂၂×1 | ပြည်-ဝိသုဒ္ဓိမဂ် နိဿယ-၃-၂၂၈×1		vol_4/markdown/[010]ရုပ် (၂၈) ပါး = ရူပက္ခန္ဓကထာ အခန်း/[103].md
မဟာနိ-ဋ္ဌ	မဟာနိ-ဋ္ဌ			Mahāniddesa-aṭṭhakathā	大义释义注	3	2	0	1	0	0	မဟာနိ၊ဋ္ဌ၊၃၅၇×1 | မဟာနိ၊ဋ္ဌ၊၁၁၁×1 | မဟာနိ၊ ဋ္ဌ၊ ၂၀၅-၆×1	有写在方括号里的	vol_1/markdown/[769] သမထကမ္မဋ္ဌာန်းပိုင်း/[769]c ကမ္မဋ္ဌာန်း အမျိုးအစ.md
မိလိန္ဒပဥှာ	မိလိန္ဒပဥှာ			Milindapañha	弥兰王问经	3	1	2	0	0	0	မိလိန္ဒပဥှာ၊၉၄×2 | မိလိန္ဒပဥှာ၊၃၈×1		vol_1/markdown/[240]အာနာပါနဿတိသမာဓိပိုင်း/[510]“ ဉာဏ်ရောင် အကြောင်း ”/[510c]ပညာရောင် = ဉာဏ်ရောင်.md
ဝိ-၂	ဝိ	၂	2	Vinaya-piṭaka	律藏	3	0	0	1	2	0	ဝိ၊၂၊၅၁-၅၂×1 | ဝိ-၂-၃၃၉-၃၄၀×1 | ဝိ-၂-၉၆×1		vol_3/markdown/[337]ပဋိစ္စသမုပ္ပါဒ်ပိုင်း - အပိုင်း (ခ)/[525] တဏှာပစ္စယာ ဥပါဒါနံ/[535] သဿတဒိဋ္ဌိနှင့် ဥစ္ဆေဒဒိဋ္ဌိ.md
သုတ္တနိ-ဋ္ဌ-၁	သုတ္တနိ-ဋ္ဌ	၁	1	Suttanipāta-aṭṭhakathā	经集义注	3	3	0	0	0	0	သုတ္တနိ၊ဋ္ဌ၊၁၊၄၈-၄၉×2 | သုတ္တနိ၊ဋ္ဌ၊၁၊၄၉×1		vol_1/markdown/[769] သမထကမ္မဋ္ဌာန်းပိုင်း/[772b]ပါရိဟာရိယကမ္မဋ္ဌာန်း = မူလကမ္မဋ္ဌာန်း.md
သုတ္တနိပါတ	သုတ္တနိပါတ			Suttanipāta	经集	3	0	0	0	2	1	သုတ္တနိပါတ-၃၁၂×2 | သုတ္တနိပါတ၊၃၀၈×1		vol_4/markdown/[227]သင်္ခါရက္ခန္ဓကထာ အခန်း/[292]သဗ္ဗစိတ္တသာဓာရဏ စေတသိက်အပိုင်း/[303]၃။ဧကဂ္ဂတာ = သမာဓိ.md
သုတ္တနိပါတ-ဋ္ဌ-၁	သုတ္တနိပါတ-ဋ္ဌ	၁	1	Suttanipāta-aṭṭhakathā	经集义注	3	0	0	1	2	0	သုတ္တနိပါတ၊ဋ္ဌ၊၁၊၆၉×1 | သုတ္တနိပါတ-ဋ္ဌ-၁-၁၉၄-၁၉၅×1 | သုတ္တနိပါတ-ဋ္ဌ-၁-၁၉၇-၁၉၈×1		vol_3/markdown/[1]ပဋိစ္စသမုပ္ပါဒ်ပိုင်း - အပိုင်း (က)/[88]အလုပ်စခန်းကို စတင်အားသစ်ပုံ/[139] မဟာပဒုမပစ္စေကဗုဒ္ဓါ၏ အလောင်းလျာ အ.md
အဋ္ဌသာလိနီဘာသာဋီကာ-၄	အဋ္ဌသာလိနီဘာသာဋီကာ	၄	4	Aṭṭhasālinī-bhāsāṭīkā	殊胜义注缅文复注	3	0	0	0	3	0	အဋ္ဌသာလိနီဘာသာဋီကာ-၄-၁၀×1 | အဋ္ဌသာလိနီဘာသာဋီကာ-၄-၂၂-၂၃×1 | အဋ္ဌသာလိနီဘာသာဋီကာ-၄-၃၄၃-၃၄၄×1		vol_4/markdown/[010]ရုပ် (၂၈) ပါး = ရူပက္ခန္ဓကထာ အခန်း/[065] န ပန တိဋ္ဌတိ = အခါခပ်သိမ်း မတည်ဟူသည်.md
အဘိ-၃	အဘိ	၃	3	Abhidhamma-piṭaka	论藏	3	0	0	1	0	2	အဘိ၊၃၊၁၈၄×2 | အဘိ၊၃၊၁၀၉×1		vol_3/markdown/[337]ပဋိစ္စသမုပ္ပါဒ်ပိုင်း - အပိုင်း (ခ)/[373]a ပဋ္ဌာန်းပစ္စည်းများ/[420]b ၂။ ဥပလဗ္ဘမာနတာလက္ခဏ - အတ္ထိဘာဝ.md
ဥဒါန်းပါဠိတော်	ဥဒါန်းပါဠိတော်			Udāna-pāḷi	自说经巴利圣典	3	0	0	0	1	2	ဥဒါန်းပါဠိတော်၊၁၂၀×2 | ဥဒါန်းပါဠိတော်-၁၃၆×1	有写在方括号里的	vol_4/markdown/[227]သင်္ခါရက္ခန္ဓကထာ အခန်း/[278]အမှတ်(၁၁)အဖြေ - အမျိုးယုတ်ခြင်း.md
ခု-၆	ခု	၆	6	Khuddaka-nikāya	小部	2	0	0	0	2	0	ခု-၆-၇၇×1 | ခု-၆-၉၇×1		vol_4/markdown/[142]ဝိညာဏက္ခန္ဓကထာ အခန်း/[190]တစ်နည်း အဖွင့်များ.md
ခု-၇	ခု	၇	7	Khuddaka-nikāya	小部	2	1	0	1	0	0	ခု၊၇၊၃၂×1 | ခု၊၇၊၁၀×1		vol_1/markdown/[2].ကောင်းသော ည တစ်ညပိုင်း/[132]ဘဒ္ဒေကရတ္တသုတ္တန် - ရှင်းလင်းချက်/[148]ကာလတ္တယအနိစ္စ (ဒုက္ခ - အနတ္တ) သုတ္တန်.md
ခု-၁၀	ခု	၁၀	10	Khuddaka-nikāya	小部	2	0	0	0	2	0	ခု-၁၀-၅၀×2		vol_4/markdown/[227]သင်္ခါရက္ခန္ဓကထာ အခန်း/[292]သဗ္ဗစိတ္တသာဓာရဏ စေတသိက်အပိုင်း/[303]၃။ဧကဂ္ဂတာ = သမာဓိ.md
စူဠနိ	စူဠနိ			Cūḷaniddesa	小义释	2	0	0	0	0	2	စူဠနိ၊၁၈၀×2		vol_5/markdown/[349]သင်္ခါရုပေက္ခာဉာဏ်ခန်း/[359]a ရှင်သေမင်း မမြင်နိုင်သူ.md
ဇာ-ဋ္ဌ-၁	ဇာ-ဋ္ဌ	၁	1	Jātaka-aṭṭhakathā	本生义注	2	0	0	0	2	0	ဇာ-ဋ္ဌ-၁-၄၇၆×1 | ဇာ-ဋ္ဌ-၁-၄၈၆×1		vol_4/markdown/[227]သင်္ခါရက္ခန္ဓကထာ အခန်း/[317]ပကိဏ်း စေတသိက် အပိုင်း/[331]ကုသိတာရမ္ဘဝတ္ထု သုတ္တန်.md
ဇာ-ဋ္ဌ-၂	ဇာ-ဋ္ဌ	၂	2	Jātaka-aṭṭhakathā	本生义注	2	0	0	0	2	0	ဇာ-ဋ္ဌ-၂-၁၄၃×1 | ဇာ-ဋ္ဌ-၂-၁၄၂-၁၄၄×1		vol_4/markdown/[227]သင်္ခါရက္ခန္ဓကထာ အခန်း/[346]အကုသိုလ်စေတသိက် (၁၄) လုံး အပိုင်း/[408]အဿကဇာတ်တော် ကောက်နုတ်ချက်.md
ပြည်-၄	ပြည်	၄	4	Pyi-nissaya	卑谬版尼思耶	2	0	0	2	0	0	ပြည်၊၄၊၉၈×1 | ပြည်၊၄၊၁၆၇×1		vol_3/markdown/[337]ပဋိစ္စသမုပ္ပါဒ်ပိုင်း - အပိုင်း (ခ)/[431] အဝိဇ္ဇာပစ္စယာ သင်္ခါရာ/[440] မေးမြန်းဖွယ် အချက်တစ်ရပ်.md
ပြည်-ဝိသုဒ္ဓိမဂ်-နိဿယ-၅	ပြည်-ဝိသုဒ္ဓိမဂ်-နိဿယ	၅	5	Pyi Visuddhimagga-nissaya	卑谬版清净道论尼思耶	2	1	0	0	0	1	ပြည် - ဝိသုဒ္ဓိမဂ် နိဿယ၊၅၊၁၆၅×1 | ပြည်-ဝိသုဒ္ဓိမဂ်-နိဿယ၊၅၊၁၈၂-၁၈၃×1		vol_1/markdown/[2].ကောင်းသော ည တစ်ညပိုင်း/[2]ပစ္စက္ခဉာဏ်နှင့် အနွယဉာဏ်အကြောင်း/[100]သမ္ပတိ ဒိဋ္ဌ သင်္ခါရ ， သမ္ပတိ အဒိဋ္ဌ သင်္ခါရ.md
မဟာနိဒ္ဒေသ	မဟာနိဒ္ဒေသ			Mahāniddesa	大义释	2	0	0	0	0	2	မဟာနိဒ္ဒေသ၊၃၂×2		vol_5/markdown/[1]b မဂ္ဂါမဂ္ဂဉာဏဒဿနဝိသုဒ္ဓိ နိဒ္ဒေသ - သမ္မသနဉာဏ်ခန်း/[131] ရူပသတ္တက ရှုနည်း/[140]c ၆။ စိတ္တသမုဋ္ဌာန်ရုပ် - ရှုနည်း.md
ဝိ-ဋ္ဌ-၄	ဝိ-ဋ္ဌ	၄	4	Vinaya-aṭṭhakathā	律藏义注	2	2	0	0	0	0	ဝိ၊ဋ္ဌ၊၄၊၇၃×2		vol_1/markdown/[769] သမထကမ္မဋ္ဌာန်းပိုင်း/[772a]စတုရာရက္ခ ကမ္မဋ္ဌာန်း = အစောင့်လေးပါး ကမ္မဋ္ဌာန.md
ဝိ-သင်္ဂဟ	ဝိ-သင်္ဂဟ			Vinayasaṅgaha	律摄	2	2	0	0	0	0	ဝိ-သင်္ဂဟ၊၂၂၂×2		vol_1/markdown/[769] သမထကမ္မဋ္ဌာန်းပိုင်း/[772a]စတုရာရက္ခ ကမ္မဋ္ဌာန်း = အစောင့်လေးပါး ကမ္မဋ္ဌာန.md
ဝိမတိဋီ-၁	ဝိမတိဋီ	၁	1	Vimativinodanī-ṭīkā	除疑复注	2	2	0	0	0	0	ဝိမတိဋီ၊၁၊၂၁၆-၂၁၇×2		vol_1/markdown/[240]အာနာပါနဿတိသမာဓိပိုင်း/[280]အာနာပါနလုပ်ငန်းခွင်သို့ ချဉ်းကပ်ပုံ နှစ်မျိုး/[346]တစ်ခုတည်းသော ဘာ၀နာစိတ်၏ အာရုံ ဖြစ်နိုင်ပုံ.md
ဝိမာနဝတ္ထု	ဝိမာနဝတ္ထု			Vimānavatthu	天宫事	2	0	1	0	1	0	ဝိမာနဝတ္ထု၊၂၉×1 | ဝိမာနဝတ္ထု-၂၅×1		vol_2/markdown/[1]အရူပပရိဂ္ဂဟ အခန်/[220]မနောဒွါရ အကုသိုလ်ဇောဝီထိ နာမ်တရားများကို သိမ်းဆည်းပုံ/[232] လောဘမူ ဒိဋ္ဌိဂတဝိပ္ပယုတ်စိတ် (၄) မျိုး.md
ဝိသုဒ္ဓိ	ဝိသုဒ္ဓိ			Visuddhimagga	清净道论	2	2	0	0	0	0	နာမရူပပရိစ္ဆေဒဉာဏ်ဟူသော ဒိဋ္ဌိဝိသုဒ္ဓိ， - ၂×1 | သီလဝိသုဒ္ဓိ - ၁×1	前缀说明: နာမရူပပရိစ္ဆေဒဉာဏ်ဟူသော-ဒိဋ္ဌိ; 前缀说明: သီလ; 有漏写括号、直接写在正文里的; 疑似漏写册号 (只有一个数字)	vol_1/markdown/[186]သမာဓိထူထောင်သင့်ပုံပိုင်း/[201]ဝိပဿနာပိုင်း - ခဏိကသမာဓိ.md
ဝိသုဒ္ဓိ-ဋီ-၂	ဝိသုဒ္ဓိ-ဋီ	၂	2	Visuddhimagga-ṭīkā	清净道论复注	2	0	0	0	2	0	ဝိသုဒ္ဓိ-ဋီ-၂-၄၃၇×1 | ဝိသုဒ္ဓိ-ဋီ-၂-၄၅၄×1		vol_4/markdown/[00A]လက္ခဏ - ရသ - ပစ္စုပဋ္ဌာန် - ပဒဋ္ဌာန်တို့ကို ရှုသင့်ပုံ/[000A]နိဒါနကထာ.md
ဝိသုဒ္ဓိမဂ်နိဿယ-၃	ဝိသုဒ္ဓိမဂ်နိဿယ	၃	3	Visuddhimagga-nissaya	清净道论尼思耶	2	0	0	0	2	0	ဝိသုဒ္ဓိမဂ်နိဿယ-၃-၂၂၀-၂၂၂×1 | ဝိသုဒ္ဓိမဂ်နိဿယ-၃-၂၉၈×1		vol_4/markdown/[010]ရုပ် (၂၈) ပါး = ရူပက္ခန္ဓကထာ အခန်း/[112]ပြည်ဆရာတော်ဘုရားကြီး၏ မှတ်ချက်.md
ဝီထိပုံ-ဘုံစဉ်-ဆန်းပုံ-သိမ်ပုံ-ကျမ်း	ဝီထိပုံ-ဘုံစဉ်-ဆန်းပုံ-သိမ်ပုံ-ကျမ်း			Vīthi-bhūmi-kyan	心路·界地·历算·结界典	2	0	0	0	2	0	ဝီထိပုံ-ဘုံစဉ်-ဆန်းပုံ-သိမ်ပုံ-ကျမ်း-၂၉×2		vol_4/markdown/[010]ရုပ် (၂၈) ပါး = ရူပက္ခန္ဓကထာ အခန်း/[103b].md
ဝီထိပုံ-ဘုံစဉ်-ဆန်းပုံ-သိမ်ပုံကျမ်း	ဝီထိပုံ-ဘုံစဉ်-ဆန်းပုံ-သိမ်ပုံကျမ်း			Vīthi-bhūmi-kyan	心路·界地·历算·结界典	2	0	1	1	0	0	ဝီထိပုံ-ဘုံစဉ်-ဆန်းပုံ-သိမ်ပုံကျမ်း၊စာမျက်နှာ-၂×1 | ဝီထိပုံ-ဘုံစဉ်-ဆန်းပုံ-သိမ်ပုံကျမ်း ၃၆×1		vol_2/markdown/[1]အရူပပရိဂ္ဂဟ အခန်/[149]ပဉ္စဒွါရဝီထိ နာမ်တရားများကို သိမ်းဆည်းပုံ အပိုင်း/[186] မန္ဒာယုက - အမန္ဒာယုက - မဇ္ဈိမာယုက.md
သမ္မောဟဝိနောဒနီဘာသာဋီကာ-၂	သမ္မောဟဝိနောဒနီဘာသာဋီကာ	၂	2	Sammohavinodanī-bhāsāṭīkā	迷惑冰消缅文复注	2	2	0	0	0	0	သမ္မောဟဝိနောဒနီဘာသာဋီ၊၂၊၈၀၆×1 | သမ္မောဟဝိနောဒနီဘာသာဋီကာ၊ဒုတိယတွဲ၊၂၈၆×1	册号写作缅文序数词; 手误归一: သမ္မောဟဝိနောဒနီဘာသာဋီ	vol_1/markdown/[240]အာနာပါနဿတိသမာဓိပိုင်း/[357]အပ္ပနာကောသလ္လ တရား (၁၀) ပါး/[392b]တောင်မြို့ဆရာတော်၏ အယူအဆ.md
သာရတ္ထ-၁	သာရတ္ထ	၁	1	Sāratthadīpanī-ṭīkā	显扬心义复注	2	0	0	1	1	0	သာရတ္ထ၊ ၁၊ ၇၅×1 | သာရတ္ထ-၁-၃၇၉×1	有写在方括号里的	vol_3/markdown/[1]ပဋိစ္စသမုပ္ပါဒ်ပိုင်း - အပိုင်း (က)/[88]အလုပ်စခန်းကို စတင်အားသစ်ပုံ/[113] စေတနာသုတ္တန် ကောက်နုတ်ချက်.md
သာရတ္ထ-၂	သာရတ္ထ	၂	2	Sāratthadīpanī-ṭīkā	显扬心义复注	2	2	0	0	0	0	သာရတ္ထ၊၂၊၁၁၆×2		vol_1/markdown/[769] သမထကမ္မဋ္ဌာန်းပိုင်း/[772a]စတုရာရက္ခ ကမ္မဋ္ဌာန်း = အစောင့်လေးပါး ကမ္မဋ္ဌာန.md
အဋ္ဌသာလိနီဘာသာဋီကာ-၂	အဋ္ဌသာလိနီဘာသာဋီကာ	၂	2	Aṭṭhasālinī-bhāsāṭīkā	殊胜义注缅文复注	2	0	0	0	2	0	အဋ္ဌသာလိနီဘာသာဋီကာ -၂-၁၅၈×1 | အဋ္ဌသာလိနီဘာသာဋီကာ-၂-၅၈၉×1	有写在方括号里的	vol_4/markdown/[010]ရုပ် (၂၈) ပါး = ရူပက္ခန္ဓကထာ အခန်း/[107b].md
ဣတိဝုတ္တက	ဣတိဝုတ္တက			Itivuttaka	如是语	2	0	2	0	0	0	ဣတိဝုတ္တက၊၁၉၇×2		vol_2/markdown/[448]သတိပဋ္ဌာန်တရား (၄) ပါး အခန်း/[533]a မေးသင့်သော မေးခွန်းများ.md
ကမ္မဋ္ဌာန်းကျမ်းကြီး	ကမ္မဋ္ဌာန်းကျမ်းကြီး			Kammaṭṭhāna-kyan-gyi	业处大典	1	1	0	0	0	0	ကမ္မဋ္ဌာန်းကျမ်းကြီး - ၄၅×1		vol_1/markdown/[240]အာနာပါနဿတိသမာဓိပိုင်း/[427]ပဌမဇ္ဈာနကထာ/[460]၅။ ပစ္စဝေက္ခဏ၀သီ.md
ကိုယ်ကျင့်အဘိဓမ္မာ	ကိုယ်ကျင့်အဘိဓမ္မာ			Koyakyint-Abhidhammā	实修阿毗达摩	1	0	0	0	1	0	ကိုယ်ကျင့်အဘိဓမ္မာ-၅၁-၅၂×1		vol_4/markdown/[227]သင်္ခါရက္ခန္ဓကထာ အခန်း/[346]အကုသိုလ်စေတသိက် (၁၄) လုံး အပိုင်း/[459]အမျိုးသမီးတစ်ဦး၏ ဒေါသ.md
ခု	ခု			Khuddaka-nikāya	小部	1	0	0	1	0	0	ခု - ၁×1	有漏写括号、直接写在正文里的; 疑似漏写册号 (只有一个数字)	vol_3/markdown/[337]ပဋိစ္စသမုပ္ပါဒ်ပိုင်း - အပိုင်း (ခ)/[525] တဏှာပစ္စယာ ဥပါဒါနံ/[533]a ပုံစံ (၁) ခု.md
ခု-၃	ခု	၃	3	Khuddaka-nikāya	小部	1	0	0	0	1	0	ခု-၃-၂၇×1		vol_4/markdown/[00A]လက္ခဏ - ရသ - ပစ္စုပဋ္ဌာန် - ပဒဋ္ဌာန်တို့ကို ရှုသင့်ပုံ/[004]မနှိုင်းယှဉ်သင့်ပါ.md
ခု-၈	ခု	၈	8	Khuddaka-nikāya	小部	1	0	0	0	0	1	ခု၊၈၊၃၃×1		vol_5/markdown/[433] အနုလောမဉာဏ်ခန်း/[453] အထက်မဂ် သုံးပါးတို့ ပဝတ္တမှ ထပုံ.md
စူဠနိဒ္ဒေသ	စူဠနိဒ္ဒေသ			Cūḷaniddesa	小义释	1	0	0	0	0	1	စူဠနိဒ္ဒေသ၊၁၈၃×1		vol_5/markdown/[349]သင်္ခါရုပေက္ခာဉာဏ်ခန်း/[353] ဆကောဋိက - ဆဟာကာရသုညတာနုပဿနာ.md
ဇာတက-၂	ဇာတက	၂	2	Jātaka	本生	1	0	0	0	1	0	ဇာတက-၂-၃၀၀×1		vol_4/markdown/[227]သင်္ခါရက္ခန္ဓကထာ အခန်း/[346]အကုသိုလ်စေတသိက် (၁၄) လုံး အပိုင်း/[470]ဆရာသမား၏ ကျေးဇူးတော်.md
ဇာတက-ဋ္ဌ-၇	ဇာတက-ဋ္ဌ	၇	7	Jātaka-aṭṭhakathā	本生义注	1	0	0	0	1	0	ဇာတက-ဋ္ဌ-၇-၁၆၆×1	册号可疑 (该书常见册号最大到 ၅，疑为漏写册号)	vol_4/markdown/[227]သင်္ခါရက္ခန္ဓကထာ အခန်း/[346]အကုသိုလ်စေတသိက် (၁၄) လုံး အပိုင်း/[402]ခက်ဆစ် အဓိပ္ပါယ်များ.md
ဇာတကအဋ္ဌကထာ-၃	ဇာတကအဋ္ဌကထာ	၃	3	Jātaka-aṭṭhakathā	本生义注	1	0	0	0	1	0	ဇာတကအဋ္ဌကထာ-၃-၄၇၃-၄၇၄×1		vol_4/markdown/[227]သင်္ခါရက္ခန္ဓကထာ အခန်း/[346]အကုသိုလ်စေတသိက် (၁၄) လုံး အပိုင်း/[346]b-၁။ မောဟ.md
ထေရဂါထာ	ထေရဂါထာ			Theragāthā	长老偈	1	0	0	0	1	0	ထေရဂါထာ-၃၁၀×1		vol_4/markdown/[227]သင်္ခါရက္ခန္ဓကထာ အခန်း/[346]အကုသိုလ်စေတသိက် (၁၄) လုံး အပိုင်း/[429]၇။မာန.md
ထေရီဂါထာ	ထေရီဂါထာ			Therīgāthā	长老尼偈	1	0	0	0	1	0	ထေရီဂါထာ-၃၉၁-၃၉၂×1		vol_4/markdown/[227]သင်္ခါရက္ခန္ဓကထာ အခန်း/[346]အကုသိုလ်စေတသိက် (၁၄) လုံး အပိုင်း/[411]ရှေးဘဝက ပေါင်းဖော်ခဲ့ဖူးခြင်း.md
ဒီ-ဋီ-၃	ဒီ-ဋီ	၃	3	Dīgha-ṭīkā	长部复注	1	1	0	0	0	0	ဒီ၊ဋီ၊၃၊၂၃၄×1	册号可疑 (该书常见册号最大到 ၂，疑为漏写册号)	vol_1/markdown/[2].ကောင်းသော ည တစ်ညပိုင်း/[2]ပစ္စက္ခဉာဏ်နှင့် အနွယဉာဏ်အကြောင်း/[002a]ပစ္စက္ခဉာဏ်နှင့် အနွယဉာဏ်အကြောင်း.md
ဓမ္မပဒအဋ္ဌကထာ-၂	ဓမ္မပဒအဋ္ဌကထာ	၂	2	Dhammapada-aṭṭhakathā	法句义注	1	1	0	0	0	0	ဓမ္မပဒအဋ္ဌကထာ၊၂၊၃၃၀×1		vol_1/markdown/[240]အာနာပါနဿတိသမာဓိပိုင်း/[357]အပ္ပနာကောသလ္လ တရား (၁၀) ပါး/[415]ပါဠိတော်နှင့် အဋ္ဌကထာ.md
နေတ္တိ-ဋ္ဌ	နေတ္တိ-ဋ္ဌ			Nettippakaraṇa-aṭṭhakathā	导论义注	1	0	0	0	1	0	နေတ္တိ-ဋ္ဌ-၁၅၄×1		vol_4/markdown/[00A]လက္ခဏ - ရသ - ပစ္စုပဋ္ဌာန် - ပဒဋ္ဌာန်တို့ကို ရှုသင့်ပုံ/[000A]နိဒါနကထာ.md
ပဋိသမ္ဘိဒါမဂ်	ပဋိသမ္ဘိဒါမဂ်			Paṭisambhidāmagga	无碍解道	1	0	1	0	0	0	ပဋိသမ္ဘိဒါမဂ်၊၃၀၂×1		vol_2/markdown/[448]သတိပဋ္ဌာန်တရား (၄) ပါး အခန်း/[539] ဗောဇ္ဈင်္ဂ = ဗောဇ္ဈင်.md
ပရမတ္ထသရူပဘေဒနီ-၂	ပရမတ္ထသရူပဘေဒနီ	၂	2	Paramatthasarūpabhedanī	胜义自性分别	1	0	0	0	0	1	ပရမတ္ထသရူပဘေဒနီ၊၂၊၅၂၉×1		vol_5/markdown/[1]b မဂ္ဂါမဂ္ဂဉာဏဒဿနဝိသုဒ္ဓိ နိဒ္ဒေသ - သမ္မသနဉာဏ်ခန်း/[96] အနတ္တလက္ခဏာ (၅) ချက်/[96] အနတ္တလက္ခဏာ (၅) ချက်.md
ပေတဝတ္ထု	ပေတဝတ္ထု			Petavatthu	饿鬼事	1	0	0	0	1	0	ပေတဝတ္ထု-၂၀၁-၂၀၆×1		vol_4/markdown/[227]သင်္ခါရက္ခန္ဓကထာ အခန်း/[346]အကုသိုလ်စေတသိက် (၁၄) လုံး အပိုင်း/[426]နတ္ထိကဒိဋ္ဌိသမားကြီး နန္ဒက.md
ပြည်-၁	ပြည်	၁	1	Pyi-nissaya	卑谬版尼思耶	1	1	0	0	0	0	ပြည်၊၁၊၃၄၄-၃၄၅×1		vol_1/markdown/[240]အာနာပါနဿတိသမာဓိပိုင်း/[357]အပ္ပနာကောသလ္လ တရား (၁၀) ပါး/[379]ပီတိသမ္ဗောဇ္ဈင်.md
ပြည်-ဝိသုဒ္ဓိမဂ်နိဿယ-၄	ပြည်-ဝိသုဒ္ဓိမဂ်နိဿယ	၄	4	Pyi Visuddhimagga-nissaya	卑谬版清净道论尼思耶	1	0	0	1	0	0	ပြည်-ဝိသုဒ္ဓိမဂ်နိဿယ-၄၊၂၆၇×1		vol_3/markdown/[337]ပဋိစ္စသမုပ္ပါဒ်ပိုင်း - အပိုင်း (ခ)/[592] ပဋ္ဌာန်းပစ္စည်း ဆက်သွယ်ပုံ/[680] ပြည်ဆရာတော်ဘုရားကြီး၏ အာသီသကထာ.md
ဗုဒ္ဓဝံသ	ဗုဒ္ဓဝံသ			Buddhavaṃsa	佛种姓经	1	1	0	0	0	0	ဗုဒ္ဓဝံသ၊၃၁၅×1		vol_1/markdown/[2].ကောင်းသော ည တစ်ညပိုင်း/[168]သာသနာ့မဏ္ဍိုင်ကြီးများ/[170]ဘုရားရှင်တို့၏ စကားတော်ဟူသည်.md
မ-ဋ္ဌ	မ-ဋ္ဌ			Majjhima-aṭṭhakathā	中部义注	1	0	0	1	0	0	မ၊ဋ္ဌ၊၁×1	疑似漏写册号 (只有一个数字)	vol_3/markdown/[1]ပဋိစ္စသမုပ္ပါဒ်ပိုင်း - အပိုင်း (က)/[213]အတ္ထနယ (၄) မျိုး = နည်း (၄) ထွေ/[236] အဘယ်ကြောင့် အနာဂတ်ကို ရှုနေရပါသလဲ？.md
မဟာဋီကာ-၂	မဟာဋီကာ	၂	2	Visuddhimagga-mahāṭīkā	大复注 (清净道论大疏钞)	1	0	0	0	0	1	ဤစကားကိုမဟာဋီကာ၊၂၊၄၇၀×1	前缀说明: ဤစကားကို	vol_5/markdown/[349]သင်္ခါရုပေက္ခာဉာဏ်ခန်း/[391] အဘိနိဝေသနှင့် ဝုဋ္ဌာန အမျိုးအစား.md
မဟာဋီကာနိဿယ-၄	မဟာဋီကာနိဿယ	၄	4	Mahāṭīkā-nissaya	大复注尼思耶	1	0	0	1	0	0	မဟာဋီကာနိဿယ၊၄၊၁၁၅×1		vol_3/markdown/[1]ပဋိစ္စသမုပ္ပါဒ်ပိုင်း - အပိုင်း (က)/[155] ပဋိသန္ဓေအကြောင်း သိကောင်းစရာ/[202] မေးမြန်းဖွယ်အချက်.md
မဟာနိ	မဟာနိ			Mahāniddesa	大义释	1	0	0	0	0	1	မဟာနိ၊၁၀၀×1		vol_5/markdown/[349]သင်္ခါရုပေက္ခာဉာဏ်ခန်း/[404] တွန့်လိပ်သော စိတ်ထားရှိသူ.md
မိလိန္ဒ	မိလိန္ဒ			Milindapañha	弥兰王问经	1	0	0	0	1	0	မိလိန္ဒ-၃၈×1		vol_4/markdown/[227]သင်္ခါရက္ခန္ဓကထာ အခန်း/[522]သောဘဏစေတသိက် (၂၅) လုံး/[557]၂၅။အမောဟ = ပညိန္ဒြေ.md
မူလဋီကာ-၂	မူလဋီကာ	၂	2	Mūlaṭīkā	根本复注	1	0	0	1	0	0	မူလဋီကာ၊၂၊၁၂၅×1		vol_3/markdown/[337]ပဋိစ္စသမုပ္ပါဒ်ပိုင်း - အပိုင်း (ခ)/[337]b ပဋိစ္စသမုပ္ပါဒ် ပထမနည်း အနုလောမပဋိစ္စ/[346] အဝိဇ္ဇာသဝကြောင့် သောကစသည် ဖြစ်ပုံ.md
မူလပဏ္ဏာသ	မူလပဏ္ဏာသ			Mūlapaṇṇāsa	根本五十经篇	1	1	0	0	0	0	မူလပဏ္ဏာသ အဋ္ဌကထာကလည်း အရေအတွက်အားဖြင့်လည်းကောင်း， အကြောင်း သမုဋ္ဌာန်အားဖြင့် လည်းကောင်း ရုပ်တရားတို့ကို ဟုတ်တိုင်းမှန်စွာ မသိပါက ---- - ၁×1	有漏写括号、直接写在正文里的	vol_1/markdown/[535]ရုပ်ကမ္မဋ္ဌာန်းပိုင်း/[578]အာပေါဓာတ်ကို ရှုလို့ မရနိုင်ဟူသော အယူအဆ.md
မူလပဏ္ဏာသ-ဋ္ဌ-၁	မူလပဏ္ဏာသ-ဋ္ဌ	၁	1	Mūlapaṇṇāsa-aṭṭhakathā	根本五十经篇义注	1	1	0	0	0	0	မူလပဏ္ဏာသ၊ဋ္ဌ၊၁၊၃၂×1		vol_1/markdown/[535]ရုပ်ကမ္မဋ္ဌာန်းပိုင်း/[611b]အာကာသဓာတ်ကို ရှုရန်.md
မူလပဏ္ဏာသပါဠိတော်	မူလပဏ္ဏာသပါဠိတော်			Mūlapaṇṇāsa-pāḷi	根本五十经篇巴利圣典	1	0	0	0	0	1	မူလပဏ္ဏာသပါဠိတော် မြန်မာပြန်၊၃၀၅-၃၀၆×1		vol_5/markdown/[167]ဥဒယဗ္ဗယဉာဏ်ခန်း/[221]သမုဒယ၀ယဓမ္မာနုပဿီပိုင်း/[245]b သစ္စကအမေး - ဘုရားရှင်အဖြေ.md
မူလပဏ္ဏာသပါဠိတော်မြန်မာပြန်	မူလပဏ္ဏာသပါဠိတော်မြန်မာပြန်			Mūlapaṇṇāsa-pāḷi (Bur. tr.)	根本五十经篇巴利圣典缅译	1	0	0	0	0	1	မူလပဏ္ဏာသပါဠိတော်မြန်မာပြန်၊၃၀၅×1		vol_5/markdown/[167]ဥဒယဗ္ဗယဉာဏ်ခန်း/[221]သမုဒယ၀ယဓမ္မာနုပဿီပိုင်း/[245]b သစ္စကအမေး - ဘုရားရှင်အဖြေ.md
ဝိ-ဋ္ဌ-၂	ဝိ-ဋ္ဌ	၂	2	Vinaya-aṭṭhakathā	律藏义注	1	1	0	0	0	0	ဝိ၊ဋ္ဌ၊၂၊၁၂×1		vol_1/markdown/[240]အာနာပါနဿတိသမာဓိပိုင်း/[244]အာနာပါနချီးမွမ်းခန်း/[247]အာနာပါန - ပြည်တည်ခန်း.md
ဝိနည်းသာရတ္ထဒီပနီဋီကာ	ဝိနည်းသာရတ္ထဒီပနီဋီကာ			Vinaya-sāratthadīpanī-ṭīkā	律显扬心义复注	1	1	0	0	0	0	လည်းကောင်း， ဝိနည်းသာရတ္ထဒီပနီဋီကာ တတိယအုပ် မဟာခန္ဓက သာရိပုတ္တမောဂ္ဂလ္လာနပဗ္ဗဇ္ဇာကထာအဖွင့် စာမျက်နှာ -၂၂၉×1	前缀说明: လည်းကောင်း	vol_1/markdown/[2].ကောင်းသော ည တစ်ညပိုင်း/[2]ပစ္စက္ခဉာဏ်နှင့် အနွယဉာဏ်အကြောင်း/[114]မဟာ၀ဇိရဝိပဿနာတရား ပွားတော်မူခြင်.md
ဝိမတိ-၁	ဝိမတိ	၁	1	Vimativinodanī-ṭīkā	除疑复注	1	1	0	0	0	0	ဝိမတိ၊၁၊၂၁၆-၂၁၇×1		vol_1/markdown/[240]အာနာပါနဿတိသမာဓိပိုင်း/[280]အာနာပါနလုပ်ငန်းခွင်သို့ ချဉ်းကပ်ပုံ နှစ်မျိုး/[316b]ကကစူပမာ = လွှ ဥပမာ.md
ဝိသုဒ္ဓိ-ဋီ-၁	ဝိသုဒ္ဓိ-ဋီ	၁	1	Visuddhimagga-ṭīkā	清净道论复注	1	0	0	0	1	0	ဝိသုဒ္ဓိ-ဋီ-၁-၄၂၈×1		vol_4/markdown/[00A]လက္ခဏ - ရသ - ပစ္စုပဋ္ဌာန် - ပဒဋ္ဌာန်တို့ကို ရှုသင့်ပုံ/[000A]နိဒါနကထာ.md
ဝိသုဒ္ဓိမဂ်နိဿယ-၂	ဝိသုဒ္ဓိမဂ်နိဿယ	၂	2	Visuddhimagga-nissaya	清净道论尼思耶	1	0	0	0	0	1	ဝိသုဒ္ဓိမဂ်နိဿယ၊၂၊၂၇၇-၂၇၈×1		vol_5/markdown/[278]ဘင်္ဂါနုပဿနာဉာဏ်ခန်း/[322] (က) အနိစ္စာနုပဿီ.md
ဝိသုဒ္ဓိမဂ်နိဿယ-၅	ဝိသုဒ္ဓိမဂ်နိဿယ	၅	5	Visuddhimagga-nissaya	清净道论尼思耶	1	0	0	0	0	1	အရှင်မဟာသီလဝံသ - ဝိသုဒ္ဓိမဂ်နိဿယ၊၅၊၂၄၂×1	册号可疑 (该书常见册号最大到 ၃，疑为漏写册号); 前缀说明: အရှင်မဟာသီလဝံသ	vol_5/markdown/[343]ပဋိသင်္ခါနုပဿနာဉာဏ်ခန်း/[347]a လောကဥပမာ တစ်ရပ်.md
ဝိသုဒ္ဓိမဂ်မဟာဋီကာနိဿယ-၃	ဝိသုဒ္ဓိမဂ်မဟာဋီကာနိဿယ	၃	3	Visuddhimagga-mahāṭīkā-nissaya	清净道论大复注尼思耶	1	0	0	0	1	0	ဝိသုဒ္ဓိမဂ်မဟာဋီကာနိဿယ-၃-၃၁၆×1		vol_4/markdown/[209]ဝေဒနာက္ခန္ဓကထာ အခန်း/[217]‌‌(a)မဟာစည်ဆရာတော်ဘုရားကြီး၏အယူ.md
သမ္မောဟဝိနောဒနီဘာသာဋီကာ-၁	သမ္မောဟဝိနောဒနီဘာသာဋီကာ	၁	1	Sammohavinodanī-bhāsāṭīkā	迷惑冰消缅文复注	1	0	0	0	1	0	သမ္မောဟဝိနောဒနီဘာသာဋီကာ-၁-၁၇၈×1		vol_4/markdown/[010]ရုပ် (၂၈) ပါး = ရူပက္ခန္ဓကထာ အခန်း/[084] အယူအဆတစ်မျိုး.md
သမ္မောဟဝိနောဒနီဘာသာဋီကာ-၃	သမ္မောဟဝိနောဒနီဘာသာဋီကာ	၃	3	Sammohavinodanī-bhāsāṭīkā	迷惑冰消缅文复注	1	0	1	0	0	0	သမ္မောဟဝိနောဒနီဘာသာဋီကာ တတိယတွဲ၊ ၁၆၃×1	册号写作缅文序数词; 册号可疑 (该书常见册号最大到 ၂，疑为漏写册号)	vol_2/markdown/[1]အရူပပရိဂ္ဂဟ အခန်/[149]ပဉ္စဒွါရဝီထိ နာမ်တရားများကို သိမ်းဆည်းပုံ အပိုင်း/[173]b စဉ်းစားဖွယ်.md
သာရတ္ထ-၃	သာရတ္ထ	၃	3	Sāratthadīpanī-ṭīkā	显扬心义复注	1	1	0	0	0	0	သာရတ္ထ၊၃၊၄၀၂×1	册号可疑 (该书常见册号最大到 ၂，疑为漏写册号)	vol_1/markdown/[769] သမထကမ္မဋ္ဌာန်းပိုင်း/[772a]စတုရာရက္ခ ကမ္မဋ္ဌာန်း = အစောင့်လေးပါး ကမ္မဋ္ဌာန.md
သာရတ္ထဒီပနီဋီကာ-၃	သာရတ္ထဒီပနီဋီကာ	၃	3	Sāratthadīpanī-ṭīkā	显扬心义复注	1	0	0	0	0	1	သာရတ္ထဒီပနီဋီကာ၊၃၊၂၂၈×1		vol_5/markdown/[1]b မဂ္ဂါမဂ္ဂဉာဏဒဿနဝိသုဒ္ဓိ နိဒ္ဒေသ - သမ္မသနဉာဏ်ခန်း/[96] အနတ္တလက္ခဏာ (၅) ချက်/[119] အရှင်မဟာမောဂ္ဂလ္လာန်မထေရ်မြတ်ကြီး.md
သုတ္တနိပါတ-ဋ္ဌ	သုတ္တနိပါတ-ဋ္ဌ			Suttanipāta-aṭṭhakathā	经集义注	1	0	0	0	0	1	သုတ္တနိပါတ၊ဋ္ဌ၊၂၄၂×1	疑似漏写册号 (只有一个数字)	vol_5/markdown/[1]b မဂ္ဂါမဂ္ဂဉာဏဒဿနဝိသုဒ္ဓိ နိဒ္ဒေသ - သမ္မသနဉာဏ်ခန်း/[62]d သဘာဂ - ဝိသဘာဂ.md
အနုဋီကာ-၁	အနုဋီကာ	၁	1	Anuṭīkā	随复注	1	0	0	0	1	0	အနုဋီကာ-၁-၃၁-၃၂×1		vol_4/markdown/[142]ဝိညာဏက္ခန္ဓကထာ အခန်း/[195]၁၃။ ဇော - အကုသိုလ်ဇော.md
အနုဋီကာ-၂	အနုဋီကာ	၂	2	Anuṭīkā	随复注	1	0	0	1	0	0	ဇာတိဟူသော အကြောင်းတရား ရှိပုံကို ထင်ရှားစေသည်ဟု အနုဋီကာ၊၂၊၁၃၉×1	前缀说明: ဇာတိဟူသော-အကြောင်းတရား-ရှိပုံကို-ထင်ရှားစေသည်ဟု; 有漏写括号、直接写在正文里的	vol_3/markdown/[337]ပဋိစ္စသမုပ္ပါဒ်ပိုင်း - အပိုင်း (ခ)/[554] ဇာတိပစ္စယာ ဇရာမရဏံ/[576]b ၁။ အတ္ထဂမ္ဘီရတာ.md
အပဒါနပါဠိ-၂	အပဒါနပါဠိ	၂	2	Apadāna-pāḷi	譬喻经巴利圣典	1	0	0	0	1	0	အပဒါနပါဠိ-၂-၂၆၇×1		vol_4/markdown/[227]သင်္ခါရက္ခန္ဓကထာ အခန်း/[346]အကုသိုလ်စေတသိက် (၁၄) လုံး အပိုင်း/[389]သုမိတ္တာအမျိုးကောင်းသမီး၏ လောဘ.md
အပဒါန်-၁	အပဒါန်	၁	1	Apadāna	譬喻经	1	0	0	0	1	0	အပဒါန်-၁-၈၄×1		vol_4/markdown/[227]သင်္ခါရက္ခန္ဓကထာ အခန်း/[317]ပကိဏ်း စေတသိက် အပိုင်း/[340]ပီတိနှင့် သုခ.md
အဘိ-၆	အဘိ	၆	6	Abhidhamma-piṭaka	论藏	1	1	0	0	0	0	အဘိ၊၆၊၂၈-၂၉×1		vol_1/markdown/[535]ရုပ်ကမ္မဋ္ဌာန်းပိုင်း/[663c]စုတိစိတ် အယူအဆ.md
အဘိ-၇	အဘိ	၇	7	Abhidhamma-piṭaka	论藏	1	0	0	0	1	0	အဘိ-၇-၁၁၇×1		vol_4/markdown/[010]ရုပ် (၂၈) ပါး = ရူပက္ခန္ဓကထာ အခန်း/[066]ဣန္ဒြေတစ်မျိုးသာ ရှိနိုင်ပုံ.md
အဘိ-ဋ္ဌ	အဘိ-ဋ္ဌ			Abhidhamma-aṭṭhakathā	论藏义注	1	0	1	0	0	0	အဘိ၊ဋ္ဌ၊၃၃၁-၃၃၂×1	疑似漏写册号 (只有页码 ၃၃၁-၃၃၂)	vol_2/markdown/[347]ဣရိယာပထ အခန်းနှင့် သမ္ပဇဉ်အခန်း/[356]b အဘိက္ကန္တေ - ပဋိက္ကန္တေ.md
အံ-၁၈	အံ	၁၈	18	Aṅguttara-nikāya	增支部	1	0	1	0	0	0	အံ၊၁၈-၁၉×1	册号可疑 (该书常见册号最大到 ၃，疑为漏写册号)	vol_2/markdown/前言1.md
အံ-ဋီ-၁	အံ-ဋီ	၁	1	Aṅguttara-ṭīkā	增支部复注	1	1	0	0	0	0	အံ၊ဋီ၊၁၊၂၁×1		vol_1/markdown/[769] သမထကမ္မဋ္ဌာန်းပိုင်း/[769]c ကမ္မဋ္ဌာန်း အမျိုးအစ.md
ဣတိဝုတ္တကဋ္ဌကထာ	ဣတိဝုတ္တကဋ္ဌကထာ			Itivuttaka-aṭṭhakathā	如是语义注	1	1	0	0	0	0	ဣတိဝုတ္တကဋ္ဌကထာ၊၁၇၀-၁၇၁×1		vol_1/markdown/[2].ကောင်းသော ည တစ်ညပိုင်း/[132]ဘဒ္ဒေကရတ္တသုတ္တန် - ရှင်းလင်းချက်/[162]ဘူတံ ဘူတတော ပဿတိ.md
ဥဒါန်းအဋ္ဌကထာ	ဥဒါန်းအဋ္ဌကထာ			Udāna-aṭṭhakathā	自说经义注	1	0	1	0	0	0	ဗာဟိယသုတ်၊ ဥဒါန်းအဋ္ဌကထာ၊ ၈၁-၈၂×1	前缀说明: ဗာဟိယသုတ်	vol_2/markdown/[1]အရူပပရိဂ္ဂဟ အခန်/[51] ဒိဋ္ဌေ ဒိဋ္ဌမတ္တံ.md
ဥပရိပဏ္ဏာသဋီကာ	ဥပရိပဏ္ဏာသဋီကာ			Uparipaṇṇāsa-ṭīkā	后分五十经篇复注	1	1	0	0	0	0	ဤ မဟာဝဇိရဝိပဿနာဉာဏ် အကြောင်းအရာအမြွက်သည် ဥပရိပဏ္ဏာသဋီကာ အနုပဒသုတ်အဖွင့်စာမျက်နှာ - ၂၇၅×1	前缀说明: ဤ-မဟာဝဇိရဝိပဿနာဉာဏ်-အကြောင်းအရာအမြွက်သည်	vol_1/markdown/[2].ကောင်းသော ည တစ်ညပိုင်း/[2]ပစ္စက္ခဉာဏ်နှင့် အနွယဉာဏ်အကြောင်း/[114]မဟာ၀ဇိရဝိပဿနာတရား ပွားတော်မူခြင်.md
