candidate	count	vol	first_seen	in	context
စေတသိက် - ၃၁	5	vol_3	vol_3/markdown/[1]ပဋိစ္စသမုပ္ပါဒ်ပိုင်း - အပိုင်း (က)/[155] ပဋိသန္ဓေအကြောင်း သိကောင်းစရာ/[178]b ရူပါရုံလိုင်း - ကုသိုလ် ပထမဇော - ဝေဒ.md	()	**(စေတသိက် - ၃၁ - လုံး - ဒု -)** -
ရှိသော -၅၄	2	vol_2	vol_2/markdown/[347]ဣရိယာပထ အခန်းနှင့် သမ္ပဇဉ်အခန်း/[399] သိမ်းဆည်းရှုပွားပုံစနစ်.md	()	(စက္ခုဝတ္ထု အဝင်အပါ မျက်စိ၌ ရှိသော -၅၄- မျိုးသောရုပ်， ဟဒယဝ
စေတသိက် - ၈	2	vol_3	vol_3/markdown/[1]ပဋိစ္စသမုပ္ပါဒ်ပိုင်း - အပိုင်း (က)/[247]အကြောင်း အကျိုး သိမ်းဆည်းပုံ - ပစ္စယပ/[272] ရူပါရုံလိုင်း - သမ္ပဋိ စ္ဆိုင်း (= လ.md	()	**ရူပါရုံလိုင်း - သမ္ပဋိ စ္ဆိုင်း - သင်္ခါရက္ခန္ဓာ (စေတသိက် - ၈ - ကောက် - ဒု -)**
စေတသိက် - ၉	2	vol_3	vol_3/markdown/[1]ပဋိစ္စသမုပ္ပါဒ်ပိုင်း - အပိုင်း (က)/[247]အကြောင်း အကျိုး သိမ်းဆည်းပုံ - ပစ္စယပ/[274] ရူပါရုံလိုင်း - သန္တီရဏ (= စုံစမ်း) ခန္ဓာ (၅) ပါး1.md	()	**ရူပါရုံလိုင်း - သန္တီရဏ - သင်္ခါရက္ခန္ဓာ (စေတသိက် - ၉ - လုံးကောက် - ဒု -)
စေတသိက် - ၃၃	2	vol_3	vol_3/markdown/[337]ပဋိစ္စသမုပ္ပါဒ်ပိုင်း - အပိုင်း (ခ)/[459]ဝိညာဏပစ္စယာ နာမရူပံ/[472] ၂။ သဟဇာတဝိညာဏ်ကြောင့် သဟဇာတနာမ်ရုပ် ဖြစ်ပုံ ရှုကွက်ပုံစံအချို့1.md	()	(နာမ် = စေတသိက် - ၃၃။ ရုပ် = ကမ္မဇရုပ် -
စေတသိက် - ၁၀	2	vol_3	vol_3/markdown/[337]ပဋိစ္စသမုပ္ပါဒ်ပိုင်း - အပိုင်း (ခ)/[459]ဝိညာဏပစ္စယာ နာမရူပံ/[472] ၂။ သဟဇာတဝိညာဏ်ကြောင့် သဟဇာတနာမ်ရုပ် ဖြစ်ပုံ ရှုကွက်ပုံစံအချို့1.md	()	(နာမ် = စေတသိက် - ၁၀။ ရုပ် = စိတ္တဇရုပ်။
နာမ်တရား ၃၄၊ ၃၃	2	vol_3	vol_3/markdown/[337]ပဋိစ္စသမုပ္ပါဒ်ပိုင်း - အပိုင်း (ခ)/[592] ပဋ္ဌာန်းပစ္စည်း ဆက်သွယ်ပုံ/[602] ကာမတိဟိတ် ပဋိသန္ဓေ နာမက္ခန္ဓာ (၄) ပါ.md	()	ယင်းကာမတိဟိတ် ပဋိသန္ဓေ (၄)ခု နာမက္ခန္ဓာ (၄)ပါး (နာမ်တရား ၃၄၊ ၃၃၊) ပစ္စယုပ္ပန်တရားတိ
နာမ်တရား - ၁၁	2	vol_3	vol_3/markdown/[337]ပဋိစ္စသမုပ္ပါဒ်ပိုင်း - အပိုင်း (ခ)/[592] ပဋ္ဌာန်းပစ္စည်း ဆက်သွယ်ပုံ/[613] သမ္ပဋိစ္ဆိုင်း ခန္ဓာ (၅)ပါး.md	()	- ၁။ (က) သမ္ပဋိစ္ဆိုင်း (နာမ်တရား - ၁၁) အစိတ်အပေါင်း နာမက္
နှာ-၁၈၉-၁၉၀	1	vol_1	vol_1/markdown/[186]သမာဓိထူထောင်သင့်ပုံပိုင်း/[233]ထပ်မံစဉ်းစားရန် အချက်တစ်ရပ်.md	()	ထို မဟာဂေါပါလကသုတ္တန်အဋ္ဌကထာတွင် အထက် (နှာ-၁၈၉-၁၉၀) တွင် ဖော်ပြခဲ့သည့်
စာမျက်နှာ-၃၄၆-၃၄၇	1	vol_1	vol_1/markdown/[240]အာနာပါနဿတိသမာဓိပိုင်း/[280]အာနာပါနလုပ်ငန်းခွင်သို့ ချဉ်းကပ်ပုံ နှစ်မျိုး/[316b]ကကစူပမာ = လွှ ဥပမာ.md	[]	စာမျက်နှာ-၃၄၆-၃၄၇ - ကြည့်ပါ။] (၁) အဿ
တစ်ကိုယ်ရေ တစ်ကာယ ကင်းကင်းရှင်းရှင်း နေခြင်း， ၂	1	vol_1	vol_1/markdown/[240]အာနာပါနဿတိသမာဓိပိုင်း/[351]သပ္ပါယ အသပ္ပါယ (၇) ပါး/[352c]တိရ စ္ဆာနကထာသုတ္တန်.md	[]	[၁။ ကာယဝိဝေက = တစ်ကိုယ်ရေ တစ်ကာယ ကင်းကင်းရှင်းရှင်း နေခြင်း， ၂။ စိတ္တဝိဝေက = ဥပစာရ
ဥပစာရ-အပ္ပနာ နှစ်မျိုးပြားသော သမာဓိ တစ်ခုခုကို ထူထောင်လျက် စိတ်ကို နီဝရဏ အညစ်အကြေးတို့မှ ကင်းရှင်း စေလျက် နေခြင်း， ၃	1	vol_1	vol_1/markdown/[240]အာနာပါနဿတိသမာဓိပိုင်း/[351]သပ္ပါယ အသပ္ပါယ (၇) ပါး/[352c]တိရ စ္ဆာနကထာသုတ္တန်.md	[]	[၁။ ကာယဝိဝေက = တစ်ကိုယ်ရေ တစ်ကာယ ကင်းကင်းရှင်းရှင်း နေခြင်း， ၂။ စိတ္တဝိဝေက = ဥပစာရ-အပ္ပနာ နှစ်မျိုးပြားသော သမာဓိ တစ်ခုခုကို ထူထောင်လျက် စိတ်ကို နီဝရဏ အညစ်အကြေးတို့မှ ကင်းရှင်း စေလျက် နေခြင်း， ၃။ ဥပဓိဝိဝေက = ဥပဓိလေ
သန့်ရှင်းမှုကို ပြုခြင်းရှိသူ ဖြစ်ခြင်း， ၂	1	vol_1	vol_1/markdown/[240]အာနာပါနဿတိသမာဓိပိုင်း/[357]အပ္ပနာကောသလ္လ တရား (၁၀) ပါး/[410]သမာဓိသမ္ဗောဇ္ဈင် ဖြစ်ကြောင်းတရား (၁၁) ပါး.md	[]	၁။ ဝတ္ထုဝိသဒတာ = ဝတ္ထုဝိသဒကိရိယတာ = ကိုယ်တွင်းကိုယ်ပ နှစ်ဌာနသော ဝတ္ထုတို့၏ သန့်ရှင်းမှုကို ပြုခြင်းရှိသူ ဖြစ်ခြင်း， ၂။ ဣန္ဒြိယသမတ္တပဋိပါဒ
နှာ-၅၂၂-၅၃၀	1	vol_1	vol_1/markdown/[240]အာနာပါနဿတိသမာဓိပိုင်း/[427]ပဌမဇ္ဈာနကထာ/[435b]ဘဝင်စိတ်ဟူသည်.md	()	သို့အတွက် ဖလသမာပတ်နှင့် ဘဝင်တို့၏ ခြားနားချက်ကို သဘောပေါက်စေရန်အတွက် ဖလသမာပတ်အကြောင်း ကို နိဗ္ဗာနဂါမိနိပဋိပဒါ ပဉ္စမတွဲ ဝိပဿနာပိုင်း **ဖလသမာပတ္တိကထာ** (နှာ-၅၂၂-၅၃၀) တွင် ကြည့်ပါ။ တစ်
စာပိုဒ်-၆၄၇	1	vol_1	vol_1/markdown/[535]ရုပ်ကမ္မဋ္ဌာန်းပိုင်း/[545b]မဟာဘုတ် (= ဓာတ်ကြီး) လေးပါး.md	()	ဧတ္ထ စ “ကက္ခဠံ မုဒုကံ သဏှံ ဖရုသံ (သုခသမ္ဖဿံ ဒုက္ခသမ္ဖဿံ) ဂရုကံ လဟုက”န္တိ ပဒေဟိ ပထဝီဓာတု ဧဝ ဘာဇိတာ။ (အဘိ၊ဋ္ဌ၊၁၊၃၆၈၊ စာပိုဒ်-၆၄၇။) - ၁။ **ကက္ခဠ**န္
နှာ-၆၈၈	1	vol_1	vol_1/markdown/[535]ရုပ်ကမ္မဋ္ဌာန်းပိုင်း/[704]ဥတုဇရုပ်များကို ရှုပွားသိမ်းဆည်းပုံ.md	()	ရှေး ဥတုဇရုပ် ဖြစ်ပွားပုံကို ဉာဏ်ဖြင့် မြင်အောင် ရှုပွားသိမ်းဆည်းပုံအပိုင်း တွင် (နှာ-၆၈၈ - စသည်၌) ဖော်ပြခဲ့ပ
နှာ-၆၇၂	1	vol_1	vol_1/markdown/[535]ရုပ်ကမ္မဋ္ဌာန်းပိုင်း/[708b]အာဟာရဇရုပ်များကို ရှုပွားသိမ်းဆည်းပုံ.md	()	အထက်တွင် ဖော်ပြခဲ့သော အာဟာရဇရုပ်များ ဖြစ်ပေါ်လာပုံ အခြင်းအရာနှင့် ဆက်စပ်လျက်ရှိသော **အာဟာရဇရုပ်ဖြစ်ပုံအပိုင်း** (နှာ-၆၇၂)ကို ပြန်လည်၍ ဖတ်ရှု
စာမျက်နှာ-၆၄၉-၆၉၄	1	vol_1	vol_1/markdown/[535]ရုပ်ကမ္မဋ္ဌာန်းပိုင်း/[713]မဟာဋီကာ၏ ဖွင့်ဆိုချက်.md	()	အဆင့် အကြိမ် အနည်း အများကိုလည်း ရှေးတွင် ရှင်းပြခဲ့သည့်အတိုင်းသာ မှတ်သားပါ။ (စာမျက်နှာ-၆၄၉-၆၉၄ - တို့၌ ကြည့်ပါ။)
ဤကျမ်းစာ - ၃၁	1	vol_2	vol_2/markdown/[1]အရူပပရိဂ္ဂဟ အခန်/[3]b အာယတနဒွါရ - ကမ္မဒွါရ.md	()	ဤ နာမ်ကမ္မဋ္ဌာန်းပိုင်း၌ကား ကာယဒွါရနှင့် မနောဒွါရ အရ အာယတနဒွါရကိုသာ ဆိုလိုသည်ဟု မှတ်ပါ။ (ဤကျမ်းစာ - ၃၁ - စသည်၌လည်း ကြည့်ပါ
စာပိုဒ်-၆၇၁	1	vol_2	vol_2/markdown/[1]အရူပပရိဂ္ဂဟ အခန်/[8] ရိုသေစွာ လိုက်နာရမည့် စည်းကမ်းတစ်ရပ်.md	()	အလျော်အားဖြင့်ဆိုရမူ ကောင်းမွန်စင်ကြယ်စွာ ရုပ်တရားကို သိမ်းဆည်းခြင်း ရှိပြီးသည်ဖြစ်၍ နာမ်တရားကို သိမ်းဆည်းခြင်းငှာ ကြိုးစားအားထုတ်ခြင်း လုံ့လပယောဂကို ပြုလုပ်သော ယောဂါဝစရပုဂ္ဂိုလ်အား ဝိပဿနာ ဘာဝနာကမ္မဋ္ဌာန်းသည် မဂ်ပေါက် ဖိုလ်ဝင် နိဗ္ဗာန်မြင်သည့်တိုင်အောင် ကြီးပွားခြင်းသို့ စည်ပင်ခြင်းသို့ ပြန့်ပြောသောအဖြစ်သို့ ရောက်ရှိနိုင်၏။ (ဝိသုဒ္ဓိ၊၂၊၂၂၇။ စာပိုဒ်-၆၇၁။) ယထာ နာမ ဟေဋ္ဌိမဈ
စာမျက်နှာ -၁၃၄	1	vol_2	vol_2/markdown/[1]အရူပပရိဂ္ဂဟ အခန်/[125]တဒါရုံ အကြောင်း သိကောင်းစရာ/[129] အထူးသတိပြုသင့်သောအရာ.md	()	ဤအချက်ကား ဝိပဿနာဇောတို့က ပဋိသန္ဓေကျိုး ပဝတ္တိကျိုးကို ပေးနိုင်ပုံ သာဓကတစ်ရပ်လည်း ဖြစ်ပေသည်။ (စာမျက်နှာ -၁၃၄- စသည် ကိုလည်း ကြည့်
ဝီထိနှင့် သုံးချက်စု၊၃၄	1	vol_2	vol_2/markdown/[1]အရူပပရိဂ္ဂဟ အခန်/[149]ပဉ္စဒွါရဝီထိ နာမ်တရားများကို သိမ်းဆည်းပုံ အပိုင်း/[152] ရူပါရုံ (= အရောင်) လိုင်း အကောင်းအု.md	[]	သို့သော် တောင်မြို့ မဟာဂန္ဓာရုံ ဆရာတော်ဘုရားကား ပဉ္စဒွါရနှင့် ဆက်သွယ်၍ ဖြစ်သမျှသော မနောဒွါရဝီထိများကို တဒနုဝတ္တိကဟုချည်း ဆိုလိုပေသည်။ (ဝီထိနှင့် သုံးချက်စု၊၃၄)] အသင်ယောဂီသူတော်က
စာမျက်နှာ -၁၄၁	1	vol_2	vol_2/markdown/[1]အရူပပရိဂ္ဂဟ အခန်/[220]မနောဒွါရ အကုသိုလ်ဇောဝီထိ နာမ်တရားများကို သိမ်းဆည်းပုံ/[238] ဒေါသ-ကုက္ကုစ္စ အုပ်စု (၄) ချက်.md	()	အထက်တွင် --- **ဇောနှင့် တဒါရုံ သတ်မှတ်ပုံ** --- အပိုင်းဝယ် (စာမျက်နှာ -၁၄၁- စသည်၌) **အာဂန္တုကဘ
ဤစကားရပ်တို့ကား ၁	1	vol_2	vol_2/markdown/[1]အရူပပရိဂ္ဂဟ အခန်/[246]ပဉ္စဒွါရ အကုသိုလ်ဇောဝီထိ နာမ်တရားများကို သိမ်းဆည်းပုံ/[258] ရဇ္ဇန - ဒုဿန - မုယှန သဘော.md	()	(ဤစကားရပ်တို့ကား ၁- ပဉ္စဒွါရဝီထိနှင့်
ပဉ္စဒွါရဝီထိနှင့် ၂	1	vol_2	vol_2/markdown/[1]အရူပပရိဂ္ဂဟ အခန်/[246]ပဉ္စဒွါရ အကုသိုလ်ဇောဝီထိ နာမ်တရားများကို သိမ်းဆည်းပုံ/[258] ရဇ္ဇန - ဒုဿန - မုယှန သဘော.md	()	(ဤစကားရပ်တို့ကား ၁- ပဉ္စဒွါရဝီထိနှင့် ၂- ဒုတိယ တဒနုဝတ္တက မန
ဒုတိယ တဒနုဝတ္တက မနောဒွါရဝီထိ ၃	1	vol_2	vol_2/markdown/[1]အရူပပရိဂ္ဂဟ အခန်/[246]ပဉ္စဒွါရ အကုသိုလ်ဇောဝီထိ နာမ်တရားများကို သိမ်းဆည်းပုံ/[258] ရဇ္ဇန - ဒုဿန - မုယှန သဘော.md	()	(ဤစကားရပ်တို့ကား ၁- ပဉ္စဒွါရဝီထိနှင့် ၂- ဒုတိယ တဒနုဝတ္တက မနောဒွါရဝီထိ ၃- တတိယ သုဒ္ဓမနောဒွါရ
စာပိုဒ်-၁၀၀၈	1	vol_2	vol_2/markdown/[1]အရူပပရိဂ္ဂဟ အခန်/[81]စေတသိက်ပိုင်းဆိုင်ရာ သိမှတ်စရာ/[88]a မောဟအုပ်စု စေတသိက် (၁) လုံး.md	()	[**မှတ်ချက်** --- ကံ-ကံ၏ အကျိုးတရား၌ သံသယရှိခြင်းများလည်း ဤကြောင်း-ကျိုး ဆက်နွှယ်မှု ပဋိစ္စသမုပ္ပါဒ် သဘောတရား၌ သံသယရှိမှုတွင် အကျုံးဝင်လျက် ရှိပေသည်။] (အဘိ၊၁၊၂၀၈။ စာပိုဒ်-၁၀၀၈။) ဤကား အကုသိုလ်စေတသ
စာမျက်နှာ -၃၁	1	vol_2	vol_2/markdown/[279]နာမရူပဝဝတ္ထာန အခန်း/[284] မနောဓာတ်.md	()	အသီးအသီး ခေါ်ဆိုကြောင်း ရှင်းပြခဲ့၏။ (စာမျက်နှာ -၃၁- စသည်၌ ပြန်ကြည့်ပါ။
စေတသိက် - ၅၂	1	vol_2	vol_2/markdown/[279]နာမရူပဝဝတ္ထာန အခန်း/[291] အာယတန (၁၂) ပါးနည်းအားဖြင့် ရုပ်-နာမ်.md	()	မနာယတနနှင့် (စေတသိက် - ၅၂ - မျိုးဟူသော) ဓမ္မာ
ဟဒယဝတ္ထုကိုပါ ထည့်သော် - ၉	1	vol_2	vol_2/markdown/[347]ဣရိယာပထ အခန်းနှင့် သမ္ပဇဉ်အခန်း/[347]c ရူပကာယ (၄) မျိုး.md	()	- ၁။ **ဥပါဒိန္နကကာယ** --- ကံကြောင့် ဖြစ်သော ကမ္မသမုဋ္ဌာန် ဖြစ်သော စက္ခာယတန， သောတာယတန， ဃာနာယတန， ဇိဝှါယတန， ကာယာယတန， ဣတ္ထိဘာဝရုပ်， ပုရိသဘာဝရုပ်， ဇီဝိတိန္ဒြေဟူသော ဤ (၈)မျိုးသောကမ္မသမုဋ္ဌာန်ရုပ်တို့သည်လည်းကောင်း， (ဟဒယဝတ္ထုကိုပါ ထည့်သော် - ၉ - မျိုးဟု မှတ်ပါ။)
ဤနာမ်ကမ္မဋ္ဌာန်းပိုင်း စာမျက်နှာ -၂၆၀	1	vol_2	vol_2/markdown/[347]ဣရိယာပထ အခန်းနှင့် သမ္ပဇဉ်အခန်း/[389]b မူလပရိညာ.md	()	သို့သော် မနောဒွါရဝီထိ၌ကား “အမျိုးသမီးပဲ， အမျိုးသားပဲ”ဟု သိ၍ တပ်မက်ခြင်း ပြစ်မှားခြင်း တွေဝေခြင်းသည် ဖြစ်၏။ (ဤနာမ်ကမ္မဋ္ဌာန်းပိုင်း စာမျက်နှာ -၂၆၀- ၌ ဖော်ပြခဲ့သည့်အတိ
စာမျက်နှာ -၂၆၀	1	vol_2	vol_2/markdown/[347]ဣရိယာပထ အခန်းနှင့် သမ္ပဇဉ်အခန်း/[389]b မူလပရိညာ.md	()	စာမျက်နှာ -၂၆၀- ကို ပြန်ကြည့်ပါ။)
ဤနာမ်ကမ္မဋ္ဌာန်းပိုင်း - ၃၀၀	1	vol_2	vol_2/markdown/[347]ဣရိယာပထ အခန်းနှင့် သမ္ပဇဉ်အခန်း/[394] ခန္ဓာ (၅) ပါးနည်း၏ အစွမ်းဖြင့် အသမ္.md	()	(ဤနာမ်ကမ္မဋ္ဌာန်းပိုင်း - ၃၀၀ - စသည်၌ ဖော်ပြခဲ့ပြ
ဤနာမ်ကမ္မဋ္ဌာန်းပိုင်း - ၂၉၃	1	vol_2	vol_2/markdown/[347]ဣရိယာပထ အခန်းနှင့် သမ္ပဇဉ်အခန်း/[395]a အာယတနနည်း၏ အစွမ်းဖြင့် အသမ္မောဟသမ္ပဇ.md	()	ရူပါရုံကိုအာရုံယူကြသည့် စက္ခုဒွါရဝီထိ， မနောဒွါရဝီထိတို့၏ အတွင်း၌ တည်ရှိကြသော စိတ္တက္ခဏတိုင်း၌ အာယတန(၄)ပါးစီကို သိမ်းဆည်း ရှုပွားရမည်သာ ဖြစ်သည်။ (ဤနာမ်ကမ္မဋ္ဌာန်းပိုင်း - ၂၉၃ - စသည်၌ ဖော်ပြခဲ့ပြ
ဤနာမ်ကမ္မဋ္ဌာန်းပိုင်းစာမျက်နှာ - ၂၉၃-၂၉၄	1	vol_2	vol_2/markdown/[347]ဣရိယာပထ အခန်းနှင့် သမ္ပဇဉ်အခန်း/[395]b ဓာတ် (၁၈) ပါးနည်း၏ အစွမ်းဖြင့် အသမ္.md	()	(ဤနာမ်ကမ္မဋ္ဌာန်းပိုင်းစာမျက်နှာ - ၂၉၃-၂၉၄ - စသည်တို့၌ ပြန်ကြည
ယောဂါဝစရပုဂ္ဂိုလ်သည် ဤအပိုင်းတွင် --- - ၁	1	vol_2	vol_2/markdown/[347]ဣရိယာပထ အခန်းနှင့် သမ္ပဇဉ်အခန်း/[418]b ၄။ အသမ္မောဟသမ္ပဇဉ်.md	[]	ယောဂါဝစရပုဂ္ဂိုလ်သည် ဤအပိုင်းတွင် --- - ၁။ အန္တဟူသော အစာသစ်အိ
မျိုးတို့ကိုလည်းကောင်း， - ၂	1	vol_2	vol_2/markdown/[347]ဣရိယာပထ အခန်းနှင့် သမ္ပဇဉ်အခန်း/[418]b ၄။ အသမ္မောဟသမ္ပဇဉ်.md	[]	- ၁။ အန္တဟူသော အစာသစ်အိမ် အဝင်အပါ အူကောဋ္ဌာသ = အစာသွားလမ်းတစ်လျှောက်၌ တည်ရှိကြသော အန္တကောဋ္ဌာသ = ရုပ် (၄၄)မျိုးတို့ကိုလည်းကောင်း， - ၂။ အစာကို တည်အောင် အေ
မျိုးတို့ကိုလည်းကောင်း， - ၃	1	vol_2	vol_2/markdown/[347]ဣရိယာပထ အခန်းနှင့် သမ္ပဇဉ်အခန်း/[418]b ၄။ အသမ္မောဟသမ္ပဇဉ်.md	[]	- ၂။ အစာကို တည်အောင် အောက်သို့ ဆင်းအောင် ထောက်ကန် တွန်းကန်တတ်သည့် ဝါယောဓာတ်၏သဘာဝသတ္တိစွမ်းအင် လွန်ကဲနေသော ဥဒ္ဓင်္ဂမဝါတကောဋ္ဌာသရုပ် (၃၃)မျိုး， အဓောဂမဝါတကောဋ္ဌာသရုပ် (၃၃)မျိုးတို့ကိုလည်းကောင်း， - ၃။ အစာသစ်ကောဋ္ဌာသဟူသေ
အစာသစ်ကောဋ္ဌာသဟူသော ဥတုဇဩဇဋ္ဌမကရုပ်တို့ကိုလည်းကောင်း， - ၄	1	vol_2	vol_2/markdown/[347]ဣရိယာပထ အခန်းနှင့် သမ္ပဇဉ်အခန်း/[418]b ၄။ အသမ္မောဟသမ္ပဇဉ်.md	[]	- ၃။ အစာသစ်ကောဋ္ဌာသဟူသော ဥတုဇဩဇဋ္ဌမကရုပ်တို့ကိုလည်းကောင်း， - ၄။ အစာသစ်ကောဋ္ဌာသကို
ကမ္မဋ္ဌာန်း -၄၀	1	vol_2	vol_2/markdown/[347]ဣရိယာပထ အခန်းနှင့် သမ္ပဇဉ်အခန်း/[428]a ၃။ ဂေါစရသမ္ပဇဉ်.md	()	မိမိ နှလုံးသွင်းနေကျ ကမ္မဋ္ဌာန်းကို (ကမ္မဋ္ဌာန်း -၄၀- တို့တွင် တစ်ခုခုကိ
ရေတွက်သော် ၂၄	1	vol_2	vol_2/markdown/[448]သတိပဋ္ဌာန်တရား (၄) ပါး အခန်း/[452] ဓာတ်ကမ္မဋ္ဌာန်းလမ်းစဉ်မှ အရဟတ္တဖိုလ်.md	()	ထိုသို့ ထင်ရှားလာရာ အခါ၌ ယောဂါဝစရပုဂ္ဂိုလ်သည် “မဟာဘုတ်ဓာတ်ကြီးလေးပါးတို့နှင့် (၂၃)မျိုးကုန်သော (ဟဒယဝတ္ထုကိုပါ ထည့်၍ ရေတွက်သော် ၂၄- မျိုးကုန်သော) ဥပါဒ
ဤကျမ်းစာ --- စာမျက်နှာ - ၅၇၇	1	vol_2	vol_2/markdown/[448]သတိပဋ္ဌာန်တရား (၄) ပါး အခန်း/[579] ဘာဝရုပ်.md	()	အထက်တွင် ဖော်ပြခဲ့သော မဟာဋီကာ (၁၊၄၃၅)၏ စကားတော်ကိုထောက်ရှုပါ။ (ဤကျမ်းစာ --- စာမျက်နှာ - ၅၇၇ - ပြန်ကြည့်ပါ။)
မှီရာဝတ္ထုရုပ် ၃၀	1	vol_3	vol_3/markdown/[1]ပဋိစ္စသမုပ္ပါဒ်ပိုင်း - အပိုင်း (က)/[247]အကြောင်း အကျိုး သိမ်းဆည်းပုံ - ပစ္စယပ/[250] ပဋိသန္ဓေ ဝေဒနာက္ခန္ဓာ.md	()	- ၆။ ဝတ္ထု (= မှီရာဝတ္ထုရုပ် ၃၀) ဖြစ်ခြင်းကြောင့် ပ
ကမ္မဇရုပ်-၃၀	1	vol_3	vol_3/markdown/[1]ပဋိစ္စသမုပ္ပါဒ်ပိုင်း - အပိုင်း (က)/[247]အကြောင်း အကျိုး သိမ်းဆည်းပုံ - ပစ္စယပ/[256] ပဋိသန္ဓေ သညာက္ခန္ဓာ.md	()	- ၆။ ဝတ္ထု (= ကမ္မဇရုပ်-၃၀) ဖြစ်ခြင်းကြောင့် ပ
ရှိသော ရုပ် - ၅၄	1	vol_3	vol_3/markdown/[1]ပဋိစ္စသမုပ္ပါဒ်ပိုင်း - အပိုင်း (က)/[247]အကြောင်း အကျိုး သိမ်းဆည်းပုံ - ပစ္စယပ/[265] ရူပါရုံ အရောင်လိုင်း - ပဉ္စဒွါရာဝဇ္ဇ.md	()	- ၁။ ဝတ္ထု (= ဟဒယ၌ရှိသော ရုပ် - ၅၄ - မျိုး)က အကြောင်းတ
ဒုတိယနည်း စေတသိက် - ၃၁	1	vol_3	vol_3/markdown/[1]ပဋိစ္စသမုပ္ပါဒ်ပိုင်း - အပိုင်း (က)/[247]အကြောင်း အကျိုး သိမ်းဆည်းပုံ - ပစ္စယပ/[265] ရူပါရုံ အရောင်လိုင်း - ပဉ္စဒွါရာဝဇ္ဇ.md	()	**(ဒုတိယနည်း စေတသိက် - ၃၁ - လုံးယူ)** **ပစ္စ
နာမ်တရား-၁၂	1	vol_3	vol_3/markdown/[1]ပဋိစ္စသမုပ္ပါဒ်ပိုင်း - အပိုင်း (က)/[247]အကြောင်း အကျိုး သိမ်းဆည်းပုံ - ပစ္စယပ/[287] ရူပါရုံလိုင်း - မနောဒွါရဝီထိ - ကုသို.md	()	သို့အတွက် ယောနိသောမနသိကာရဟု ဆိုခြင်းနှင့် မနောဒွါရာဝဇ္ဇန်း မနောသမ္ဖဿ (= နာမ်တရား-၁၂)ဟု ဆိုခြင်းမှာ အမည်
ကား ဂရုကကံ အာသန္နကံ အာစိဏ္ဏကံ ကဋတ္တာကံဟု အာသန္နကံကို နံပါတ်-၂	1	vol_3	vol_3/markdown/[1]ပဋိစ္စသမုပ္ပါဒ်ပိုင်း - အပိုင်း (က)/[76] ကိလေသဝဋ် ကမ္မဝဋ် ဝိပါကဝဋ်၏ အစွမ်းဖြ/[79] ပါကဒါနပရိယာယ = အကျိုးပေးရာ အလှည့်အ.md	[]	[**မှတ်ချက်** ---- သင်္ဂြိုဟ်ကျမ်း၌ကား ဂရုကကံ အာသန္နကံ အာစိဏ္ဏကံ ကဋတ္တာကံဟု အာသန္နကံကို နံပါတ်-၂- အာစိဏ္ဏကံကို နံပါတ
အာစိဏ္ဏကံကို နံပါတ်-၃	1	vol_3	vol_3/markdown/[1]ပဋိစ္စသမုပ္ပါဒ်ပိုင်း - အပိုင်း (က)/[76] ကိလေသဝဋ် ကမ္မဝဋ် ဝိပါကဝဋ်၏ အစွမ်းဖြ/[79] ပါကဒါနပရိယာယ = အကျိုးပေးရာ အလှည့်အ.md	[]	[**မှတ်ချက်** ---- သင်္ဂြိုဟ်ကျမ်း၌ကား ဂရုကကံ အာသန္နကံ အာစိဏ္ဏကံ ကဋတ္တာကံဟု အာသန္နကံကို နံပါတ်-၂- အာစိဏ္ဏကံကို နံပါတ်-၃- အရာ၌ထားသည်။ ဝိသုဒ
ကား အာစိဏ္ဏကံကို နံပါတ်-၂	1	vol_3	vol_3/markdown/[1]ပဋိစ္စသမုပ္ပါဒ်ပိုင်း - အပိုင်း (က)/[76] ကိလေသဝဋ် ကမ္မဝဋ် ဝိပါကဝဋ်၏ အစွမ်းဖြ/[79] ပါကဒါနပရိယာယ = အကျိုးပေးရာ အလှည့်အ.md	[]	ဝိသုဒ္ဓိမဂ်၌ကား အာစိဏ္ဏကံကို နံပါတ်-၂- အာသန္န ကံကို နံပါတ
အာသန္န ကံကို နံပါတ်-၃	1	vol_3	vol_3/markdown/[1]ပဋိစ္စသမုပ္ပါဒ်ပိုင်း - အပိုင်း (က)/[76] ကိလေသဝဋ် ကမ္မဝဋ် ဝိပါကဝဋ်၏ အစွမ်းဖြ/[79] ပါကဒါနပရိယာယ = အကျိုးပေးရာ အလှည့်အ.md	[]	ဝိသုဒ္ဓိမဂ်၌ကား အာစိဏ္ဏကံကို နံပါတ်-၂- အာသန္န ကံကို နံပါတ်-၃- အရာ၌ထားသည်။ အားလု
တိပိဋက ပါဠိ-မြန်မာအဘိဓာန် အတွဲ-၂	1	vol_3	vol_3/markdown/[1]ပဋိစ္စသမုပ္ပါဒ်ပိုင်း - အပိုင်း (က)/[88]အလုပ်စခန်းကို စတင်အားသစ်ပုံ/[113] စေတနာသုတ္တန် ကောက်နုတ်ချက်.md	[]	ယင်းအနုသယတို့ အတိတ် အနာဂတ် ပစ္စုပ္ပန် သုံးမျိုးလုံး ဖြစ်နိုင်ပုံကို အဘိ၊ ဋ္ဌ၊ ၃၊ ၃၁၉။ မဟာနိ၊ ဋ္ဌ၊ ၂၀၅-၆။ ပဋိသံ၊ ဋ္ဌ၊ ၂၊ ၈။ တို့တွင်လည်းကောင်း，ယင်းသုံးမျိုးတို့တွင်လည်း အနာဂတ်သာ မုချအားဖြင့် အနုသယမည်သည်ဟူသော အဆိုကို -- မ၊ ဋီ၊ ၂၊ ၂၈၆-၇။ အနုဋီ၊ ၃၊ ၁၉၆။ သံ၊ ဋီ၊ ၂၊ ၈၁။ သာရတ္ထ၊ ၁၊ ၇၅။ တို့တွင်လည်းကောင်း ကြည့်။ တိပိဋက ပါဠိ-မြန်မာအဘိဓာန် အတွဲ-၂။ စာမျက်နှာ-၂၁၇။ ---
စာမျက်နှာ-၂၁၇	1	vol_3	vol_3/markdown/[1]ပဋိစ္စသမုပ္ပါဒ်ပိုင်း - အပိုင်း (က)/[88]အလုပ်စခန်းကို စတင်အားသစ်ပုံ/[113] စေတနာသုတ္တန် ကောက်နုတ်ချက်.md	[]	ယင်းအနုသယတို့ အတိတ် အနာဂတ် ပစ္စုပ္ပန် သုံးမျိုးလုံး ဖြစ်နိုင်ပုံကို အဘိ၊ ဋ္ဌ၊ ၃၊ ၃၁၉။ မဟာနိ၊ ဋ္ဌ၊ ၂၀၅-၆။ ပဋိသံ၊ ဋ္ဌ၊ ၂၊ ၈။ တို့တွင်လည်းကောင်း，ယင်းသုံးမျိုးတို့တွင်လည်း အနာဂတ်သာ မုချအားဖြင့် အနုသယမည်သည်ဟူသော အဆိုကို -- မ၊ ဋီ၊ ၂၊ ၂၈၆-၇။ အနုဋီ၊ ၃၊ ၁၉၆။ သံ၊ ဋီ၊ ၂၊ ၈၁။ သာရတ္ထ၊ ၁၊ ၇၅။ တို့တွင်လည်းကောင်း ကြည့်။ တိပိဋက ပါဠိ-မြန်မာအဘိဓာန် အတွဲ-၂။ စာမျက်နှာ-၂၁၇။ ---- ။ အဘိ၊ ဋ္ဌ၊ ၃
အဟိတ်တဒါရုံကျခဲ့သော် နာမ်တရား - ၁၂	1	vol_3	vol_3/markdown/[1]ပဋိစ္စသမုပ္ပါဒ်ပိုင်း - အပိုင်း (က)/[88]အလုပ်စခန်းကို စတင်အားသစ်ပုံ/[92]b ကမ္မဝဋ် (၂) ပါး.md	()	(အဟိတ်တဒါရုံကျခဲ့သော် နာမ်တရား - ၁၂ - ဖြစ်သည်။) ယင်းမန
စာပိုဒ်-၄၃၆	1	vol_3	vol_3/markdown/[337]ပဋိစ္စသမုပ္ပါဒ်ပိုင်း - အပိုင်း (ခ)/[356] အဝိဇ္ဇာပစ္စယာ သင်္ခါရာ/[368] သဘောပေါက်လွယ်သည့် ပုံစံ (၁) ခု.md	()	**သဘာဝေါဝါယံ စိတ္တဿ ပဏ္ဍရတာ**။ (မူလဋီ၊၁၊၁၂၅။ စာပိုဒ်-၄၃၆။) စိတ်အားလုံးသည် ဖ
စာပိုဒ်-၅၉၉	1	vol_3	vol_3/markdown/[337]ပဋိစ္စသမုပ္ပါဒ်ပိုင်း - အပိုင်း (ခ)/[373]a ပဋ္ဌာန်းပစ္စည်းများ/[388] အညမညပစ္စည်း.md	()	ထိုစကားကို နိဒဿနနည်းဟု ယူ၍ “တည်ဖို့ရန်လည်း ကျေးဇူးပြုခြင်းကို ညွှန်ပြသောစကား”ဟု မှတ်ပါ။ (မဟာဋီ၊၂၊၂၇၄၊ စာပိုဒ်-၅၉၉။) ဤအညမညပစ္စည်း၌ကား
ဘဂဝါဂီတိ-အပိုင်း-၁၁	1	vol_3	vol_3/markdown/[337]ပဋိစ္စသမုပ္ပါဒ်ပိုင်း - အပိုင်း (ခ)/[431] အဝိဇ္ဇာပစ္စယာ သင်္ခါရာ/[440] မေးမြန်းဖွယ် အချက်တစ်ရပ်.md	()	ဤလောက၌ အချို့သောသူတို့သည် --- “ဟောင်းနွမ်းလေပြီးသော အဝတ်ကိုစွန့်၍ အခြားအဝတ်သစ်ကို ယူသကဲ့သို့ အတ္တသည် ကိုယ်ဟောင်းကို စွန့်၍ ချမ်းသာကို ရှာလျက် ကိုယ်အသစ်ကို ယူသည်” --- ဟု မှားယွင်းသော အယူရှိကြ၏။ (ဘဂဝါဂီတိ-အပိုင်း-၁၁။ နံပါတ်-၂၂-ဂါထာ) ထ
ကမ္မဇရုပ် - ၃၀	1	vol_3	vol_3/markdown/[337]ပဋိစ္စသမုပ္ပါဒ်ပိုင်း - အပိုင်း (ခ)/[459]ဝိညာဏပစ္စယာ နာမရူပံ/[472] ၂။ သဟဇာတဝိညာဏ်ကြောင့် သဟဇာတနာမ်ရုပ် ဖြစ်ပုံ ရှုကွက်ပုံစံအချို့1.md	()	(နာမ် = စေတသိက် - ၃၃။ ရုပ် = ကမ္မဇရုပ် - ၃၀။) - ၂။ ဘဝင်ဝိညာဏ် ဖ
စေတသိက် - ၇	1	vol_3	vol_3/markdown/[337]ပဋိစ္စသမုပ္ပါဒ်ပိုင်း - အပိုင်း (ခ)/[459]ဝိညာဏပစ္စယာ နာမရူပံ/[472] ၂။ သဟဇာတဝိညာဏ်ကြောင့် သဟဇာတနာမ်ရုပ် ဖြစ်ပုံ ရှုကွက်ပုံစံအချို့1.md	()	(နာမ် = စေတသိက် - ၇။) သောတဝိညာဏ်， ဃာနဝ
သို့မဟုတ် - ၁၀	1	vol_3	vol_3/markdown/[337]ပဋိစ္စသမုပ္ပါဒ်ပိုင်း - အပိုင်း (ခ)/[459]ဝိညာဏပစ္စယာ နာမရူပံ/[472] ၂။ သဟဇာတဝိညာဏ်ကြောင့် သဟဇာတနာမ်ရုပ် ဖြစ်ပုံ ရှုကွက်ပုံစံအချို့1.md	()	(နာမ် = ၁၁ သို့မဟုတ် - ၁၀။ ရုပ် = စိတ္တဇရုပ်။
စေတသိက် - ၁၁	1	vol_3	vol_3/markdown/[337]ပဋိစ္စသမုပ္ပါဒ်ပိုင်း - အပိုင်း (ခ)/[459]ဝိညာဏပစ္စယာ နာမရူပံ/[472] ၂။ သဟဇာတဝိညာဏ်ကြောင့် သဟဇာတနာမ်ရုပ် ဖြစ်ပုံ ရှုကွက်ပုံစံအချို့1.md	()	(နာမ် = စေတသိက် - ၁၁။ ရုပ် = စိတ္တဇရုပ်။
အသင်သူတော်ကောင်းအဖို့မူ ကျန် -၂၉	1	vol_3	vol_3/markdown/[337]ပဋိစ္စသမုပ္ပါဒ်ပိုင်း - အပိုင်း (ခ)/[459]ဝိညာဏပစ္စယာ နာမရူပံ/[475] ပစ္စယနယ = ပစ္စယသတ္တိ.md	()	- ၃။ ယင်းပဋိသန္ဓေ ဝိပါက်ဝိညာဏ်သည် ပဋိသန္ဓေအခါ၌ ဟဒယဝတ္ထုမှ တစ်ပါးသော ကျန်ရုပ်တရားတို့အား (အသင်သူတော်ကောင်းအဖို့မူ ကျန် -၂၉ - မျိုးသော ရုပ်တရား
စေတသိက်-၁၀	1	vol_3	vol_3/markdown/[337]ပဋိစ္စသမုပ္ပါဒ်ပိုင်း - အပိုင်း (ခ)/[479]နာမရူပပစ္စယာ သဠာယတနံ/[495] ၅။ နာမ်ရုပ် ဖြစ်ခြင်းကြောင့် မနာယတန ဖြစ်ပုံ.md	()	- (နာမ် = စေတသိက်-၁၀။ ရုပ် = ဘဝင်္ဂုပစ္ဆ
ဘဝင်္ဂုပစ္ဆေဒနှင့် အတူဥပါဒ်သော ဟဒယဝတ္ထုနှင့် တကွသော ရုပ်-၅၄	1	vol_3	vol_3/markdown/[337]ပဋိစ္စသမုပ္ပါဒ်ပိုင်း - အပိုင်း (ခ)/[479]နာမရူပပစ္စယာ သဠာယတနံ/[495] ၅။ နာမ်ရုပ် ဖြစ်ခြင်းကြောင့် မနာယတန ဖြစ်ပုံ.md	()	- (နာမ် = စေတသိက်-၁၀။ ရုပ် = ဘဝင်္ဂုပစ္ဆေဒနှင့် အတူဥပါဒ်သော ဟဒယဝတ္ထုနှင့် တကွသော ရုပ်-၅၄၊၊) - ၅။ စက္ခုဝိညာဏ်
ဖြစ်သော စက္ခုဝတ္ထုနှင့်တကွ ရုပ်-၅၄	1	vol_3	vol_3/markdown/[337]ပဋိစ္စသမုပ္ပါဒ်ပိုင်း - အပိုင်း (ခ)/[479]နာမရူပပစ္စယာ သဠာယတနံ/[495] ၅။ နာမ်ရုပ် ဖြစ်ခြင်းကြောင့် မနာယတန ဖြစ်ပုံ.md	()	- (နာမ် = ယှဉ်ဖက်စေတသိက်-၇-လုံး။ ရုပ် = အတီတဘဝင် တစ်ချက်လွန်နှင့် ဥပါဒ်ချင်းပြိုင်၍ ဖြစ်သော စက္ခုဝတ္ထုနှင့်တကွ ရုပ်-၅၄။) - ၆။ သမ္ပဋိစ္ဆိုင
ဖြစ်သော ဟဒယဝတ္ထုနှင့်တကွ ရုပ်-၅၄	1	vol_3	vol_3/markdown/[337]ပဋိစ္စသမုပ္ပါဒ်ပိုင်း - အပိုင်း (ခ)/[479]နာမရူပပစ္စယာ သဠာယတနံ/[495] ၅။ နာမ်ရုပ် ဖြစ်ခြင်းကြောင့် မနာယတန ဖြစ်ပုံ.md	()	- (နာမ် = ယှဉ်ဖက် စေတသိက်-၇-လုံး။ ရုပ် = စက္ခုဝိညာဏ်နှင့် ဥပါဒ်ချင်းပြိုင်၍ ဖြစ်သော ဟဒယဝတ္ထုနှင့်တကွ ရုပ်-၅၄။ သန္တီရဏစသည်တို့၌ န
ဤပဋိစ္စသမုပ္ပါဒ်ပိုင်း ၅၁၁-၅၁၂	1	vol_3	vol_3/markdown/[337]ပဋိစ္စသမုပ္ပါဒ်ပိုင်း - အပိုင်း (ခ)/[506]ဖဿပစ္စယာ ဝေဒနာ/[507] စက္ခုသမ္ဖဿပစ္စယာ ဝေဒနာ.md	()	စက္ခုဒွါရဝီထိနောင် ဆက်လက်၍ ဖြစ်ကြသည့် ရူပါရုံကိုပင် ဆက်လက်၍ အာရုံယူကြသည့် မနောဒွါရာဝဇ္ဇန်း ဇော တဒါရုံတို့နှင့် ယှဉ်ကြသည့် မနောဒွါရိက ဝေဒနာတို့အားလည်း စက္ခုသမ္ဖဿက ဥပနိဿယသတ္တိဖြင့် ကျေးဇူးပြုနိုင်သောကြောင့် ယင်းဝေဒနာတို့သည်လည်း စက္ခုသမ္ဖဿဇာ ဝေဒနာ စက္ခုသမ္ဖဿပစ္စယာ ဝေဒနာတို့ပင် ဖြစ်ကြသည်။ (အဘိ၊ဋ္ဌ၊၃၊၃၆၈။) (ဤပဋိစ္စသမုပ္ပါဒ်ပိုင်း ၅၁၁-၅၁၂ - စသည်တို့၌လည်း ကြည
ဇော-၇	1	vol_3	vol_3/markdown/[337]ပဋိစ္စသမုပ္ပါဒ်ပိုင်း - အပိုင်း (ခ)/[506]ဖဿပစ္စယာ ဝေဒနာ/[515] စိတ္တက္ခဏခွဲ၍ အကြောင်း အကျိုး သိမ်းဆ.md	()	(ဇော-၇- ကြိမ် စေ့အောင် ရှု
နံပါတ် - ၁	1	vol_3	vol_3/markdown/[337]ပဋိစ္စသမုပ္ပါဒ်ပိုင်း - အပိုင်း (ခ)/[525] တဏှာပစ္စယာ ဥပါဒါနံ/[530]b သညာက္ခန္ဓာ၌ သက္ကာယဒိဋ္ဌိဖြစ်ပုံ (၄) မျိုး.md	()	သညာသည် ငါဖြစ်၏၊ ငါမှတ်သားတတ်၏ ငါမှတ်မိ၏။ (နံပါတ် - ၁ - စွဲယူမှုမျိုးတည်း
သုမေဓာထေရီဂါထာ ဂါထာနံပါတ်-၅၂၃	1	vol_3	vol_3/markdown/[337]ပဋိစ္စသမုပ္ပါဒ်ပိုင်း - အပိုင်း (ခ)/[554] ဇာတိပစ္စယာ ဇရာမရဏံ/[582] အတိတ်အဆက်ဆက် - အနာဂတ်အဆက်ဆက်သို့.md	()	(သုမေဓာထေရီဂါထာ ဂါထာနံပါတ်-၅၂၃။) ဓနဉ္ဇာနီ， ခေမာ，
သောမနဿဖြစ်လျှင်-၃၄	1	vol_3	vol_3/markdown/[337]ပဋိစ္စသမုပ္ပါဒ်ပိုင်း - အပိုင်း (ခ)/[592] ပဋ္ဌာန်းပစ္စည်း ဆက်သွယ်ပုံ/[599]b တိဟိတ် ပဋိသန္ဓေ ကမ္မဇရုပ် = ရူပက္ခန္.md	()	- ၁။ (က) ဟဒယဝတ္ထုမှ တစ်ပါးသော (၂၉)မျိုးသော ကာမတိဟိတ် ပဋိသန္ဓေကမ္မဇရုပ် ပစ္စယုပ္ပန်တရားတို့သည်ဆိုင်ရာ ကာမတိဟိတ် ပဋိသန္ဓေနာမ်တရားစု (သောမနဿဖြစ်လျှင်-၃၄၊ ဥပေက္ခာဖြစ်လျှင်-၃
ဥပေက္ခာဖြစ်လျှင်-၃၃	1	vol_3	vol_3/markdown/[337]ပဋိစ္စသမုပ္ပါဒ်ပိုင်း - အပိုင်း (ခ)/[592] ပဋ္ဌာန်းပစ္စည်း ဆက်သွယ်ပုံ/[599]b တိဟိတ် ပဋိသန္ဓေ ကမ္မဇရုပ် = ရူပက္ခန္.md	()	- ၁။ (က) ဟဒယဝတ္ထုမှ တစ်ပါးသော (၂၉)မျိုးသော ကာမတိဟိတ် ပဋိသန္ဓေကမ္မဇရုပ် ပစ္စယုပ္ပန်တရားတို့သည်ဆိုင်ရာ ကာမတိဟိတ် ပဋိသန္ဓေနာမ်တရားစု (သောမနဿဖြစ်လျှင်-၃၄၊ ဥပေက္ခာဖြစ်လျှင်-၃၃၊) အစိတ်အပေါင်း နာမက
သို့မဟုတ်-၃၃	1	vol_3	vol_3/markdown/[337]ပဋိစ္စသမုပ္ပါဒ်ပိုင်း - အပိုင်း (ခ)/[592] ပဋ္ဌာန်းပစ္စည်း ဆက်သွယ်ပုံ/[601] ပဋိသန္ဓေ ဟဒယဝတ္ထု ပစ္စယုပ္ပန်တရား တ.md	()	- ၁။ (က) ကာမတိဟိတ် ပဋိသန္ဓေနှင့် ဥပါဒ်ပြိုင်သော ကမ္မဇရုပ် - ဟဒယဝတ္ထု ပစ္စယုပ္ပန်တရားတို့သည် ကာမတိဟိတ် ပဋိသန္ဓေနာမ်တရားစု (၃၄-သို့မဟုတ်-၃၃) အစိတ်အပေါင်း နာမက္
သောမနဿဖြစ်လျှင် နာမ်တရား - ၃၄	1	vol_3	vol_3/markdown/[337]ပဋိစ္စသမုပ္ပါဒ်ပိုင်း - အပိုင်း (ခ)/[592] ပဋ္ဌာန်းပစ္စည်း ဆက်သွယ်ပုံ/[602] ကာမတိဟိတ် ပဋိသန္ဓေ နာမက္ခန္ဓာ (၄) ပါ.md	()	ကာမတိဟိတ်ပဋိသန္ဓေ (၄)ခု (သောမနဿဖြစ်လျှင် နာမ်တရား - ၃၄၊ ဥပေက္ခာဖြစ်လျှင် န
ဥပေက္ခာဖြစ်လျှင် နာမ်တရား - ၃၃	1	vol_3	vol_3/markdown/[337]ပဋိစ္စသမုပ္ပါဒ်ပိုင်း - အပိုင်း (ခ)/[592] ပဋ္ဌာန်းပစ္စည်း ဆက်သွယ်ပုံ/[602] ကာမတိဟိတ် ပဋိသန္ဓေ နာမက္ခန္ဓာ (၄) ပါ.md	()	ကာမတိဟိတ်ပဋိသန္ဓေ (၄)ခု (သောမနဿဖြစ်လျှင် နာမ်တရား - ၃၄၊ ဥပေက္ခာဖြစ်လျှင် နာမ်တရား - ၃၃) နာမက္ခန္ဓာ (၄)ပါး
နာမ်သဟဇာတမျိုး - ၁၃	1	vol_3	vol_3/markdown/[337]ပဋိစ္စသမုပ္ပါဒ်ပိုင်း - အပိုင်း (ခ)/[592] ပဋ္ဌာန်းပစ္စည်း ဆက်သွယ်ပုံ/[602] ကာမတိဟိတ် ပဋိသန္ဓေ နာမက္ခန္ဓာ (၄) ပါ.md	()	- (ဆ) ဝိရတိကြဉ်သော မဂ္ဂင်(၅)ပါး ပစ္စည်းတရားတို့၏ **မဂ္ဂသတ္တိ၊ (နာမ်သဟဇာတမျိုး - ၁၃)** - ၂။ ကာမတိဟိတ်ပဋ
ရုပ်သဟဇာတမျိုး - ၆	1	vol_3	vol_3/markdown/[337]ပဋိစ္စသမုပ္ပါဒ်ပိုင်း - အပိုင်း (ခ)/[592] ပဋ္ဌာန်းပစ္စည်း ဆက်သွယ်ပုံ/[602] ကာမတိဟိတ် ပဋိသန္ဓေ နာမက္ခန္ဓာ (၄) ပါ.md	()	- ၂။ ကာမတိဟိတ်ပဋိသန္ဓေ (နာမ်တရား ၃၄၊ ၃၃) အစိတ်အပေါင်း နာမက္ခန္ဓာ (၄)ပါး ပစ္စယုပ္ပန်တရားတို့သည် မိမိ (ကာမတိဟိတ် ပဋိသန္ဓေနာမက္ခန္ဓာ)နှင့် အတူဥပါဒ်သော ဟဒယဝတ္ထုပစ္စည်းတရားတို့၏ **သဟဇာတ အညမည နိဿယ ဝိပ္ပယုတ္တ အတ္ထိ အဝိဂတသတ္တိ၊ (ရုပ်သဟဇာတမျိုး - ၆)** - ၃။ ကာမ တိဟိတ်ပ
အနန္တရမျိုး-၅	1	vol_3	vol_3/markdown/[337]ပဋိစ္စသမုပ္ပါဒ်ပိုင်း - အပိုင်း (ခ)/[592] ပဋ္ဌာန်းပစ္စည်း ဆက်သွယ်ပုံ/[602] ကာမတိဟိတ် ပဋိသန္ဓေ နာမက္ခန္ဓာ (၄) ပါ.md	()	- ၄။ ကာမ တိဟိတ်ပဋိသန္ဓေ (၃၄၊ ၃၃) အစိတ်အပေါင်း နာမက္ခန္ဓာ (၄)ပါး ပစ္စယုပ္ပန်တရားတို့သည် ချုပ်လေပြီးသော စုတိ (၁၉)မျိုးတို့တွင် တစ်မျိုးမျိုးသော နာမက္ခန္ဓာပစ္စည်းတရားတို့၏ **အနန္တရ သမနန္တရ ဥပနိဿယ နတ္ထိ ဝိဂတသတ္တိ၊ (အနန္တရမျိုး-၅)** - ၅။ ကာမ တိဟိတ်ပ
နာနာက္ခဏိကကမ္မမျိုး -၂	1	vol_3	vol_3/markdown/[337]ပဋိစ္စသမုပ္ပါဒ်ပိုင်း - အပိုင်း (ခ)/[592] ပဋ္ဌာန်းပစ္စည်း ဆက်သွယ်ပုံ/[602] ကာမတိဟိတ် ပဋိသန္ဓေ နာမက္ခန္ဓာ (၄) ပါ.md	()	- ၅။ ကာမ တိဟိတ်ပဋိသန္ဓေ (၃၄၊ ၃၃) အစိတ်အပေါင်း နာမက္ခန္ဓာ (၄)ပါး ပစ္စယုပ္ပန်တရားတို့သည် အတိတ်ဖြစ်သော ထိုက်သင့်ရာ တစ်မျိုးမျိုးသော တိဟိတ် ဥက္ကဋ္ဌ ကာမကုသိုလ်ကံ ပစ္စည်းတရားတို့၏ **နာနာက္ခဏိကကမ္မ ပကတူပနိဿယသတ္တိ၊ (နာနာက္ခဏိကကမ္မမျိုး -၂)** ဤ (၂၇)မျိုးသော
နာမ်တရား-၁၁	1	vol_3	vol_3/markdown/[337]ပဋိစ္စသမုပ္ပါဒ်ပိုင်း - အပိုင်း (ခ)/[592] ပဋ္ဌာန်းပစ္စည်း ဆက်သွယ်ပုံ/[608] ပဉ္စဒွါရာဝဇ္ဇန်း - ရူပက္ခန္ဓာ.md	()	- ၁။ (က) ပဉ္စဒွါရာဝဇ္ဇန်း (နာမ်တရား-၁၁) = အစိတ်အပေါင်း နာမ
တိဟိတ် ဘဝင်ဖြစ်လျှင် နာမ်တရား ၃၄-၃၃	1	vol_3	vol_3/markdown/[337]ပဋိစ္စသမုပ္ပါဒ်ပိုင်း - အပိုင်း (ခ)/[592] ပဋ္ဌာန်းပစ္စည်း ဆက်သွယ်ပုံ/[610] ပဉ္စဒွါရာဝဇ္ဇန်း (နာမ်တရား - ၁၁လုံး).md	()	- ၃။ အခြားမရှိသည်ဖြစ်၍ (မိမိရှေးက) ချုပ်လေပြီးသော ပဉ္စဝေါကာရ ဘဝင်္ဂုပစ္ဆေဒ (တိဟိတ် ဘဝင်ဖြစ်လျှင် နာမ်တရား ၃၄-၃၃၊) နာမက္ခန္ဓာပစ္စည်း
အဓိပတိ ကိစ္စတပ်ခိုက် - ၅	1	vol_3	vol_3/markdown/[337]ပဋိစ္စသမုပ္ပါဒ်ပိုင်း - အပိုင်း (ခ)/[592] ပဋ္ဌာန်းပစ္စည်း ဆက်သွယ်ပုံ/[624] ဒေါသဇော နာမက္ခန္ဓာ (၄) ပါး.md	()	- ၂။ အာရမ္မဏမျိုး --- ၄၊ (အဓိပတိ ကိစ္စတပ်ခိုက် - ၅) - ၃။ အနန္တရမျိုး -
အာသေဝနထည့်သော် - ၆	1	vol_3	vol_3/markdown/[337]ပဋိစ္စသမုပ္ပါဒ်ပိုင်း - အပိုင်း (ခ)/[592] ပဋ္ဌာန်းပစ္စည်း ဆက်သွယ်ပုံ/[624] ဒေါသဇော နာမက္ခန္ဓာ (၄) ပါး.md	()	- ၃။ အနန္တရမျိုး --- ၅၊ (အာသေဝနထည့်သော် - ၆) - ၄။ ဝတ္ထုမျိုး --
အဓိပတိကိစ္စတပ်ခိုက် အဓိပတိထည့်သော် - ၅	1	vol_3	vol_3/markdown/[337]ပဋိစ္စသမုပ္ပါဒ်ပိုင်း - အပိုင်း (ခ)/[592] ပဋ္ဌာန်းပစ္စည်း ဆက်သွယ်ပုံ/[624] ဒေါသဇော နာမက္ခန္ဓာ (၄) ပါး.md	()	(အဓိပတိကိစ္စတပ်ခိုက် အဓိပတိထည့်သော် - ၅။) - ၃။ ဒေါသမူ ပထမဇေ
စာမျက်နှာ-၉၈၆-၉၈၇	1	vol_4	vol_4/markdown/[00A]လက္ခဏ - ရသ - ပစ္စုပဋ္ဌာန် - ပဒဋ္ဌာန်တို့ကို ရှုသင့်ပုံ/[000A]နိဒါနကထာ.md	()	<center>(တိပိဋက ပါဠိ-မြန်မာ အဘိဓာန်-က-ဝဂ်-အတွဲ-၆-စာမျက်နှာ-၉၈၆-၉၈၇။)</center> [**မှတ်
အ-၃-၁၄၇-၁၅၀	1	vol_4	vol_4/markdown/[227]သင်္ခါရက္ခန္ဓကထာ အခန်း/[317]ပကိဏ်း စေတသိက် အပိုင်း/[331]ကုသိတာရမ္ဘဝတ္ထု သုတ္တန်.md	()	ရဟန်းတို့ ...ကြိုးစားအားထုတ်ခြင်း လုံ့လဝီရိယ၏ အကြောင်းတို့သည် ဤ (၈)မျိုးတို့တည်း။ (အ-၃-၁၄၇-၁၅၀။) ဤတွင် **ကုသီတာရမ
စာပိုဒ်-၁၀၆၆	1	vol_4	vol_4/markdown/[227]သင်္ခါရက္ခန္ဓကထာ အခန်း/[346]အကုသိုလ်စေတသိက် (၁၄) လုံး အပိုင်း/[452]ပဒဋ္ဌာန် - အာဃာတဝတ္ထု(၉)ပါး,(၁၀)ပါး.md	()	ဤ (၁၀)ပါးသည် ရန်ငြိုးဖွဲ့ကြောင်း အာဃာတဝတ္ထု (၁၀)ပါး ဖြစ်သည်။ (အဘိ-၁-၂၁၆။ စာပိုဒ်-၁၀၆၆၊၊) **အဋ္ဌာနကောပ --
ပထမပိုင်း-၁၆၂-၁၆၃	1	vol_4	vol_4/markdown/[227]သင်္ခါရက္ခန္ဓကထာ အခန်း/[346]အကုသိုလ်စေတသိက် (၁၄) လုံး အပိုင်း/[512]ကိလေသာ အသေးအဖွဲ.md	()	ငါ့ရှင်အနုရုဒ္ဓါ ...တပည့်တော် တိုက်တွန်းတောင်းပန်စကား ပြောကြားလိုသည်မှာ --- အရှင်အနုရုဒ္ဓါသည် မိမိသန္တာန်၌ ဖြစ်ပွားနေသော မာန ဥဒ္ဓစ္စ သံသယ ကုက္ကုစ္စတရားတို့ကို ပယ်စွန့်၍ ဤတရားတို့ကို နှလုံးမသွင်းမူ၍ အမြိုက်နိဗ္ဗာန်ဓာတ်သို့ မိမိ၏စိတ်ကို ပို့ဆောင်စေချင်ပါသည် --- ဟူ၍ အရှင်သာရိပုတ္တရာကိုယ်တော်မြတ်ကြီးက ကမ္မဋ္ဌာန်းတရား ဟောကြားပေးတော်မူလေသည်။ <r>(မဟာဗုဒ္ဓဝင်-၆-ပထမပိုင်း-၁၆၂-၁၆၃။ အံ-ဋ္ဌ-၁-၁၅၀။ အံ-ဋ
မှ ၁၇၃	1	vol_4	vol_4/markdown/[227]သင်္ခါရက္ခန္ဓကထာ အခန်း/[522]သောဘဏစေတသိက် (၂၅) လုံး/[563]ကုသလမူလတရားတို့၏ မှတ်သားဖွယ်ရာများ.md	()	အဋ္ဌသာလိနီအဋ္ဌကထာ (၁၇၁ မှ ၁၇၃) တိုင်အောင် ကုသလမူလ
ဂါထာနံပါတ်-၁၁၃	1	vol_5	vol_5/markdown/[167]ဥဒယဗ္ဗယဉာဏ်ခန်း/[186] မြတ်သောအသက်ရှင်ခြင်း.md	()	သေယျော = မြတ်လှပါပေ၏။ (ဓမ္မပဒ၊၃၀။ ဂါထာနံပါတ်-၁၁၃။) ခန္ဓာငါးပါး ရုပ်
ရှိသော ရုပ်-၅၄	1	vol_5	vol_5/markdown/[167]ဥဒယဗ္ဗယဉာဏ်ခန်း/[197]a သမုဒယဓမ္မာနုပဿီပိုင်း - ဥဒယဒဿန = အဖြစ်သက်သက် ရှုနည်း/[205]b စက္ခုဝိညာဏ် - ဝေဒနာက္ခန္ဓာ၌ ဥဒယရှုပု.md	()	- ၆။ ဝတ္ထု (= စက္ခု၌ရှိသော ရုပ်-၅၄) ဖြစ်ခြင်းကြောင့် (
ဤအမှတ် ၁，၂	1	vol_5	vol_5/markdown/[1]b မဂ္ဂါမဂ္ဂဉာဏဒဿနဝိသုဒ္ဓိ နိဒ္ဒေသ - သမ္မသနဉာဏ်ခန်း/[131] ရူပသတ္တက ရှုနည်း/[134] အနတ္တ အခြင်းအရာ.md	()	- ၂။ ခန္ဓာအိမ်ကို ပိုင်ဆိုင်သည့် ပိုင်ရှင်ဖြစ်သူ တစ်စုံတစ်ယောက်သော သာမိအတ္တ၏ မရှိသည်၏ အဖြစ်ကြောင့်လည်းကောင်း (ဤအမှတ် ၁，၂ - စကားရပ်တို့ဖြင့်
ဤပုဒ်လည်း တော- ၄၀	1	vol_5	vol_5/markdown/[349]သင်္ခါရုပေက္ခာဉာဏ်ခန်း/[356] ဒွါစတ္တာလီသာ အာကာရ - သုညတာနုပဿနာ.md	()	**အာဒီနဝတော** = ရုပ်တရား၏ ဖြစ်ခြင်းသည် ရှိလတ်သော် အလုံးစုံသော အပြစ်စု အပြစ်ပုံကြီး = အာဒီနဝကို ရခြင်းကြောင့် ရုပ်တရားကို အပြစ်အစု အပြစ်အပုံ ရှိသော တရားဟု = အာဒီနဝဟု ရှုပါ။ (ဤပုဒ်လည်း တော- ၄၀ - တွင် ပါဝင်ပေသည်။)
ကို ဝိသုဒ္ဓိမဂ္ဂအဋ္ဌကထာ၊ ဒုတိယတွဲ၊ ၃၃၁-၃၃၂	1	vol_5	vol_5/markdown/[463]ဉာဏဒဿနဝိသုဒ္ဓိနိဒ္ဒေသ/[500] ဥပမာ ဥပမေယျ နှီးနှောချက်.md	[]	[ဤ - **သစ္စာလေးပါးကို တစ်ပြိုင်နက် သိပုံ အပိုင်း**ကို ဝိသုဒ္ဓိမဂ္ဂအဋ္ဌကထာ၊ ဒုတိယတွဲ၊ ၃၃၁-၃၃၂။ မဟာဋီကာ၊ ဒုတိယတွဲ၊
