article_id	level	children	key	title	local_path	status
68e670b3-b8f3-4a55-9a19-d3073c117331	1	4	[1]	NGP-Vol3-[1]ပဋိစ္စသမုပ္ပါဒ်ပိုင်း - အပိုင်း (က)	vol_3/chinese/[1]缘起篇 - 部分（甲）/[1]缘起法篇 - 部分（甲）.md	matched
1ac6a221-a136-4da8-a6f4-78aa1930b05f	2	45	[1a]	NGP-Vol3-[1a]ပဋိစ္စသမုပ္ပါဒ်ဝိဘင်းပါဠိတော် - သုတ္တန္တဘာဇနီယနည်း	vol_3/chinese/[1]缘起篇 - 部分（甲）/[1]缘起分别巴利圣典/[1a]缘起分别巴利圣典 - 经分别法.md	matched
6974437d-83f0-41bc-bd63-d76fce5456fa	3	0	[3]	NGP-Vol3-[3]ကျက်မှတ်ရန် ပါဠိတော်၏ အနက်	vol_3/chinese/[1]缘起篇 - 部分（甲）/[1]缘起分别巴利圣典/[3]应熟记的巴利圣典之义.md	matched
f1a3b21d-bed0-490d-b201-fe2e7d9b4389	3	0	[12a]	NGP-Vol3-[12a] ပဋိစ္စသမုပ္ပါဒ်တရား		unmatched
587ba80c-f2a1-4641-8ff7-940fd003930a	3	0	[12b]	NGP-Vol3-[12b]ပဋိစ္စသမုပ္ပန္နတရား		unmatched
8ba3cf2b-0c98-4637-b579-0c658e34a64e	3	0	[13]	NGP-Vol3-[13] ပဋိစ္စသမုပ္ပါဒ်တရားတော်	vol_3/chinese/[1]缘起篇 - 部分（甲）/[1]缘起分别巴利圣典/[13] 缘起法门.md	matched
cae2a3f0-82e7-4faf-87b7-a8c53c751b20	3	0	[14]	NGP-Vol3-[14]လက္ခဏ - ရသ - ပစ္စုပဋ္ဌာန်	vol_3/chinese/[1]缘起篇 - 部分（甲）/[1]缘起分别巴利圣典/[14]相 - 作用 - 现起.md	matched
c51ba8b2-a5ab-4f7c-b521-2c1ea5487b56	3	0	[15a]	NGP-Vol3-[15a]ပဋိစ္စသမုပ္ပါဒ်ဟူသည်		unmatched
2e7b02f4-ffd1-4fa0-8bef-f018cfb8713e	3	0	[15b]	NGP-Vol3-[15b]ပထမနည်း အဖွင့်		unmatched
39790f3c-b8a0-44f2-9021-d16bb3a1762a	3	0	[21]	NGP-Vol3-[21] ဒုတိယနည်း အဖွင့်	vol_3/chinese/[1]缘起篇 - 部分（甲）/[1]缘起分别巴利圣典/[21] 第二种解释.md	matched
27ea6477-93bd-415b-960c-70887a06cc8c	3	0	[24]	NGP-Vol3-[24] တတိယနည်းအဖွင့်	vol_3/chinese/[1]缘起篇 - 部分（甲）/[1]缘起分别巴利圣典/[24] 第三种解释.md	matched
3fb23e18-689c-488e-bf68-6e0378381bcc	3	0	[25]	NGP-Vol3-[25] ရုပ်ကလာပ် နာမ်ကလာပ်	vol_3/chinese/[1]缘起篇 - 部分（甲）/[1]缘起分别巴利圣典/[25] 色聚 名聚.md	matched
b652d09d-ac00-401a-a5bb-623af55976e3	3	0	[27a]	NGP-Vol3-[27a]အကျိုးဂုဏ်အင် အာနိသင်		unmatched
9f2cf594-be51-4272-a414-626cc7824dcd	3	0	[27]b	NGP-Vol3-[27]b (က) ပဋိစ္စ - ပုဒ် 	vol_3/chinese/[1]缘起篇 - 部分（甲）/[1]缘起分别巴利圣典/[27]b (甲) 缘 - 词.md	matched
9a8e5e9f-a82a-41de-b355-55a8007b6f3e	3	0	[29]	NGP-Vol3-[29] (ခ) သမုပ္ပါဒ - ပုဒ်	vol_3/chinese/[1]缘起篇 - 部分（甲）/[1]缘起分别巴利圣典/[29] (乙) 集起 - 词.md	matched
004c66cf-c85c-461e-ad8e-9e8ef1b7e426	3	0	[31a]	NGP-Vol3-[31a] (ဂ) ပဋိစ္စ + သမုပ္ပါဒ - ပုဒ်		unmatched
a1451425-5526-4bcf-9e38-bf8910640eb8	3	0	[31b]	NGP-Vol3-[31b]ထပ်မံရှင်းလင်းချက်		unmatched
91598045-5373-4cdf-acc2-59248899a7c5	3	0	[38]	NGP-Vol3-[38] ဒေသနာဘေဒ ပဋိစ္စသမုပ္ပါဒ်ကို ဟောတော်မ	vol_3/chinese/[1]缘起篇 - 部分（甲）/[1]缘起分别巴利圣典/[38] 教导的区别 宣说缘起法.md	matched
998b82fa-987f-4fda-af60-0b5731275042	3	0	[40]	NGP-Vol3-[40] အာဟာရလေးပါး	vol_3/chinese/[1]缘起篇 - 部分（甲）/[1]缘起分别巴利圣典/[40] 四种食.md	matched
723888e2-dd37-446f-bca5-9b9442d0b3f2	3	0	[41]a	NGP-Vol3-[41]a အကမ္မဇအာဟာရ	vol_3/chinese/[1]缘起篇 - 部分（甲）/[1]缘起分别巴利圣典/[41]a 非业生食.md	matched
2594f3b6-4bb5-4b54-8d99-5f975b553406	3	0	[41]b	NGP-Vol3-[41]b လေးနည်းခွဲ၍ ဟောကြားတော်မူရခြင်း၏ အကြ	vol_3/chinese/[1]缘起篇 - 部分（甲）/[1]缘起分别巴利圣典/[41]b 分四种宣说的缘由.md	matched
31a79b8f-0e54-4e07-af49-b5aa53f9e3b8	3	0	[42]	NGP-Vol3-[42]ထပ်မံရှင်းလင်းချက်များ	vol_3/chinese/[1]缘起篇 - 部分（甲）/[1]缘起分别巴利圣典/[42]补充说明.md	matched
b064407a-449c-4920-ae09-9534390bd8ae	3	0	[45]	NGP-Vol3-[45] အာဟာရသုတ္တန်	vol_3/chinese/[1]缘起篇 - 部分（甲）/[1]缘起分别巴利圣典/[45] 食经.md	matched
29ffba73-420b-41a7-ae0a-ffbe00027b8a	3	0	[46]	NGP-Vol3-[46] ဘာသာပြန် အကျဉ်းချုပ်	vol_3/chinese/[1]缘起篇 - 部分（甲）/[1]缘起分别巴利圣典/[46] 简译摘要.md	matched
cb0f5060-10c7-4b22-8c02-536821f639d5	3	0	[47]	NGP-Vol3-[47] အဋ္ဌကထာ - ဋီကာ အဖွင့်များ	vol_3/chinese/[1]缘起篇 - 部分（甲）/[1]缘起分别巴利圣典/[47] 义注 - 复注的解释.md	matched
bd26c088-8113-4e97-8ee0-8b805d1f31fe	3	0	[48]	NGP-Vol3-[48] အာဟာရ (၄) မျိုးသာ ဟောရခြင်း အကြောင်း	vol_3/chinese/[1]缘起篇 - 部分（甲）/[1]缘起分别巴利圣典/[48] 只宣说四种食的缘由.md	matched
1f14bc9c-9d86-436f-a2d7-405e8d1d123a	3	0	[49]	NGP-Vol3-[49] ကျေးဇူးပြုပုံ	vol_3/chinese/[1]缘起篇 - 部分（甲）/[1]缘起分别巴利圣典/[49] 作助益的方式.md	matched
a8b75342-1876-4581-969e-9fb34d13e15d	3	0	[50]	NGP-Vol2-[50] ရှင်းလင်းချက်များ	vol_3/chinese/[1]缘起篇 - 部分（甲）/[1]缘起分别巴利圣典/[50] 解释说明.md	matched
dd7e3adf-ce2e-46f2-a02b-8bd8ae6a305f	3	0	[52]	NGP-Vol3-[52] ဘေးဆိုးကြီး လေးမျိုး	vol_3/chinese/[1]缘起篇 - 部分（甲）/[1]缘起分别巴利圣典/[52] 四种大灾祸.md	matched
1383ecb0-4cf2-46a7-a987-6b43a09923f3	3	0	[53]	NGP-Vol3-[53] တဏှာနိဒါန	vol_3/chinese/[1]缘起篇 - 部分（甲）/[1]缘起分别巴利圣典/[53] 渴爱因缘.md	matched
92a98084-b3f3-4238-9097-aeb8a2ea7eb1	3	0	[54]	NGP-Vol3-[54] အကြောင်း၏ အကြောင်းအဆက်ဆက်	vol_3/chinese/[1]缘起篇 - 部分（甲）/[1]缘起分别巴利圣典/[54] 因之因的层层相续.md	matched
ce3c771a-dcac-462d-ae70-ff55242596a1	3	0	[56]	NGP-Vol3-[56] လိုရင်းမှတ်သားရန်	vol_3/chinese/[1]缘起篇 - 部分（甲）/[1]缘起分别巴利圣典/[56] 应牢记的要点.md	matched
523846dd-fcf3-4af6-8cf0-cdfdf9b49742	3	0	[57]a	NGP-Vol3-[57]a အနာဂတ် ဘယ်လိုလဲ？	vol_3/chinese/[1]缘起篇 - 部分（甲）/[1]缘起分别巴利圣典/[57]a 未来是怎样的？.md	matched
0eecf7b4-8c89-497e-b1d9-d9e7640fc054	3	0	[57]b	NGP-Vol3-[57]b ပဋိစ္စသမုပ္ပါဒ် တတိယနည်း အဖွင့်များ	vol_3/chinese/[1]缘起篇 - 部分（甲）/[1]缘起分别巴利圣典/[57]b 缘起法第三种方法的诸解释.md	matched
f64aa8ee-4485-41f1-9d6a-7cd67ef84e77	3	0	[57]b	NGP-Vol3-[57]b ပဋိစ္စသမုပ္ပါဒ် တတိယနည်း အဖွင့်များ	vol_3/chinese/[1]缘起篇 - 部分（甲）/[1]缘起分别巴利圣典/[57]b 缘起法第三种方法的诸解释.md	matched
beb384ff-57fd-499d-924e-f966ccc56b20	3	0	[59]a	NGP-Vol3-[59]a ဆိုလိုရင်းအချက် သုံးရပ်	vol_3/chinese/[1]缘起篇 - 部分（甲）/[1]缘起分别巴利圣典/[59]a 要旨三点.md	matched
8eb6f53b-a20a-48ca-9009-572d59ec8dd3	3	0	[59]b	NGP-Vol3-[59]b က။ ပထမအဖွင့် ရှင်းလင်းချက်	vol_3/chinese/[1]缘起篇 - 部分（甲）/[1]缘起分别巴利圣典/[59]b 第一种阐释的说明.md	matched
9339bd5d-c5d7-49cc-9c47-5bc101e41651	3	0	[62]	NGP-Vol3-[62] အလယ်မှ အစသို့ ရှုကွက်	vol_3/chinese/[1]缘起篇 - 部分（甲）/[1]缘起分别巴利圣典/[62] 从中间到开头的观照.md	matched
dafacca8-5cc8-4477-9da5-a79922e8b566	3	0	[65]	NGP-Vol3-[65] အကြိမ်ကြိမ် ဆန်းစစ်ကြည့်ပါ	vol_3/chinese/[1]缘起篇 - 部分（甲）/[1]缘起分别巴利圣典/[65] 请反复审察.md	matched
6b5d5aaa-77a1-4645-a6cd-2cc7c7b6c1e6	3	0	[66]	NGP-Vol3-[66] ခ။ ဒုတိယအဖွင့်အရ အဓိပ္ပါယ်ယူဆပုံ	vol_3/chinese/[1]缘起篇 - 部分（甲）/[1]缘起分别巴利圣典/[66] 乙。依第二种阐释的取义方式.md	matched
89d3c55f-2d6a-4542-bbe7-650b17a88e38	3	0	[67]	NGP-Vol3-[67] ဂ။ ဋီကာတို့၏ တတိယအဖွင့်အရ အဓိပ္ပါယ်ယ	vol_3/chinese/[1]缘起篇 - 部分（甲）/[1]缘起分别巴利圣典/[67] 丙。依诸复注第三种阐释的取义方式.md	matched
953776b3-4521-427a-a3ce-2511efcec152	3	0	[69]a	NGP-Vol3-[69]a ဆိုလိုရင်းသဘောမှတ်ရန်	vol_3/chinese/[1]缘起篇 - 部分（甲）/[1]缘起分别巴利圣典/[69]a 应记住的含义要点.md	matched
2dcc6ede-4452-4068-8c62-ff1ee971e4bd	3	0	[69]b	NGP-Vol3-[69]b အစပ် (၃) ပါး， အလွှာ (၄) လွှာ	vol_3/chinese/[1]缘起篇 - 部分（甲）/[1]缘起分别巴利圣典/[69]b 三处连结，四层.md	matched
18365ccb-b5e8-4352-9afa-7e5bc167335d	3	0	[70]	NGP-Vol3-[70] ဤဋီကာတို့၏ တတိယအဖွင့်နှင့် အညီ ရှုကွ	vol_3/chinese/[1]缘起篇 - 部分（甲）/[1]缘起分别巴利圣典/[70] 依这些复注第三种解释而观.md	matched
6e741e04-c4f4-4932-ad44-fe84ba966a39	3	0	[71]	NGP-Vol3-[71] ပဋိစ္စသမုပ္ပါဒ် ဒေသနာတော် စတုတ္ထနည်း	vol_3/chinese/[1]缘起篇 - 部分（甲）/[1]缘起分别巴利圣典/[71] 缘起法说法 第四种方法.md	matched
9392a0e0-0d8a-4f29-8883-e403cd56e8ef	3	0	[73]	NGP-Vol3-[73] စတုတ္ထနည်း ရှုကွက်	vol_3/chinese/[1]缘起篇 - 部分（甲）/[1]缘起分别巴利圣典/[73] 第四种方法 观照.md	matched
427da0df-1b66-4327-ae8b-9e110e797157	3	0	[74]	NGP-Vol3-[74] အချိန်ရှိခိုက် လုံ့လစိုက်ပါ	vol_3/chinese/[1]缘起篇 - 部分（甲）/[1]缘起分别巴利圣典/[74] 趁有时机 请精进用功.md	matched
f0d9ded0-1868-4aec-b4a5-38787f20da47	2	14	[76]	NGP-Vol3-[76] ကိလေသဝဋ် ကမ္မဝဋ် ဝိပါကဝဋ်၏ အစွမ်းဖြ	vol_3/chinese/[1]缘起篇 - 部分（甲）/[76]依烦恼轮、业轮、异熟轮之力的收摄方式/[76]依烦恼轮、业轮、异熟轮之力的收摄方式.md	matched
b5db4027-5754-4566-8407-e8b3a0ebe1eb	3	0	[76]b	NGP-Vol3-[76]b အတိတ်အကြောင်းတရား (၅) ပါး	vol_3/chinese/[1]缘起篇 - 部分（甲）/[76]依烦恼轮、业轮、异熟轮之力的收摄方式/[76]b 过去因法（五）种.md	matched
d313a519-21e4-4375-ab9a-6758ae99e0ae	3	0	[77]a	NGP-Vol3-[77]a ပစ္စုပ္ပန်အကျိုးတရား (၅) ပါး	vol_3/chinese/[1]缘起篇 - 部分（甲）/[76]依烦恼轮、业轮、异熟轮之力的收摄方式/[77]a 现在的果报法(五)种.md	matched
75d68d64-6c50-4c3c-9387-5f753aa9a83e	3	0	[77]b	NGP-Vol3-[77]b ပစ္စုပ္ပန်အကြောင်းတရား (၅) ပါး	vol_3/chinese/[1]缘起篇 - 部分（甲）/[76]依烦恼轮、业轮、异熟轮之力的收摄方式/[77]b 现在因法（五）种.md	matched
3d2d21db-fb0b-48cf-b433-2e25186627e0	3	0	[77]c	NGP-Vol3-[77]c အနာဂတ်အကျိုးတရား (၅) ပါး	vol_3/chinese/[1]缘起篇 - 部分（甲）/[76]依烦恼轮、业轮、异熟轮之力的收摄方式/[77]c 未来的果报法(五)种.md	matched
29240ad4-5079-4e4a-955c-9d534b9f1d10	3	0	[77]d	NGP-Vol3-[77]d ပဋိစ္စသမုပ္ပါဒ် ပဉ္စမနည်း	vol_3/chinese/[1]缘起篇 - 部分（甲）/[76]依烦恼轮、业轮、异熟轮之力的收摄方式/[77]d 缘起法第五法.md	matched
0b5ece3c-d755-4f80-b95e-04f813196008	3	0	[78]a	NGP-Vol3-[78]a ဧကဒေသတော ဇာနိတဗ္ဗံ = တစ်စိတ် တစ်ဒေသ သိရမည်	vol_3/chinese/[1]缘起篇 - 部分（甲）/[76]依烦恼轮、业轮、异熟轮之力的收摄方式/[78]a 应了知一分一处.md	matched
6b27b53e-2fbc-4762-bdd9-183ba3526618	3	0	[78]b	NGP-Vol3-[78]b ပါကကာလ = အကျိုးပေးရာကာလနှင့် စပ်၍ ကံ	vol_3/chinese/[1]缘起篇 - 部分（甲）/[76]依烦恼轮、业轮、异熟轮之力的收摄方式/[78]b 果报时＝与给予果报的时段相关联的业.md	matched
9878088a-f0a0-45de-b447-8507e2820370	3	0	[79]	NGP-Vol3-[79] ပါကဒါနပရိယာယ = အကျိုးပေးရာ အလှည့်အ	vol_3/chinese/[1]缘起篇 - 部分（甲）/[76]依烦恼轮、业轮、异熟轮之力的收摄方式/[79]果报给予方便＝依给予果报之轮次次第的业（四）种.md	matched
d1c2705e-4552-4e49-b283-c979cee900d9	3	0	[80]	NGP-Vol3-[80] ကိစ္စနှင့်စပ်၍ ကံ (၄) မျိုး	vol_3/chinese/[1]缘起篇 - 部分（甲）/[76]依烦恼轮、业轮、异熟轮之力的收摄方式/[80]与作用相关的业（四）种.md	matched
d89afba5-e9b0-465e-ab97-36cf3556c075	3	0	[82]a	NGP-Vol3-[82]a ဥပပီဠကကံနှင့် ဥပဃာတကကံ	vol_3/chinese/[1]缘起篇 - 部分（甲）/[76]依烦恼轮、业轮、异熟轮之力的收摄方式/[82]a 压迫业与断截业.md	matched
0fe6791d-4ba3-4252-b8e3-9183a1ce5d3e	3	0	[82]b	NGP-Vol3-[82]b တစ်နည်း ကံလေးမျိုး အယူအဆ	vol_3/chinese/[1]缘起篇 - 部分（甲）/[76]依烦恼轮、业轮、异熟轮之力的收摄方式/[82]b 另一种说法 四种业的观点.md	matched
c40c96da-2378-48e3-8a68-e63644fd41a6	3	0	[84]	NGP-Vol2-[84] ဗုဒ္ဓဝိသယနှင့် သာ၀ကဝိသယ = ဘုရားအရာနှ	vol_3/chinese/[1]缘起篇 - 部分（甲）/[76]依烦恼轮、业轮、异熟轮之力的收摄方式/[84]佛境与弟子境＝佛陀之事与弟子之事.md	matched
aed05ba0-7a37-4ce4-a104-113541b345a1	3	0	[85]	NGP-Vol3-[85] ကမ္မန္တရ - ဝိပါကန္တရ	vol_3/chinese/[1]缘起篇 - 部分（甲）/[76]依烦恼轮、业轮、异熟轮之力的收摄方式/[85]业差别与果报差别.md	matched
171b4d07-db34-4c41-9db7-dc145396f215	3	0	[86]	NGP-Vol3-[86] လိုက်နာရမည့် စည်းကမ်းတစ်ရပ်	vol_3/chinese/[1]缘起篇 - 部分（甲）/[76]依烦恼轮、业轮、异熟轮之力的收摄方式/[86]应遵守的一项规则.md	matched
a04dff0f-7f55-4271-9979-d2c4d2a96f79	2	40	[88]a	NGP-Vol2-[88]a အလုပ်စခန်းကို စတင်အားသစ်ပုံ	vol_3/chinese/[1]缘起篇 - 部分（甲）/[88]重启用功、焕发新力的方式/[88]a 重启用功、焕发新力的方式.md	matched
0b7563eb-023a-46fa-928e-05d1e5d96c8a	3	0	[88]b	NGP-Vol3-[88]b အတိတ်အကြောင်းတရားတို့ကို တိုက်ရိုက်	vol_3/chinese/[1]缘起篇 - 部分（甲）/[88]重启用功、焕发新力的方式/[88]b 直接寻找过去因法.md	matched
a8f86656-c72a-47eb-bbc5-4f85b8a80d30	3	0	[89]a	NGP-Vol3-[89]a အလယ်မှ အစသို့	vol_3/chinese/[1]缘起篇 - 部分（甲）/[88]重启用功、焕发新力的方式/[89]a 从中间到开端.md	matched
d811483b-c472-4078-a39b-6853a5eacd33	3	0	[89]b	NGP-Vol3-[89]b ဝိပါကဝဋ် အာဟာရ (၄) ပါးက စတင် သိမ်းဆ	vol_3/chinese/[1]缘起篇 - 部分（甲）/[88]重启用功、焕发新力的方式/[89]b 从果报轮四种食开始收摄的方式.md	matched
5d239cd6-ea45-4b4d-afab-5fcf6d2a9010	3	0	[90]	NGP-Vol3-[90] ကမ္မဝဋ် အာဟာရ (၄) ပါးက စတင် သိမ်းဆည်	vol_3/chinese/[1]缘起篇 - 部分（甲）/[88]重启用功、焕发新力的方式/[90] 从业轮四种食开始收摄的方式.md	matched
555f916b-5226-41a1-a2a5-19c23ab88be8	3	0	[92]a	NGP-Vol3-[92]a ကိလေသဝဋ် (၃) ပါး	vol_3/chinese/[1]缘起篇 - 部分（甲）/[88]重启用功、焕发新力的方式/[92]a 三种烦恼轮.md	matched
08153a41-deaa-4580-8887-50d5d0cb2516	3	0	[92]b	NGP-Vol3-[92]b ကမ္မဝဋ် (၂) ပါး	vol_3/chinese/[1]缘起篇 - 部分（甲）/[88]重启用功、焕发新力的方式/[92]b 两种业轮.md	matched
10ee7ec7-43f4-4eb4-a5c1-40fc09935e7e	3	0	[93]	NGP-Vol3-[93] စံထားရမည့် မှတ်ကျောက်	vol_3/chinese/[1]缘起篇 - 部分（甲）/[88]重启用功、焕发新力的方式/[93] 应树立为标准的准绳.md	matched
fbf8cef6-f5c3-42cb-9854-f1cd6ec80434	3	0	[94]	NGP-Vol3-[94] အတိတ်သို့ ဉာဏ်ကို ရှေးရှု စေလွှတ်ပါ	vol_3/chinese/[1]缘起篇 - 部分（甲）/[88]重启用功、焕发新力的方式/[94] 把智引向过去.md	matched
2e49652c-3d45-461c-8984-de0a0c63c628	3	0	[96]	NGP-Vol3-[96] ကိလေသဝဋ် ကမ္မဝဋ် များနေသော်	vol_3/chinese/[1]缘起篇 - 部分（甲）/[88]重启用功、焕发新力的方式/[96] 烦恼轮、业轮众多时.md	matched
2b13d369-3b89-4057-9245-fcecdfc76ab4	3	0	[97]	NGP-Vol3-[97] မေးမြန်းဖွယ်ရာ အချက်တစ်ရပ်	vol_3/chinese/[1]缘起篇 - 部分（甲）/[88]重启用功、焕发新力的方式/[97] 值得追问的一点.md	matched
d70a409e-2c52-42e2-8fe5-e3c10f558397	3	0	[98]	NGP-Vol3-[98] ယောဂီတို့၌ တွေ့ကြုံတတ်သည့် သဘာ၀တစ်ရ	vol_3/chinese/[1]缘起篇 - 部分（甲）/[88]重启用功、焕发新力的方式/[98] 禅修者常会遇到的一种现象.md	matched
3858f1bc-862e-443e-bd16-abe3e242f3db	3	0	[104]	NGP-Vol3-[104] ကလလရေကြည်သို့ ဆိုက်ပြီ	vol_3/chinese/[1]缘起篇 - 部分（甲）/[88]重启用功、焕发新力的方式/[104] 已抵达羯罗蓝清水.md	matched
d1d6e474-8c82-4218-a3f5-44e23ee07872	3	0	[107]	NGP-Vol3-[107] ယောဂီအများစု၌ တွေ့ရှိတတ်ပုံ အခြင်းအရ	vol_3/chinese/[1]缘起篇 - 部分（甲）/[88]重启用功、焕发新力的方式/[107] 多数禅修者常见到的情形.md	matched
3b9bcd7d-7bb4-4400-a7ad-774f26752244	3	0	[109]	NGP-Vol3-[109] အကြောင်းပြချက်	vol_3/chinese/[1]缘起篇 - 部分（甲）/[88]重启用功、焕发新力的方式/[109] 缘由.md	matched
309e5947-833f-43b7-9a41-c6ce0974fd35	3	0	[110]a	NGP-Vol3-[110]a မည်သို့ သက်ဆိုင်ပါသနည်း	vol_3/chinese/[1]缘起篇 - 部分（甲）/[88]重启用功、焕发新力的方式/[110]a 如何相干.md	matched
b9d04e27-f1d1-416f-b09b-1f76fed0790e	3	0	[110]b	NGP-Vol3-[110]b ကံ-အာရုံ ထင်ပုံ	vol_3/chinese/[1]缘起篇 - 部分（甲）/[88]重启用功、焕发新力的方式/[110]b 业所缘的显现方式.md	matched
5df05322-b6e5-421a-b5b4-6846d2b76a5e	3	0	[111]	NGP-Vol3-[111] အတိတ်အကြောင်းတရားများကို ရှာဖွေနည်း	vol_3/chinese/[1]缘起篇 - 部分（甲）/[88]重启用功、焕发新力的方式/[111] 寻找过去因法的方法.md	matched
46881b5d-5209-46f2-b6ef-a68887ca0e8c	3	0	[112]	NGP-Vol3-[112] အကြောင်းပြချက်ကား ရှိသည်သာ ဖြစ်ပါသည်	vol_3/chinese/[1]缘起篇 - 部分（甲）/[88]重启用功、焕发新力的方式/[112] 理由确实是存在的.md	matched
ebc140d2-0cb8-4c53-9048-cd551f36ce09	3	0	[113]	NGP-Vol3-[113] စေတနာသုတ္တန် ကောက်နုတ်ချက်	vol_3/chinese/[1]缘起篇 - 部分（甲）/[88]重启用功、焕发新力的方式/[113] 思经摘录.md	matched
ccefa460-9439-411d-a4af-711e24f8bd93	3	0	[117]	NGP-Vol3-[117] ကိလေသဝဋ်နှင့် ကမ္မဝဋ်	vol_3/chinese/[1]缘起篇 - 部分（甲）/[88]重启用功、焕发新力的方式/[117] 烦恼轮与业轮.md	matched
71914242-e7cd-4934-b46d-124fc4e9e137	3	0	[119]a	NGP-Vol3-[119]a ကိလေသဝဋ် (၃) ပါး	vol_3/chinese/[1]缘起篇 - 部分（甲）/[88]重启用功、焕发新力的方式/[119]a 三种烦恼轮.md	matched
4e92809d-e1dc-4b73-96ae-66bab3169aca	3	0	[119]b	NGP-Vol3-[119]b ကမ္မဝဋ် (၂) ပါး	vol_3/chinese/[1]缘起篇 - 部分（甲）/[88]重启用功、焕发新力的方式/[119]b 两种业轮.md	matched
3e01b6ec-4e97-4a4c-a753-272cd7668082	3	0	[119]c	NGP-Vol3-[119]c အာရုံချင်း တူညီရမည်	vol_3/chinese/[1]缘起篇 - 部分（甲）/[88]重启用功、焕发新力的方式/[119]c 彼此的所缘须相同.md	matched
d25f4541-aa57-4b2f-8f26-6afd6e399d86	3	0	[120]a	NGP-Vol3-[120]a နာမ်တရားချင်း တူညီမှု	vol_3/chinese/[1]缘起篇 - 部分（甲）/[88]重启用功、焕发新力的方式/[120]a 彼此的名法须相同.md	matched
9b6f927c-d95b-47b1-b84e-e93258be746d	3	0	[120]b	NGP-Vol3-[120]b ဘဝင်မနောအကြည်ဓာတ်	vol_3/chinese/[1]缘起篇 - 部分（甲）/[88]重启用功、焕发新力的方式/[120]b 有分意清明界.md	matched
26bf5d6f-28ef-48f8-bd9d-43dc1920ea9f	3	0	[120]c	NGP-Vol3-[120]cစံထားရမည့် မှတ်ကျောက်	vol_3/chinese/[1]缘起篇 - 部分（甲）/[88]重启用功、焕发新力的方式/[120]c 应奉为准绳的试金石.md	matched
f224fa7c-3b3b-4f2f-b654-a225a990c2c8	3	0	[122]a	NGP-Vol3-[122]a ကိလေသဝဋ် ခန္ဓာ (၅) ပါး	vol_3/chinese/[1]缘起篇 - 部分（甲）/[88]重启用功、焕发新力的方式/[122]a 烦恼轮的五蕴.md	matched
21001eac-8ec3-4619-bbc8-10af090f0b37	3	0	[122]b	NGP-Vol3-[122]b ကမ္မဝဋ် ခန္ဓာ (၅) ပါး	vol_3/chinese/[1]缘起篇 - 部分（甲）/[88]重启用功、焕发新力的方式/[122]b 业轮的五蕴.md	matched
17ca5b27-6765-48a9-a5a9-895c383d97d2	3	0	[123]a	NGP-Vol3-[123]a ဝိပါကဝဋ် ခန္ဓာ (၅) ပါး	vol_3/chinese/[1]缘起篇 - 部分（甲）/[88]重启用功、焕发新力的方式/[123]a 果报轮的五蕴.md	matched
9b90b056-ce1c-4240-b637-bf72835d3bf8	3	0	[123]b	NGP-Vol3-[123]b ကြောင်း-ကျိုး ဆက်နွှယ်မှု ပဋိစ္စသမု	vol_3/chinese/[1]缘起篇 - 部分（甲）/[88]重启用功、焕发新力的方式/[123]b 因果关联的缘起法.md	matched
11ed91de-241f-46bc-ac9d-9a55e01fd129	3	0	[123]c	NGP-Vol3-[123]c တစ်နည်းဆိုရသော်	vol_3/chinese/[1]缘起篇 - 部分（甲）/[88]重启用功、焕发新力的方式/[123]c 另一种说法.md	matched
152ef560-4983-405f-966c-534891872cc3	3	0	[124]	NGP-Vol3-[124] ဓမ္မဋ္ဌိတိဉာဏ်	vol_3/chinese/[1]缘起篇 - 部分（甲）/[88]重启用功、焕发新力的方式/[124] 法住智.md	matched
5dc00681-3479-4dff-a172-9005dcdb9b89	3	0	[128]a	NGP-Vol3-[128]a ခန္ဓာ (၅) ပါးဟူသည်	vol_3/chinese/[1]缘起篇 - 部分（甲）/[88]重启用功、焕发新力的方式/[128]a 所谓五蕴.md	matched
a6ae7be8-c8e3-4d2e-a503-63172722eca4	3	0	[128]b	NGP-Vol3-[128]b ကိလေသဝဋ်ချင်း ကမ္မဝဋ်ချင်း မတူညီကြ	vol_3/chinese/[1]缘起篇 - 部分（甲）/[88]重启用功、焕发新力的方式/[128]b 各个烦恼轮与各个业轮互不相同.md	matched
2ac6e0da-08e8-4930-b2d1-71e49a3a18b7	3	0	[130]	NGP-Vol3-[130] သုမနာမင်းသမီး၏ ရှေးဆုတောင်း	vol_3/chinese/[1]缘起篇 - 部分（甲）/[88]重启用功、焕发新力的方式/[130] 苏玛娜公主的往昔发愿.md	matched
933d41df-08c4-4877-a938-139cb6f1d40b	3	0	[131]	NGP-Vol3-[131] ဥမ္မာဒန္တီ၏ ရှေးဆုတောင်း	vol_3/chinese/[1]缘起篇 - 部分（甲）/[88]重启用功、焕发新力的方式/[131] 乌玛丹蒂的过去誓愿.md	matched
4d9af60c-02ec-4c19-be3a-d38bb8fb4dff	3	0	[132]	NGP-Vol3-[132] ပဘာ၀တီ၏ ရှေးဆုတောင်း	vol_3/chinese/[1]缘起篇 - 部分（甲）/[88]重启用功、焕发新力的方式/[132] 帕巴瓦帝的往昔发愿.md	matched
908c1332-9791-40c8-ba62-31559b5d73f9	3	0	[133]	NGP-Vol3-[133] မင်းကုသ၏ ရှေးဆုတောင်း	vol_3/chinese/[1]缘起篇 - 部分（甲）/[88]重启用功、焕发新力的方式/[133] 古沙王的往昔发愿.md	matched
6d9dc38c-95f3-4baa-9016-c4639a1553e7	3	0	[138]	NGP-Vol3-[138] မယ်မင်းကြီးမ - သုဘဒ္ဒါ၏ ဆုတောင်းခန်း	vol_3/chinese/[1]缘起篇 - 部分（甲）/[88]重启用功、焕发新力的方式/[138] 善贤王后的发愿章.md	matched
260a3877-1069-4bbc-b160-538fbfc91e3c	3	0	[139]	NGP-Vol2-[139] မဟာပဒုမပစ္စေကဗုဒ္ဓါ၏ အလောင်းလျာ အ	vol_3/chinese/[1]缘起篇 - 部分（甲）/[88]重启用功、焕发新力的方式/[139] 大红莲独觉佛的菩萨——良家女子的发愿.md	matched
beff64b6-8929-445e-8571-22c09cac1e23	2	11	[141]a	NGP-Vol3-[141]a နိမိတ်ထင်ပုံ အပိုင်း	vol_3/chinese/[1]缘起篇 - 部分（甲）/[141]相的显现 部分/[141]a 相的显现 部分.md	matched
55e4d43b-fb4d-4edd-b6d2-862672d76c5a	3	0	[141]b	NGP-Vol2-[141]b ကံ - ကမ္မနိမိတ် - ဂတိနိမိတ်	vol_3/chinese/[1]缘起篇 - 部分（甲）/[141]相的显现 部分/[141]b 业 - 业相 - 趣相.md	matched
3eb8edd9-b080-47cf-aa40-48ba2592f6cf	3	0	[143]a	NGP-Vol3-[143]a ဂေါပကသီ၀လိ	vol_3/chinese/[1]缘起篇 - 部分（甲）/[141]相的显现 部分/[143]a 守护者西瓦离.md	matched
7373991a-3abb-4f9d-a27b-3146c01ee96d	3	0	[143]b	NGP-Vol3-[143]b အဖြူရောင် ကမ္မနိမိတ်	vol_3/chinese/[1]缘起篇 - 部分（甲）/[141]相的显现 部分/[143]b 白色业相.md	matched
bdac5d43-712a-43d3-99c8-88f5a7eab7f1	3	0	[145]	NGP-Vol3-[145] စုတိကျပုံ (၄) မျိုး	vol_3/chinese/[1]缘起篇 - 部分（甲）/[141]相的显现 部分/[145] 死殁生起的四种方式.md	matched
bfd387e7-24eb-437e-bb2d-6ab4e224d88d	3	0	[146]	NGP-Vol3-[146] သမ္မူဠှကာလကိရိယာ = တွေတွေဝေဝေဖြင့် သေရခြင်း1	vol_3/chinese/[1]缘起篇 - 部分（甲）/[141]相的显现 部分/[146] 昏乱时死＝剧烈昏乱纷扰而死.md	matched
f08eb475-2b79-4358-a061-2b21fc27a104	3	0	[147]	NGP-Vol3-[147] ရေ၌နှစ်၍ အသတ်ခံရသူ	vol_3/chinese/[1]缘起篇 - 部分（甲）/[141]相的显现 部分/[147] 被沉入水中杀害的人.md	matched
a34c1313-ec30-4b16-a56f-16d6f390b21a	3	0	[148]	NGP-Vol3-[148] လဟုကမရဏ = လျင်လျင်မြန်မြန် သေရမှု	vol_3/chinese/[1]缘起篇 - 部分（甲）/[141]相的显现 部分/[148] 速死＝迅速地死亡.md	matched
e2558237-753c-4771-ab33-62b324c481a9	3	0	[149]	NGP-Vol3-[149] မူလဋီကာ၏ အကြောင်းပြချက်	vol_3/chinese/[1]缘起篇 - 部分（甲）/[141]相的显现 部分/[149] 根本复注的解说理由.md	matched
7dd49f18-f305-4a77-8823-fb341f2f0f0d	3	0	[151]	NGP-Vol3-[151] ဂတိနိမိတ်	vol_3/chinese/[1]缘起篇 - 部分（甲）/[141]相的显现 部分/[151] 趣相.md	matched
aa6d9358-8ecf-421a-996e-5e168c5eb27b	3	0	[153]a	NGP-Vol3-[153]a ပရမတ္ထဒီပနီ၏ ဝါဒ	vol_3/chinese/[1]缘起篇 - 部分（甲）/[141]相的显现 部分/[153]a 究竟意灯的主张.md	matched
5239c08b-1143-4a89-a1eb-1976457c9c89	3	0	[153]b	NGP-Vol3-[153]b ဂတိနိမိတ်ထင်သူ	vol_3/chinese/[1]缘起篇 - 部分（甲）/[141]相的显现 部分/[153]b 显现趣相者.md	matched
4c62f6ad-9b4b-46b1-b18d-a7af57808e61	1	0	[155]	NGP-Vol3-[155] ပဋိသန္ဓေအကြောင်း သိကောင်းစရာ	vol_3/chinese/[1]缘起篇 - 部分（甲）/[155]关于结生应知之事/[155] 关于结生(paṭisandhi)应知之事.md	matched
ef465f2e-0b92-4f63-a2ba-d1f216a1af52	1	0	[155]b	NGP-Vol3-[155]b ပဋိသန္ဓေအမျိုးအစားနှင့် ထိုက်သင့်ရာ ဘုံဌာန1	vol_3/chinese/[1]缘起篇 - 部分（甲）/[155]关于结生应知之事/[155]b 结生的种类与相应的界地1.md	matched
3cc258e8-6721-47f3-9a51-4b6d3ecfeb7b	1	0	[156]	NGP-Vol3-[156] ၄။ တစ်နည်း ပဋိသန္ဓေ၏ အာရုံ (၃) မျိုး	vol_3/chinese/[1]缘起篇 - 部分（甲）/[155]关于结生应知之事/[156] 四、另一种说法：结生的所缘三种.md	matched
02166bf5-2851-47f1-a99b-691e5e16c72d	1	0	[157]	NGP-Vol3-[157] ကာမသုဂတိမှ ဒုဂ္ဂတိသို့ ဖြစ်ပုံအခြင်း	vol_3/chinese/[1]缘起篇 - 部分（甲）/[155]关于结生应知之事/[157]从欲善趣转向恶趣之情形.md	matched
c93a6301-9b71-4d62-9e03-2aad51f3e950	1	0	[160]	NGP-Vol3-[160] ရဟန္တာအရှင်မြတ်များ	vol_3/chinese/[1]缘起篇 - 部分（甲）/[155]关于结生应知之事/[160] 阿拉汉圣者们.md	matched
e95a0330-67f8-4104-97f6-04e9ea082970	1	0	[160]b	NGP-Vol3-[160]b ဒုဂ္ဂတိ ဂတိနိမိတ်	vol_3/chinese/[1]缘起篇 - 部分（甲）/[155]关于结生应知之事/[160]b 恶趣趣相.md	matched
dcc5ec9c-0899-4162-825a-d794a486d7f7	1	0	[161]	NGP-Vol3-[161] ငရဲမီးတောက်မီးလျှံ	vol_3/chinese/[1]缘起篇 - 部分（甲）/[155]关于结生应知之事/[161]地狱火焰.md	matched
67499b96-6679-45ef-be95-f239d3e3e654	1	0	[162]	NGP-Vol3-[162] ပဉ္စဒွါရ၌ နိမိတ်ထင်ပုံ	vol_3/chinese/[1]缘起篇 - 部分（甲）/[155]关于结生应知之事/[162] 地狱的烈焰.md;vol_3/chinese/[1]缘起篇 - 部分（甲）/[155]关于结生应知之事/[162]五门中相的显现方式.md	dup_local
c96e780c-ae51-4f74-98cc-b352c150ad46	1	0	[167]	NGP-Vol3-[167] ဒုဂ္ဂတိမှ သုဂတိသို့	vol_3/chinese/[1]缘起篇 - 部分（甲）/[155]关于结生应知之事/[167] 从恶趣到善趣.md	matched
2834350f-bcf3-4ab0-a44f-617b78e5ba1c	1	0	[169]a	NGP-Vol3-[169]a ဘဝင်၏ အာရုံ	vol_3/chinese/[1]缘起篇 - 部分（甲）/[155]关于结生应知之事/[169]a 有分之所缘.md	matched
0f674c3d-95fe-4d4b-a80a-2c52b3c72c12	1	0	[169]b	NGP-Vol3-[169]b သုဂတိမှ သုဂတိသို့	vol_3/chinese/[1]缘起篇 - 部分（甲）/[155]关于结生应知之事/[169]b 从善趣到善趣.md	matched
12200072-903d-4845-af3e-df156de85c5c	1	0	[172]	NGP-Vol3-[172] ပစ္စုပ္ပန်ကို အာရုံပြုသော ပဋိသန္ဓေ	vol_3/chinese/[1]缘起篇 - 部分（甲）/[155]关于结生应知之事/[172] 以现在为所缘的结生.md	matched
ef199702-f9d5-40e2-8716-583745bb0436	1	0	[174]	NGP-Vol3-[174] ဝိပဿနာကံ၏ အာရုံ = ကမ္မနိမိတ်	vol_3/chinese/[1]缘起篇 - 部分（甲）/[155]关于结生应知之事/[174]观业的所缘 = 业相.md	matched
31308f3d-f494-4e32-9ae4-bfdde9dfe177	1	0	[174]a	NGP-Vol3-[174]a ဘုရားအား ပူဇော်ခြင်း	vol_3/chinese/[1]缘起篇 - 部分（甲）/[155]关于结生应知之事/[174]a 供养佛陀.md	matched
4c05447c-dc88-4f19-90cb-100e0a41014f	1	0	[174]b	NGP-Vol3-[174]b  ရူပဘုံမှ ကာမသုဂတိဘုံ， ရူပဘုံ， အရူပ	vol_3/chinese/[1]缘起篇 - 部分（甲）/[155]关于结生应知之事/[174]b 从色界到欲善趣界、色界、非色界.md	matched
3959425d-75e1-47d9-9cd1-f93f1852bcb4	1	0	[176]	NGP-Vol3-[176] အရူပဘုံမှ အရူပဘုံသို့， ကာမသုဂတိဘုံ	vol_3/chinese/[1]缘起篇 - 部分（甲）/[155]关于结生应知之事/[176] 从无色界到无色界，欲善趣地.md	matched
f9fa8710-97d7-4977-95bf-4cb109c3c4c3	1	0	[178]a	NGP-Vol3-[178]a သုဒ္ဓါဝါသ - ဖူး - မရ၊ အကနိဋ္ဌ - တု -	vol_3/chinese/[1]缘起篇 - 部分（甲）/[155]关于结生应知之事/[178]a 纯居天——不再有，色究竟——无重复.md	matched
65b22fe7-49a7-4e3f-b194-e724b2e99741	1	0	[178]b	NGP-Vol3-[178]b စုတိနှင့် ပဋိသန္ဓေ အပေါင်း	vol_3/chinese/[1]缘起篇 - 部分（甲）/[155]关于结生应知之事/[178]b 死殁与结生的总计.md;vol_3/chinese/[1]缘起篇 - 部分（甲）/[155]关于结生应知之事/[178]b 色所缘线 - 善初速行 - 受.md	dup_local
6b86b3db-46e4-4ee9-a73d-7743d21bb6dc	1	0	[178]b	NGP-Vol3-[178]b ရူပါရုံလိုင်း - ကုသိုလ် ပထမဇော - ဝေဒ	vol_3/chinese/[1]缘起篇 - 部分（甲）/[155]关于结生应知之事/[178]b 死殁与结生的总计.md;vol_3/chinese/[1]缘起篇 - 部分（甲）/[155]关于结生应知之事/[178]b 色所缘线 - 善初速行 - 受.md	dup_local
839e9172-3aee-4f2e-816c-ae4ba6d73a51	1	0	[180]a	NGP-Vol3-[180]a ဒုဂ္ဂတိမှ ဒုဂ္ဂတိသို့	vol_3/chinese/[1]缘起篇 - 部分（甲）/[155]关于结生应知之事/[180]a 从恶趣到恶趣.md	matched
86b788fa-70db-43a9-ad4f-ddedd3410170	1	0	[180]b	NGP-Vol3-[180]b နာနာက္ခဏိကနှင့် ဥပနိဿယ	vol_3/chinese/[1]缘起篇 - 部分（甲）/[155]关于结生应知之事/[180]b 异刹那与强依止.md	matched
d2dec3ec-cf83-4a00-9827-5367e1a1ec23	1	0	[181]	NGP-Vol3-[181] ပဋိသန္ဓေ အမျိုးအစားများ	vol_3/chinese/[1]缘起篇 - 部分（甲）/[155]关于结生应知之事/[181] 结生的种类.md	matched
f1ad8f1f-d8c1-471e-8a91-06144f7785c1	1	0	[182]a	NGP-Vol3-[182]a ကလလရေကြည်	vol_3/chinese/[1]缘起篇 - 部分（甲）/[155]关于结生应知之事/[182]a 羯罗蓝清水.md	matched
bd7e7f42-f288-4e88-9bc2-3ead919b3be5	1	0	[182]b	NGP-Vol3-[182]b ယောနိနှင့် ဂတိ	vol_3/chinese/[1]缘起篇 - 部分（甲）/[155]关于结生应知之事/[182]b 生与趣.md	matched
6043020e-1093-4cad-84ad-a6dd1e52f525	1	0	[184]	NGP-Vol3-[184] အနုဋီကာ၏ ဖြေရှင်းချက်	vol_3/chinese/[1]缘起篇 - 部分（甲）/[155]关于结生应知之事/[184]再复注的解答.md	matched
447a77f2-646e-4434-8561-62ec57c205c3	1	0	[185]	NGP-Vol3-[185] စက္ခုဒသကကလာပ်	vol_3/chinese/[1]缘起篇 - 部分（甲）/[155]关于结生应知之事/[185] 眼十法聚.md	matched
892c7df1-30ee-473b-b9d3-d23e6c1d8207	1	0	[185]b	NGP-Vol3-[185]b မူလဋီကာနှင့် အနုဋီကာတို့၏ အယူအဆ	vol_3/chinese/[1]缘起篇 - 部分（甲）/[155]关于结生应知之事/[185]b 根本复注与再复注的见解.md	matched
63d73b3a-2997-4887-a153-ea76c8c302c9	1	0	[190]	NGP-Vol3-[190] ဆန်းစစ်သင့်သော အရာများသာ ဖြစ်သည်	vol_3/chinese/[1]缘起篇 - 部分（甲）/[155]关于结生应知之事/[190] 只是应当审察的事项.md	matched
1bd0ce90-f65d-4ed4-88b1-7faba30802fd	1	0	[191]	NGP-Vol3-[191] (က) ခန္ဓာ (၄) ပါးရှိသော အရူပဘုံအချင်းချင်း1	vol_3/chinese/[1]缘起篇 - 部分（甲）/[155]关于结生应知之事/[191] (甲) 具四蕴的无色界彼此之间1.md	matched
9632085b-5271-405c-b203-e7fabefd2cd6	1	0	[193]	NGP-Vol3-[193] ပြောင်းပြန် ယှဉ်စေထိုက်သော အနက်	vol_3/chinese/[1]缘起篇 - 部分（甲）/[155]关于结生应知之事/[193] 应反向配对之义.md	matched
58534ede-1878-47cc-9445-bd0f44401e23	1	0	[194]a	NGP-Vol3-[194]a ပြောင်းပြန် မယှဉ်စေထိုက်သော အနက်	vol_3/chinese/[1]缘起篇 - 部分（甲）/[155]关于结生应知之事/[194]a 不应反向配对之义.md	matched
7ebfa991-f641-41ce-91ed-c9be294d32ea	1	0	[194]b	NGP-Vol3-[194]b ဘဝဟောင်းနှင့် ဘဝသစ်	vol_3/chinese/[1]缘起篇 - 部分（甲）/[155]关于结生应知之事/[194]b 旧有与新有.md	matched
fcc03e23-0ad4-48f1-bd8f-1d9f084faa2f	1	0	[196]a	NGP-Vol3-[196]a တဏှာက ညွတ်စေမှု - ဟူသည်	vol_3/chinese/[1]缘起篇 - 部分（甲）/[155]关于结生应知之事/[196]a 爱令倾向 - 之义.md	matched
630071b7-2fd9-4817-80bb-24ac5aafec83	1	0	[196]b	NGP-Vol3-[196]b သဟဇာတ သင်္ခါရတရားတို့က ပစ်ချမှု	vol_3/chinese/[1]缘起篇 - 部分（甲）/[155]关于结生应知之事/[196]b 俱生行法的抛掷.md	matched
2e400feb-2e01-43c8-8d01-f0ce3109b678	1	0	[197]	NGP-Vol3-[197] ဤမှာဘက်ကမ်းမှ ထိုမှာဘက်ကမ်းသို့	vol_3/chinese/[1]缘起篇 - 部分（甲）/[155]关于结生应知之事/[197] 从此岸到彼岸.md	matched
eac51788-0197-47bc-ace0-ee0cd1b0d7cf	1	0	[198]	NGP-Vol3-[198] စုတိနှင့် ပဋိသန္ဓေ	vol_3/chinese/[1]缘起篇 - 部分（甲）/[155]关于结生应知之事/[198] 死殁与结生.md	matched
064690cb-6e2a-4dbd-828d-c5f1c22f72f3	1	0	[200]	NGP-Vol3-[200] ဧကတာ - နာနတာ နတ္ထိ	vol_3/chinese/[1]缘起篇 - 部分（甲）/[155]关于结生应知之事/[200] 既无同一，亦无别异.md	matched
a5290ac2-cc70-4ce7-b67f-87e511bb7ed3	1	0	[201]	NGP-Vol3-[201] ရရှိနိုင်သော အပြစ်	vol_3/chinese/[1]缘起篇 - 部分（甲）/[155]关于结生应知之事/[201] 可能招致的过失.md	matched
5436e114-7261-42c7-9682-e171377959a8	1	0	[202]	NGP-Vol3-[202] မေးမြန်းဖွယ်အချက်	vol_3/chinese/[1]缘起篇 - 部分（甲）/[155]关于结生应知之事/[202]应询问之事.md	matched
54fa825e-9554-49ac-af84-627087a1a56f	1	0	[205]	NGP-Vol3-[205] အကျိုးကို ခံစားတတ်သူ	vol_3/chinese/[1]缘起篇 - 部分（甲）/[155]关于结生应知之事/[205] 能感受果报者.md	matched
1ce97e8a-4a22-418f-bcb6-c73ebde30765	1	0	[206]	NGP-Vol3-[206] သင်္ခါရ၏ ထင်ရှား ရှိမှု မရှိမှု	vol_3/chinese/[1]缘起篇 - 部分（甲）/[155]关于结生应知之事/[206] 行的显现之有无.md	matched
16ac43ec-ad78-4d03-a269-9821526ce396	1	0	[207]	NGP-Vol3-[207] သမင်္ဂီ (၅) ပါး = သမင်္ဂိတာ (၅) ပါး	vol_3/chinese/[1]缘起篇 - 部分（甲）/[155]关于结生应知之事/[207] 五种具足者 = 五种具足.md	matched
15562242-79ac-43f8-b102-d0c9c0d6e470	1	0	[211]	NGP-Vol3-[211] နိမိတ် အပြောင်းအလဲ	vol_3/chinese/[1]缘起篇 - 部分（甲）/[155]关于结生应知之事/[211] 相的变换.md	matched
d8b59a7b-4a88-4835-9c6f-dc58226ffac5	1	0	[213]a	NGP-Vol3-[213]a အတ္ထနယ (၄) မျိုး = နည်း (၄) ထွေ	vol_3/chinese/[1]缘起篇 - 部分（甲）/[213]四种义理趣＝四类方法/[213]a 四种义理趣＝四类方法.md	matched
18a5ee4c-d643-4043-aedc-88202ce51db9	1	0	[213]b	NGP-Vol3-[213]b ဧကတ္တနည်း	vol_3/chinese/[1]缘起篇 - 部分（甲）/[213]四种义理趣＝四类方法/[213]b 同一性理.md	matched
b9b33c49-138a-45ae-b298-7a967479b80f	1	0	[218]	NGP-Vol3-[218] ဥစ္ဆေဒဒိဋ္ဌိနှင့် သဿတဒိဋ္ဌိ	vol_3/chinese/[1]缘起篇 - 部分（甲）/[213]四种义理趣＝四类方法/[218] 断灭见与常见.md	matched
8a4788a0-1bd1-454b-83fb-cfe68ac76995	1	0	[219]	NGP-Vol3-[219]နာနတ္တနည်း	vol_3/chinese/[1]缘起篇 - 部分（甲）/[213]四种义理趣＝四类方法/[219] 不同性理.md	matched
818ceff1-399f-4b3f-af2e-39ffa677b813	1	0	[220]	NGP-Vol3-[220] ဥစ္ဆေဒဒိဋ္ဌိ ဖြစ်တတ်ပုံ	vol_3/chinese/[1]缘起篇 - 部分（甲）/[213]四种义理趣＝四类方法/[220] 断灭见如何生起.md	matched
ed3eec8e-1ac4-40a2-b09f-dfb0ba45b223	1	0	[222]a	NGP-Vol3-[222]a သဘာဝနိယမ ဟူသည်	vol_3/chinese/[1]缘起篇 - 部分（甲）/[213]四种义理趣＝四类方法/[222]a 所谓自然定法.md	matched
4c373aee-aaeb-4ff9-9fdf-cbc268c9cc06	1	0	[222]b	NGP-Vol3-[222]b ဧဝံဓမ္မတာနည်း	vol_3/chinese/[1]缘起篇 - 部分（甲）/[213]四种义理趣＝四类方法/[222]b 如是法性理.md	matched
9a66f534-cf57-4466-ab64-e1dabdb6e32f	1	0	[226]	NGP-Vol3-[226] ဘဝဇာတ်ခုံ၌ အဖြစ်မျိုးစုံ	vol_3/chinese/[1]缘起篇 - 部分（甲）/[213]四种义理趣＝四类方法/[226] 轮回戏台上的种种际遇.md	matched
a19013a8-0192-4d3f-a980-cce36f57bd38	1	0	[228]	NGP-Vol3-[228] အနုပ္ပါဒနိရောဓသဘော	vol_3/chinese/[1]缘起篇 - 部分（甲）/[213]四种义理趣＝四类方法/[228] 不生灭尽的本质.md	matched
efda4cd6-8195-4062-af0e-a104cc23f722	1	0	[229]	NGP-Vol3-[229] သတိပြုပြီး မှတ်သားထားပါ	vol_3/chinese/[1]缘起篇 - 部分（甲）/[213]四种义理趣＝四类方法/[229] 请注意并牢记.md	matched
5b230557-034a-48b9-af9d-e86271640ee3	1	0	[235]a	NGP-Vol3-[235]a အနာဂတ်၌ အကြောင်းအကျိုး	vol_3/chinese/[1]缘起篇 - 部分（甲）/[213]四种义理趣＝四类方法/[235]a 未来的因与果.md	matched
9f26a21d-fb08-4f74-8174-72756203b5e9	1	0	[235]b	NGP-Vol3-[235]b အနာဂတ်ဘ၀သည် ကျိန်းသေဖြစ်မှာလား	vol_3/chinese/[1]缘起篇 - 部分（甲）/[213]四种义理趣＝四类方法/[235]b 未来生是否必定会发生.md	matched
2b29e3c9-5afa-473a-a999-f3aa1ad0da30	1	0	[236]	NGP-Vol3-[236] အဘယ်ကြောင့် အနာဂတ်ကို ရှုနေရပါသလဲ？	vol_3/chinese/[1]缘起篇 - 部分（甲）/[213]四种义理趣＝四类方法/[236] 为何必须观照未来？.md	matched
17496571-6df3-4a3b-ab11-d04ea61c2e13	1	0	[238]a	NGP-Vol3-[238]a ဝိသုဒ္ဓိမဂ္ဂအဋ္ဌကထာ၏ ညွှန်ကြားချက်	vol_3/chinese/[1]缘起篇 - 部分（甲）/[213]四种义理趣＝四类方法/[238]a 清净之道义注的指示.md	matched
71cac4e8-0a8c-4f5d-ac9f-21c705da1d1f	1	0	[238]b	NGP-Vol3-[238]b အထူးသတိပြု၍ သိမ်းဆည်းရန်	vol_3/chinese/[1]缘起篇 - 部分（甲）/[213]四种义理趣＝四类方法/[238]b 应特别注意地收摄.md	matched
045c0376-b9ca-4a45-9c84-0dcf86af86a6	1	0	[239]a	NGP-Vol3-[239]a တိဟိတ်-ဒွိဟိတ်-သောမနဿ-ဥပေက္ခာ	vol_3/chinese/[1]缘起篇 - 部分（甲）/[213]四种义理趣＝四类方法/[239]a 三因-二因-悦-舍.md	matched
2a1fac36-ea4a-462b-9031-557c78a5fc38	1	0	[239]b	NGP-Vol3-[239]b အကြောင်း အကျိုး သိမ်းဆည်းပုံ စနစ်မျာ	vol_3/chinese/[1]缘起篇 - 部分（甲）/[213]四种义理趣＝四类方法/[239]b 收摄因与果的种种方式.md	matched
99313da7-2d58-40ba-927a-82a7169660c0	1	0	[242]	NGP-Vol3-[242] ပဋိစ္စသမုပ္ပါဒ် ပဉ္စမနည်း	vol_3/chinese/[1]缘起篇 - 部分（甲）/[213]四种义理趣＝四类方法/[242] 缘起法第五法.md	matched
fddb3f3f-da7f-40ed-b612-ebbae65251ec	1	0	[243]	NGP-Vol3-[243] ကြိုတင် မှတ်သားထားရန် လိုရင်းအချက်မျ	vol_3/chinese/[1]缘起篇 - 部分（甲）/[213]四种义理趣＝四类方法/[243] 须预先记住的要点.md	matched
43afabbb-2ec4-42ec-bd02-fe62f8c488d0	1	0	[244]	NGP-Vol3-[244] ဖဿ -- နာမ် ရုပ်	vol_3/chinese/[1]缘起篇 - 部分（甲）/[213]四种义理趣＝四类方法/[244] 触--名色.md	matched
9f058a9f-ac59-46c8-b0c2-63131000e852	1	0	[246]	NGP-Vol3-[246] ဧကစိတ္တက္ခဏိက - နာနာစိတ္တက္ခဏိက	vol_3/chinese/[1]缘起篇 - 部分（甲）/[213]四种义理趣＝四类方法/[246] 一心刹那 - 种种心刹那.md	matched
a5c5adb1-5fc2-4c8e-a29a-472f7f1f28a7	1	0	[247]a	NGP-Vol3-[247]a အတိတ်အကြောင်း ပစ္စုပ္ပန်အကြောင်း	vol_3/chinese/[1]缘起篇 - 部分（甲）/[213]四种义理趣＝四类方法/[247]a 过去因与现在因.md	matched
394aeb76-aa2f-4057-ac55-b1bcd0c940b8	1	0	[247]b	NGP-Vol3-[247]b အကြောင်း အကျိုး သိမ်းဆည်းပုံ - ပစ္စယပ	vol_3/chinese/[1]缘起篇 - 部分（甲）/[247]因果的收摄方式 - 把握诸缘之智篇/[247]b 因果的收摄方式 - 把握诸缘之智篇.md	matched
d2fae87b-0259-47bf-a86a-82f09b56a99f	1	0	[247]c	NGP-Vol3-[247]c (ကလလရေကြည် တည်စခိုက်) ပဋိသန္ဓေ ခန္ဓာ	vol_3/chinese/[1]缘起篇 - 部分（甲）/[247]因果的收摄方式 - 把握诸缘之智篇/[247]c （羯罗蓝净水初住之际）结生蕴.md	matched
3689dc37-b8f2-4b34-a058-c3ad16a3526e	1	0	[249]	NGP-Vol3-[249] ပဋိသန္ဓေ ရူပက္ခန္ဓာ	vol_3/chinese/[1]缘起篇 - 部分（甲）/[247]因果的收摄方式 - 把握诸缘之智篇/[249] 结生色蕴.md	matched
acb47386-044b-40c7-ac8e-f03704bcb879	1	0	[250]	NGP-Vol3-[250] ပဋိသန္ဓေ ဝေဒနာက္ခန္ဓာ	vol_3/chinese/[1]缘起篇 - 部分（甲）/[247]因果的收摄方式 - 把握诸缘之智篇/[250] 结生受蕴.md	matched
b2826359-3e74-4572-b30b-ea5daf3bc2f9	1	0	[251]	NGP-Vol3-[251] ဝတ္ထုအရ တရားကိုယ်ကောက်ယူပုံ	vol_3/chinese/[1]缘起篇 - 部分（甲）/[247]因果的收摄方式 - 把握诸缘之智篇/[251] 依处一词法体的把握方式.md	matched
1f9b0e25-0f4d-4784-aee7-4b6a08d1aeb3	1	0	[253]	NGP-Vol3-[253] ဒွါရနှင့် ဝတ္ထု	vol_3/chinese/[1]缘起篇 - 部分（甲）/[247]因果的收摄方式 - 把握诸缘之智篇/[253] 门与依处.md	matched
5b36c595-8899-4eb2-bdd5-3c22b01e5311	1	0	[256]	NGP-Vol3-[256] ပဋိသန္ဓေ သညာက္ခန္ဓာ	vol_3/chinese/[1]缘起篇 - 部分（甲）/[247]因果的收摄方式 - 把握诸缘之智篇/[256] 结生想蕴.md	matched
39f4d8fd-fd84-4a29-a3ad-31cf6670e9ab	1	0	[256]b	NGP-Vol3-[256]b ပဋိသန္ဓေ သင်္ခါရက္ခန္ဓာ (ပထမနည်း)	vol_3/chinese/[1]缘起篇 - 部分（甲）/[247]因果的收摄方式 - 把握诸缘之智篇/[256]b 结生行蕴（第一种方法）.md	matched
cbee9658-8dd5-4a33-adce-dbc252bc09fe	1	0	[258]	NGP-Vol3-[258] ပဋိသန္ဓေ ဝိညာဏက္ခန္ဓာ	vol_3/chinese/[1]缘起篇 - 部分（甲）/[247]因果的收摄方式 - 把握诸缘之智篇/[258] 结生识蕴.md	matched
09719960-003e-46a0-8f0e-babbb375bb8b	1	0	[260]	NGP-Vol3-[260] ဘဝင် ခန္ဓာ (၅) ပါး	vol_3/chinese/[1]缘起篇 - 部分（甲）/[247]因果的收摄方式 - 把握诸缘之智篇/[260] 有分五蕴.md	matched
f14cb942-dbf1-4092-8fed-28252512a893	1	0	[261]	NGP-Vol3-[261] ၆ - ဒွါရ， ၄၂ - ကောဋ္ဌာသ - ရူပက္ခန္ဓာ	vol_3/chinese/[1]缘起篇 - 部分（甲）/[247]因果的收摄方式 - 把握诸缘之智篇/[261] 六门、四十二身分 - 色蕴.md	matched
ca267b8a-c456-46ac-a163-bc63043e8923	1	0	[262]	NGP-Vol3-[262] ဘဝင် ဝေဒနာက္ခန္ဓာ	vol_3/chinese/[1]缘起篇 - 部分（甲）/[247]因果的收摄方式 - 把握诸缘之智篇/[262] 有分受蕴.md	matched
232855c5-8e66-4fad-8e3e-7e461ca04ec1	1	0	[265]	NGP-Vol3-[265] ရူပါရုံ အရောင်လိုင်း - ပဉ္စဒွါရာဝဇ္ဇ	vol_3/chinese/[1]缘起篇 - 部分（甲）/[247]因果的收摄方式 - 把握诸缘之智篇/[265] 色所缘颜色线 - 五门转向.md	matched
c36c09de-56ce-42c8-a8cc-0cf8c48ffff3	1	0	[268]	NGP-Vol3-[268] ရူပါရုံလိုင်း - စက္ခုဝိညာဏ် (= မြင်	vol_3/chinese/[1]缘起篇 - 部分（甲）/[247]因果的收摄方式 - 把握诸缘之智篇/[268] 色所缘线 - 眼识.md	matched
fbc42d8d-a5ab-4b85-b14a-9b90c146e80c	1	0	[270]	NGP-Vol3-[270] မနသိကာရ - ဟူသည်	vol_3/chinese/[1]缘起篇 - 部分（甲）/[247]因果的收摄方式 - 把握诸缘之智篇/[270] 所谓作意.md	matched
f590d0ee-50e7-4f21-8d71-66fdb6a37145	1	0	[272]	NGP-Vol3-[272] ရူပါရုံလိုင်း - သမ္ပဋိ စ္ဆိုင်း (= လ	vol_3/chinese/[1]缘起篇 - 部分（甲）/[247]因果的收摄方式 - 把握诸缘之智篇/[272] 色所缘线 - 领受（＝接受）（5）蕴.md	matched
26519793-520a-4638-a956-e3306dee8ce9	1	0	[274]	NGP-Vol3-[274] ရူပါရုံလိုင်း - သန္တီရဏ (= စုံစမ်း) ခန္ဓာ (၅) ပါး1	vol_3/chinese/[1]缘起篇 - 部分（甲）/[247]因果的收摄方式 - 把握诸缘之智篇/[274] 色所缘线 - 推度（＝查察）（5）蕴.md	matched
21fe2597-6be9-4f70-8b26-33401f254fd8	1	0	[276]	NGP-Vol3-[276] ရူပါရုံလိုင်း - ဝုဋ္ဌော (= ဆုံးဖြတ်)	vol_3/chinese/[1]缘起篇 - 部分（甲）/[247]因果的收摄方式 - 把握诸缘之智篇/[276] 色所缘线 - 确定（＝决定）.md	matched
c2c77151-19dd-4b26-9704-174f3d1551c3	1	0	[278]a	NGP-Vol3-[278]a ရူပါရုံလိုင်း - ကုသိုလ်ဇော ခန္ဓာ (၅)	vol_3/chinese/[1]缘起篇 - 部分（甲）/[247]因果的收摄方式 - 把握诸缘之智篇/[278]a 色所缘线 - 善速行蕴（5）.md	matched
4d141fa7-5688-4f44-a677-fb854e9b2afe	1	0	[278]b	NGP-Vol3-[278]b ရူပါရုံလိုင်း - ကုသိုလ် ပထမဇော - ဝေဒ	vol_3/chinese/[1]缘起篇 - 部分（甲）/[247]因果的收摄方式 - 把握诸缘之智篇/[278]b 色所缘线 - 善第一速行 - 受.md	matched
0f037d3b-b805-4ffe-b64a-22ba82a6f233	1	0	[281]a	NGP-Vol3-[281]a ရူပါရုံလိုင်း - ကုသိုလ် ဒုတိယဇော - ဝေဒနာက္ခန္ဓာ (စက္ခုဒွါရဝီထိ)1	vol_3/chinese/[1]缘起篇 - 部分（甲）/[247]因果的收摄方式 - 把握诸缘之智篇/[281]a 色所缘线 - 善第二速行 - 受蕴（眼门心路）1.md	matched
8fcf7afc-365e-4dc6-bd8d-bf67057c41b0	1	0	[281]b	NGP-Vol3-[281]b ရူပါရုံလိုင်း - ပထမတဒါရုံ ခန္ဓာ (၅) ပါး (စက္ခုဒွါရဝီထိ)1	vol_3/chinese/[1]缘起篇 - 部分（甲）/[247]因果的收摄方式 - 把握诸缘之智篇/[281]b 色所缘线 - 第一彼所缘（5）蕴（眼门心路）1.md	matched
dbe570a7-2fcc-466a-aa64-5d3ac8dd9fa4	1	0	[283]	NGP-Vol3-[283] ယေဘုယျ မှတ်သားရန်	vol_3/chinese/[1]缘起篇 - 部分（甲）/[247]因果的收摄方式 - 把握诸缘之智篇/[283] 一般应记事项.md	matched
dbae5575-c33a-4dcc-b6cb-94a5e7e4d456	1	0	[284]a	NGP-Vol3-[284]a ရူပါရုံလိုင်း - ဒုတိယတဒါရုံ - ဝေဒနာ	vol_3/chinese/[1]缘起篇 - 部分（甲）/[247]因果的收摄方式 - 把握诸缘之智篇/[284]a 色所缘线 - 第二彼所缘 - 受.md	matched
a03a2fcd-5f26-4e89-9b39-a28b138ac934	1	0	[284]b	NGP-Vol3-[284]b ရူပါရုံကို အာရုံယူသည့် မနောဒွါရဝီထိ	vol_3/chinese/[1]缘起篇 - 部分（甲）/[247]因果的收摄方式 - 把握诸缘之智篇/[284]b 取色所缘的意门心路.md	matched
7915accc-6287-49a9-8829-721890c382de	1	0	[286]	NGP-Vol3-[286] ဘဝင် မနောသမ္ဖဿ	vol_3/chinese/[1]缘起篇 - 部分（甲）/[247]因果的收摄方式 - 把握诸缘之智篇/[286] 有分意触.md	matched
fac754d4-fd69-4cb4-9ed6-177e489c1543	1	0	[287]	NGP-Vol3-[287] ရူပါရုံလိုင်း - မနောဒွါရဝီထိ - ကုသို	vol_3/chinese/[1]缘起篇 - 部分（甲）/[247]因果的收摄方式 - 把握诸缘之智篇/[287] 色所缘线 - 意门心路 - 善第二速行 - 受蕴.md	matched
2e4c4725-24dc-4674-b5ab-3065ca7a5a37	1	0	[287]a	NGP-Vol3-[287]a ရူပါရုံလိုင်း - မနောဒွါရဝီထိ - ကုသို	vol_3/chinese/[1]缘起篇 - 部分（甲）/[247]因果的收摄方式 - 把握诸缘之智篇/[287]a 色所缘线 - 意门心路 - 善第一速行 - 受蕴.md	matched
a9fd4757-8b38-45cc-8319-7e633361a977	1	0	[288]	NGP-Vol3-[288] ရူပါရုံလိုင်း - မနောဒွါရဝီထိ - ပထမတဒ	vol_3/chinese/[1]缘起篇 - 部分（甲）/[247]因果的收摄方式 - 把握诸缘之智篇/[288] 色所缘线 - 意门心路 - 第一彼所缘.md	matched
936677f9-fab6-4c10-9ea9-9f64ce398d21	1	0	[289]a	NGP-Vol3-[289]a သတ္တမဇော မနောသမ္ဖဿ (= ၃၄) နှင့် တဒါရုံ	vol_3/chinese/[1]缘起篇 - 部分（甲）/[247]因果的收摄方式 - 把握诸缘之智篇/[289]a 第七速行意触（＝34）与彼所缘.md	matched
ba94dece-6178-42a3-a556-7b5f833dc32c	1	0	[289]b	NGP-Vol3-[289]b ရူပါရုံလိုင်း - မနောဒွါရဝီထိ - ဒုတိယ	vol_3/chinese/[1]缘起篇 - 部分（甲）/[247]因果的收摄方式 - 把握诸缘之智篇/[289]b 色所缘线 - 意门心路 - 第二.md	matched
b22ce28c-d8dd-4d3e-b666-74759deb076f	1	0	[291]a	NGP-Vol3-[291]a ရူပါရုံလိုင်း - စက္ခုဒွါရဝီထိ - လောဘ	vol_3/chinese/[1]缘起篇 - 部分（甲）/[247]因果的收摄方式 - 把握诸缘之智篇/[291]a 色所缘线 - 眼门心路 - 贪.md	matched
0e1692ec-e6df-4f5c-801b-04a16f49eb2f	1	0	[291]b	NGP-Vol3-[291]b ရူပါရုံလိုင်း - စက္ခုဒွါရဝီထိ - လောဘ	vol_3/chinese/[1]缘起篇 - 部分（甲）/[247]因果的收摄方式 - 把握诸缘之智篇/[291]b 色所缘线 - 眼门心路 - 贪.md	matched
0c4f83d9-4523-49fd-ada0-303dd3ce2ea3	1	0	[292]	NGP-Vol3-[292] ရူပါရုံလိုင်း - စက္ခုဒွါရဝီထိ - လောဘ	vol_3/chinese/[1]缘起篇 - 部分（甲）/[247]因果的收摄方式 - 把握诸缘之智篇/[292] 色所缘线 - 眼门心路 - 贪.md	matched
40a8c730-07c9-4dc5-9fd6-556aca07bda9	1	0	[293]a	NGP-Vol3-[293]a ရူပါရုံလိုင်း - စက္ခုဒွါရဝီထိ - လောဘ	vol_3/chinese/[1]缘起篇 - 部分（甲）/[247]因果的收摄方式 - 把握诸缘之智篇/[293]a 色所缘线 - 眼门心路 - 贪.md	matched
e89039ee-cf27-438e-a708-b5d2b0a84dc4	1	0	[293]b	NGP-Vol3-[293]b ရူပါရုံလိုင်း - စက္ခုဒွါရဝီထိ - လောဘ	vol_3/chinese/[1]缘起篇 - 部分（甲）/[247]因果的收摄方式 - 把握诸缘之智篇/[293]b 色所缘线 - 眼门心路 - 贪.md	matched
42da99a1-766f-4f6a-8092-fbaaaaf25120	1	0	[294]a	NGP-Vol3-[294]a ရူပါရုံလိုင်း - မနောဒွါရဝီထိ - ပထမလေ	vol_3/chinese/[1]缘起篇 - 部分（甲）/[247]因果的收摄方式 - 把握诸缘之智篇/[294]a 色所缘线 - 意门心路 - 第一贪速行 - 受蕴.md	matched
1ccb683e-2cd6-4bf0-a54d-9bd4a36b01a7	1	0	[294]b	NGP-Vol3-[294]b ရူပါရုံလိုင်း - မနောဒွါရဝီထိ - ဒုတိယ	vol_3/chinese/[1]缘起篇 - 部分（甲）/[247]因果的收摄方式 - 把握诸缘之智篇/[294]b 色所缘线 - 意门心路 - 第二.md	matched
99af6377-3c65-4a3b-8f2a-025e4641f40c	1	0	[295]	NGP-Vol3-[295] ရူပါရုံလိုင်း - မနောဒွါရဝီထိ - လောဘ	vol_3/chinese/[1]缘起篇 - 部分（甲）/[247]因果的收摄方式 - 把握诸缘之智篇/[295] 色所缘线 - 意门心路 - 贪.md	matched
47b4b0a8-a533-4584-a64e-cc2125d7786e	1	0	[296]a	NGP-Vol3-[296]a ရူပါရုံလိုင်း - မနောဒွါရဝီထိ - လောဘ	vol_3/chinese/[1]缘起篇 - 部分（甲）/[247]因果的收摄方式 - 把握诸缘之智篇/[296]a 色所缘线 - 意门心路 - 贪.md	matched
6815b35e-f0f4-4f65-baf7-0b117f795a80	1	0	[296]b	NGP-Vol3-[296]b ယေဘုယျမှတ်သားရန်	vol_3/chinese/[1]缘起篇 - 部分（甲）/[247]因果的收摄方式 - 把握诸缘之智篇/[296]b 一般应记事项.md	matched
cd7460a0-aeda-4979-8cd3-166c4c946dfa	1	0	[296]c	NGP-Vol3-[296]c  အပြောင်းအလဲ	vol_3/chinese/[1]缘起篇 - 部分（甲）/[247]因果的收摄方式 - 把握诸缘之智篇/[296]c 变化.md	matched
124e8cb5-6c55-4603-9471-a0904a4ec36a	1	0	[297]b	NGP-Vol3-[297]b သဒ္ဒါရုံလိုင်း - သောတဒွါရဝီထိ - ပဉ္စ	vol_3/chinese/[1]缘起篇 - 部分（甲）/[247]因果的收摄方式 - 把握诸缘之智篇/[297]b 声所缘线 - 耳门心路 - 五门转向.md	matched
9de09a62-d4f1-4a5c-98af-6d3eb811b149	1	0	[297]c	NGP-Vol3-[297]c သဒ္ဒါရုံလိုင်း - သောတဒွါရဝီထိ - သောတ	vol_3/chinese/[1]缘起篇 - 部分（甲）/[247]因果的收摄方式 - 把握诸缘之智篇/[297]c 声所缘线 - 耳门心路 - 耳识.md	matched
8ecda313-e990-42b3-b7a5-cb494062ccfb	1	0	[298]a	NGP-Vol3-[298]a သဒ္ဒါရုံလိုင်း - သောတဒွါရဝီထိ - သမ္ပ	vol_3/chinese/[1]缘起篇 - 部分（甲）/[247]因果的收摄方式 - 把握诸缘之智篇/[298]a 声所缘线 - 耳门心路 - 领受.md	matched
461b9b8b-6192-4249-85be-8158999b80db	1	0	[298]b	NGP-Vol3-[298]b သဒ္ဒါရုံလိုင်း - သောတဒွါရဝီထိ - သမ္ပ	vol_3/chinese/[1]缘起篇 - 部分（甲）/[247]因果的收摄方式 - 把握诸缘之智篇/[298]b 声所缘线 - 耳门心路 - 领受 - 行蕴.md	matched
98f8ed80-d2fb-404b-9aab-9ac48525f585	1	0	[299]a	NGP-Vol3-[299]a သဒ္ဒါရုံလိုင်း - သောတဒွါရဝီထိ - သမ္ပ	vol_3/chinese/[1]缘起篇 - 部分（甲）/[247]因果的收摄方式 - 把握诸缘之智篇/[299]a 声所缘线 - 耳门心路 - 领受 - 识蕴.md	matched
0f1876c4-3639-4eac-8fab-92ee77a7688c	1	0	[299]b	NGP-Vol3-[299]b သဒ္ဒါရုံလိုင်း - သောတဒွါရဝီထိ - သန္	vol_3/chinese/[1]缘起篇 - 部分（甲）/[247]因果的收摄方式 - 把握诸缘之智篇/[299]b 声所缘线 - 耳门心路 - 推度 - 受蕴.md	matched
f2a22d21-e0a9-42e5-b73a-42231a7dab79	1	0	[300]a	NGP-Vol3-[300]a သဒ္ဒါရုံလိုင်း - သောတဒွါရဝီထိ - ကု	vol_3/chinese/[1]缘起篇 - 部分（甲）/[247]因果的收摄方式 - 把握诸缘之智篇/[300]a 声所缘线 - 耳门心路 - 善.md	matched
3b865fe2-5da9-4b83-ad43-3ce8ba1d15bf	1	0	[300]b	NGP-Vol3-[300]b သဒ္ဒါရုံလိုင်း - သောတဒွါရဝီထိ - ကု	vol_3/chinese/[1]缘起篇 - 部分（甲）/[247]因果的收摄方式 - 把握诸缘之智篇/[300]b 声所缘线 - 耳门心路 - 善.md	matched
bf00921d-d948-4023-868a-5a19d32294dd	1	0	[300]c	NGP-Vol3-[300]c သဒ္ဒါရုံလိုင်း - သောတဒွါရဝီထိ - ကု	vol_3/chinese/[1]缘起篇 - 部分（甲）/[247]因果的收摄方式 - 把握诸缘之智篇/[300]c 声所缘线 - 耳门心路 - 善速行后第一彼所缘 - 受蕴.md	matched
70156e68-4adf-45ed-91bc-a500e6629f3e	1	0	[301]	NGP-Vol3-[301] သဒ္ဒါရုံလိုင်း - မနောဒွါရဝီထိ - မဟာ	vol_3/chinese/[1]缘起篇 - 部分（甲）/[247]因果的收摄方式 - 把握诸缘之智篇/[301] 声所缘线 - 意门心路 - 大善.md	matched
5774dbb2-ce6d-44b3-bb14-8c829aaf7c38	1	0	[302]	NGP-Vol3-[302] သဒ္ဒါရုံလိုင်း - မနောဒွါရဝီထိ - မဟာ	vol_3/chinese/[1]缘起篇 - 部分（甲）/[247]因果的收摄方式 - 把握诸缘之智篇/[302] 声所缘线 - 意门心路 - 大.md	matched
f6e80374-3ee2-4a6f-b343-104c47c7b618	1	0	[302]b	NGP-Vol3-[302]b  ဂန္ဓာရုံလိုင်း - ဃာနဒွါရဝီထိ - ပဉ္စ	vol_3/chinese/[1]缘起篇 - 部分（甲）/[247]因果的收摄方式 - 把握诸缘之智篇/[302]b 香所缘线 - 鼻门心路 - 五门转向.md	matched
70a7f050-c945-479c-8a44-1345100a2bcf	1	0	[303]a	NGP-Vol3-[303]a ဂန္ဓာရုံလိုင်း - ဃာနဒွါရဝီထိ - ဃာနဝိ	vol_3/chinese/[1]缘起篇 - 部分（甲）/[247]因果的收摄方式 - 把握诸缘之智篇/[303]a 香所缘线 - 鼻门心路 - 鼻识.md	matched
7fd9d41c-f294-49f2-a29f-ce0043e9ece5	1	0	[303]b	NGP-Vol3-[303]b ဂန္ဓာရုံလိုင်း - ဃာနဒွါရဝီထိ - သမ္ပ	vol_3/chinese/[1]缘起篇 - 部分（甲）/[247]因果的收摄方式 - 把握诸缘之智篇/[303]b 香所缘线 - 鼻门心路 - 领受.md	matched
0d522393-dfe3-4f0a-bd6f-2998e2f1ad5b	1	0	[303]c	NGP-Vol3-[303]c ဂန္ဓာရုံလိုင်း - ဃာနဒွါရဝီထိ - သန္တီ	vol_3/chinese/[1]缘起篇 - 部分（甲）/[247]因果的收摄方式 - 把握诸缘之智篇/[303]c 香所缘线 - 鼻门心路 - 推度.md	matched
34ae500f-6c13-401c-af6f-8be0f78f8b7a	1	0	[304]	NGP-Vol3-[304] ရသာရုံလိုင်း - ဇိဝှါဒွါရဝီထိ - ဇိဝှါ	vol_3/chinese/[1]缘起篇 - 部分（甲）/[247]因果的收摄方式 - 把握诸缘之智篇/[304] 味所缘线 - 舌门心路 - 舌识.md	matched
0c664ccb-1a60-45f9-b433-7fe76b68f9f1	1	0	[305]a	NGP-Vol3-[305]a ရသာရုံလိုင်း - ဇိဝှါဒွါရဝီထိ - သမ္ပ	vol_3/chinese/[1]缘起篇 - 部分（甲）/[247]因果的收摄方式 - 把握诸缘之智篇/[305]a 味所缘线 - 舌门心路 - 领受.md	matched
027abf44-f1ea-4ba1-b114-2da72b92fbbc	1	0	[306]a	NGP-Vol3-[306]a ရသာရုံလိုင်း - မနောဒွါရဝီထိ - မဟာကု	vol_3/chinese/[1]缘起篇 - 部分（甲）/[247]因果的收摄方式 - 把握诸缘之智篇/[306]a 味所缘线 - 意门心路 - 大善.md	matched
34787b67-7c99-452c-82fa-075cf119f16f	1	0	[306]b	NGP-Vol3-[306]b ရသာရုံလိုင်း - မနောဒွါရဝီထိ - မဟာကု	vol_3/chinese/[1]缘起篇 - 部分（甲）/[247]因果的收摄方式 - 把握诸缘之智篇/[306]b 味所缘线 - 意门心路 - 大善.md	matched
5224f9c0-b56f-4a2a-ba5a-60d8175c57f4	1	0	[306]c	NGP-Vol3-[306]c ဖောဋ္ဌဗ္ဗာရုံလိုင်း - ကာယဒွါရဝီထိ - ပဉ္စဒွါရာဝဇ္ဇန်း - ဝေဒနာက္ခန္ဓာ	vol_3/chinese/[1]缘起篇 - 部分（甲）/[247]因果的收摄方式 - 把握诸缘之智篇/[306]c 触所缘线 - 身门心路 - 五门转向 - 受蕴1.md	matched
ca138ae5-0aa0-4a56-b25c-d21b55acf659	1	0	[308]a	NGP-Vol3-[308]a ဖောဋ္ဌဗ္ဗာရုံလိုင်း - ကာယဒွါရဝီထိ - သမ္ပဋိ စ္ဆိုင်း - ဝေဒနာက္ခန္ဓာ1	vol_3/chinese/[1]缘起篇 - 部分（甲）/[247]因果的收摄方式 - 把握诸缘之智篇/[308]a 触所缘线 - 身门心路 - 领受 - 受蕴1.md	matched
cb7ae87b-63b9-4fac-a8af-3693e698e060	1	0	[308]b	NGP-Vol3-[308]b ဖောဋ္ဌဗ္ဗာရုံလိုင်း - ကာယဒွါရဝီထိ - သန္တီရဏ - ဝေဒနာက္ခန္ဓာ	vol_3/chinese/[1]缘起篇 - 部分（甲）/[247]因果的收摄方式 - 把握诸缘之智篇/[308]b 触所缘线 - 身门心路 - 推度 - 受蕴1.md	matched
3fad13db-d2eb-4d54-a67b-6a29efee70fd	1	0	[308]c	NGP-Vol3-[308]c ဖောဋ္ဌဗ္ဗာရုံလိုင်း - ကာယဒွါရဝီထိ - ဒုတိယဇော - ဝေဒနာက္ခန္ဓာ	vol_3/chinese/[1]缘起篇 - 部分（甲）/[247]因果的收摄方式 - 把握诸缘之智篇/[308]c 触所缘线 - 身门心路 - 第二速行 - 受蕴1.md	matched
068f4a6c-4068-428d-b295-3fe143603b07	1	0	[309]a	NGP-Vol3-[309]a ဖောဋ္ဌဗ္ဗာရုံလိုင်း - မနောဒွါရဝီထိ -	vol_3/chinese/[1]缘起篇 - 部分（甲）/[247]因果的收摄方式 - 把握诸缘之智篇/[309]a 触所缘线 - 意门心路 - 第二速行 - 受蕴.md	matched
0ffd5237-7b09-4e36-9cb4-a4e943af7ffa	1	0	[309]b	NGP-Vol3-[309]b ဖောဋ္ဌဗ္ဗာရုံလိုင်း - မနောဒွါရဝီထိ -	vol_3/chinese/[1]缘起篇 - 部分（甲）/[247]因果的收摄方式 - 把握诸缘之智篇/[309]b 触所缘线 - 意门心路 - 第二彼所缘 - 受蕴.md	matched
20c18234-7318-4de4-bd1b-1bbc864dbf0d	1	0	[310]a	NGP-Vol3-[310]a ဓမ္မာရုံလိုင်း - မနောဒွါရဝီထိ - မနော	vol_3/chinese/[1]缘起篇 - 部分（甲）/[247]因果的收摄方式 - 把握诸缘之智篇/[310]a 法所缘线 - 意门心路 - 意门转向.md	matched
246adb28-53f0-409b-966c-71235b0a7375	1	0	[310]b	NGP-Vol3-[310]b ဓမ္မာရုံလိုင်း - မနောဒွါရဝီထိ - ပထမ	vol_3/chinese/[1]缘起篇 - 部分（甲）/[247]因果的收摄方式 - 把握诸缘之智篇/[310]b 法所缘线 - 意门心路 - 第一.md	matched
67633a8d-94fd-489b-8ca2-16b0385ef966	1	0	[310]c	NGP-Vol3-[310]c ဓမ္မာရုံလိုင်း - မနောဒွါရဝီထိ - ဒုတိ	vol_3/chinese/[1]缘起篇 - 部分（甲）/[247]因果的收摄方式 - 把握诸缘之智篇/[310]c 法所缘线 - 意门心路 - 第二.md	matched
f74d09bd-663b-4677-9f40-3396ba7fa4a3	1	0	[311]	NGP-Vol3-[311] ဓမ္မာရုံလိုင်း - မနောဒွါရဝီထိ - ဒုတိ	vol_3/chinese/[1]缘起篇 - 部分（甲）/[247]因果的收摄方式 - 把握诸缘之智篇/[311] 法所缘线 - 意门心路 - 第二.md	matched
9431f936-7707-48a1-bcfa-817609307595	1	0	[313]	NGP-Vol3-[313] ဓမ္မာရုံလိုင်း - ပထမဈာနသမာပတ္တိ မနော	vol_3/chinese/[1]缘起篇 - 部分（甲）/[247]因果的收摄方式 - 把握诸缘之智篇/[313] 法所缘线 - 初禅等至意门.md	matched
57345b64-b567-4cf5-8f40-7e5a80066c7b	1	0	[316]a	NGP-Vol3-[316]a ပထမအတိတ်မှ ဒုတိယအတိတ်သို့	vol_3/chinese/[1]缘起篇 - 部分（甲）/[247]因果的收摄方式 - 把握诸缘之智篇/[316]a 从第一过去到第二过去.md	matched
f3eb0c87-1015-44c7-8808-681cb0569f15	1	0	[316]b	NGP-Vol3-[316]b ဝိဇ္ဇာမျိုးစေ့ - စရဏမျိုးစေ့များကို သတိပြုကြည့်ပါ	vol_3/chinese/[1]缘起篇 - 部分（甲）/[247]因果的收摄方式 - 把握诸缘之智篇/[316]b 明种子 - 请留意观察行种子1.md	matched
35662df8-5218-41cf-9ce5-24294d714075	1	0	[317]	NGP-Vol3-[317] ဥပပီဠကကံ = ကပ်၍ ညှဉ်းဆဲတတ်သော ကံ	vol_3/chinese/[1]缘起篇 - 部分（甲）/[247]因果的收摄方式 - 把握诸缘之智篇/[317] 压迫业＝靠近而恼害之业.md	matched
c633c4ea-118b-4338-88ea-a223f3388153	1	0	[319]	NGP-Vol3-[319] တန်ဖိုးမဖြတ်နိုင်သော ဘ၀သင်ခန်းစာများ	vol_3/chinese/[1]缘起篇 - 部分（甲）/[247]因果的收摄方式 - 把握诸缘之智篇/[319] 无价的人生课程.md	matched
47553e9a-d2db-48f3-bb87-b4050564cd02	1	0	[320]	NGP-Vol3-[320] နက်လည်း နက်၏ - ခက်လည်း ခက်၏	vol_3/chinese/[1]缘起篇 - 部分（甲）/[247]因果的收摄方式 - 把握诸缘之智篇/[320] 深而又深 - 难而又难.md	matched
e0be2e44-995b-4d65-a698-ad60180ebc65	1	0	[322]a	NGP-Vol3-[322]a အဝိဇ္ဇာ - တဏှာ - ဥပါဒါန်	vol_3/chinese/[1]缘起篇 - 部分（甲）/[247]因果的收摄方式 - 把握诸缘之智篇/[322]a 无明 - 爱 - 取.md	matched
16d9c1e2-dd78-42fe-8f9f-8c0c01fffbe5	1	0	[322]b	NGP-Vol3-[322]b ဥပတ္ထမ္ဘကကံ	vol_3/chinese/[1]缘起篇 - 部分（甲）/[247]因果的收摄方式 - 把握诸缘之智篇/[322]b 支助业.md	matched
109ed109-163e-4c34-a0e1-f3e7f207e0a4	1	0	[324]a	NGP-Vol3-[324]a အားရကျေနပ်ဖွယ် အချက်တစ်ရပ်	vol_3/chinese/[1]缘起篇 - 部分（甲）/[247]因果的收摄方式 - 把握诸缘之智篇/[324]a 令人欣慰满意的一点.md	matched
18de3682-b9ce-4a1e-b054-8cc629698e6a	1	0	[324]b	NGP-Vol3-[324]b သံသရာကွေ့များ၌ လောကဓံလေလှိုင်းများ	vol_3/chinese/[1]缘起篇 - 部分（甲）/[247]因果的收摄方式 - 把握诸缘之智篇/[324]b 轮回弯道中的世法风浪.md	matched
3aa0b95b-c332-4021-9aa8-067b471d6300	1	0	[326]	NGP-Vol3-[326] ရူပါဝစရ ပုညာဘိသင်္ခါရနှင့် အာနေဉ္ဇာ	vol_3/chinese/[1]缘起篇 - 部分（甲）/[247]因果的收摄方式 - 把握诸缘之智篇/[326] 色界福行与不动行.md	matched
9cba1b9f-aeda-43ab-bb0c-62e558ce5383	1	0	[327]	NGP-Vol3-[327] အနာဂတ်သို့ ဉာဏ်ကို စေလွှတ်ပါ	vol_3/chinese/[1]缘起篇 - 部分（甲）/[247]因果的收摄方式 - 把握诸缘之智篇/[327] 把智送往未来.md	matched
2a8b81e0-0045-45c6-9ddb-ab68510cb63f	1	0	[328]	NGP-Vol3-[328] သတိပြုရန် အချက်တစ်ရပ်	vol_3/chinese/[1]缘起篇 - 部分（甲）/[247]因果的收摄方式 - 把握诸缘之智篇/[328] 应当注意的一点.md	matched
e4bb3bd1-478b-4180-8365-907de871a85e	1	0	[329]	NGP-Vol3-[329] အပါယ် ဒုဂ္ဂတိဘဝ ပဋိသန္ဓေ	vol_3/chinese/[1]缘起篇 - 部分（甲）/[247]因果的收摄方式 - 把握诸缘之智篇/[329] 苦界恶趣有的结生.md	matched
1761b6e1-ca1c-45fb-ac8b-90274cbc64b7	1	0	[330]	NGP-Vol3-[330] အနာဂတ် အပြောင်းအလဲ	vol_3/chinese/[1]缘起篇 - 部分（甲）/[247]因果的收摄方式 - 把握诸缘之智篇/[330] 未来的变化.md	matched
65d9bef4-201b-4db9-8c6c-6b77733eb2ae	1	0	[331]a	NGP-Vol3-[331]a ရူပါဝစရ - (၁၆) ဘုံ	vol_3/chinese/[1]缘起篇 - 部分（甲）/[247]因果的收摄方式 - 把握诸缘之智篇/[331]a 色界 - (16)地.md	matched
034511f7-6bde-4b86-b23f-59ff5d73e398	1	0	[331]b	NGP-Vol3-[331]b ပရိတ္တ - မဇ္ဈိမ - ပဏီတ	vol_3/chinese/[1]缘起篇 - 部分（甲）/[247]因果的收摄方式 - 把握诸缘之智篇/[331]b 小 - 中 - 殊胜.md	matched
7303ee33-b738-46b1-baae-697b1d4e5568	1	0	[333]	NGP-Vol3-[333] အနာဂတ်မှ အနာဂတ်သို့	vol_3/chinese/[1]缘起篇 - 部分（甲）/[247]因果的收摄方式 - 把握诸缘之智篇/[333] 从未来到未来.md	matched
daab5bee-96b5-4646-b1c8-0a5acae19bde	1	0	[334]	NGP-Vol3-[334] အလွန်ရနိုင်ခဲသော အခွင့်ကောင်းကြီးတစ်	vol_3/chinese/[1]缘起篇 - 部分（甲）/[247]因果的收摄方式 - 把握诸缘之智篇/[334] 极难获得的一个大良机.md	matched
b6487189-c3e9-4bd8-af43-fa2fb189a11d	1	0	[335]	NGP-Vol3-[335] အထူးမှာထားချက်	vol_3/chinese/[1]缘起篇 - 部分（甲）/[247]因果的收摄方式 - 把握诸缘之智篇/[335] 特别嘱咐.md	matched
996b7445-a7f0-46b0-973f-6040bcb79561	1	0	[336]	NGP-Vol3-[336] သေသူနှင့် ရှင်သူ	vol_3/chinese/[1]缘起篇 - 部分（甲）/[336] 死者与生者.md	matched
ec31607c-2d18-465e-94ee-e74c49e7afe4	1	0	[337]a	NGP-Vol3-[337]a ပဋိစ္စသမုပ္ပါဒ်ပိုင်း - အပိုင်း (ခ)	vol_3/chinese/[337]缘起篇 - 部分（乙）/[337]a 缘起篇 - 部分（乙）.md	matched
1b1ed90a-c1ba-4a2b-be16-a111e036e43a	1	0	[337]b	NGP-Vol3-[337]b ပဋိစ္စသမုပ္ပါဒ် ပထမနည်း အနုလောမပဋိစ္စ	vol_3/chinese/[337]缘起篇 - 部分（乙）/[337]b 缘起 第一理趣 顺缘起/[337]b 缘起 第一理趣 顺缘起.md	matched
d355f895-2796-4fe0-8548-6eff85bceab8	1	0	[337]c	NGP-Vol3-[337]c အဝိဇ္ဇာ	vol_3/chinese/[337]缘起篇 - 部分（乙）/[337]b 缘起 第一理趣 顺缘起/[337]c 无明.md	matched
de3343f3-d366-4fa4-b613-eb922afe27ca	1	0	[338]a	NGP-Vol3-[338]a အဝိဇ္ဇာ၏ အကြောင်းရင်း	vol_3/chinese/[337]缘起篇 - 部分（乙）/[337]b 缘起 第一理趣 顺缘起/[338]a 无明的原因.md	matched
944ce283-0c44-48a5-bcc0-30fbbe0e65b3	1	0	[339]	NGP-Vol3-[339] အာသဝ - ဟူသည်	vol_3/chinese/[337]缘起篇 - 部分（乙）/[337]b 缘起 第一理趣 顺缘起/[339] 所谓漏.md	matched
61306f00-cb82-4095-a81a-84ab3ef1ea19	1	0	[341]	NGP-Vol3-[341] ထပ်မံရှင်းလင်းချက်	vol_3/chinese/[337]缘起篇 - 部分（乙）/[337]b 缘起 第一理趣 顺缘起/[341] 补充说明.md	matched
f810af2a-10a5-4a69-86d0-073902966b98	1	0	[343]	NGP-Vol3-[343] သောကစသည် ဖြစ်ကြောင်း	vol_3/chinese/[337]缘起篇 - 部分（乙）/[337]b 缘起 第一理趣 顺缘起/[343] 愁等生起的原因.md	matched
af319428-0729-413e-999d-0826300d5456	1	0	[344]a	NGP-Vol3-[344]a တစ်နည်းအဖြေ	vol_3/chinese/[337]缘起篇 - 部分（乙）/[337]b 缘起 第一理趣 顺缘起/[344]a 另一种方式的回答.md	matched
7f370059-3a28-44e0-8aba-d6e2da7f485d	1	0	[344]b	NGP-Vol3-[344]b ကာမာသဝကြောင့် သောကစသည်ဖြစ်ပုံ	vol_3/chinese/[337]缘起篇 - 部分（乙）/[337]b 缘起 第一理趣 顺缘起/[344]b 由欲漏而生起愁等的情形.md	matched
9945882b-01d1-4e5a-b347-bd7426e77d49	1	0	[344]c	NGP-Vol3-[344]c ဒိဋ္ဌာသဝကြောင့် သောကစသည်ဖြစ်ပုံ	vol_3/chinese/[337]缘起篇 - 部分（乙）/[337]b 缘起 第一理趣 顺缘起/[344]c 由见漏而生起愁等的情形.md	matched
827c4100-b29b-47b9-b5b4-2a735d2166a7	1	0	[345]a	NGP-Vol3-[345]a ဘဝါသဝကြောင့် သောကစသည် ဖြစ်ပုံ	vol_3/chinese/[337]缘起篇 - 部分（乙）/[337]b 缘起 第一理趣 顺缘起/[345]a 由有漏而生起愁等的情形.md	matched
59594948-c00f-4729-a8c5-8e099cba971a	1	0	[345]b	NGP-Vol3-[345]b ပုဗ္ဗနိမိတ် (၅) ပါး	vol_3/chinese/[337]缘起篇 - 部分（乙）/[337]b 缘起 第一理趣 顺缘起/[345]b 五种预兆.md	matched
7fea2ef7-2d77-4ee6-bf1b-89a3d614a094	1	0	[346]	NGP-Vol3-[346] အဝိဇ္ဇာသဝကြောင့် သောကစသည် ဖြစ်ပုံ	vol_3/chinese/[337]缘起篇 - 部分（乙）/[337]b 缘起 第一理趣 顺缘起/[346] 由无明漏而生起愁等的情形.md	matched
8f21fc9e-9892-4557-92f5-b74604054d95	1	0	[347]	NGP-Vol3-[347] အဝိဇ္ဇာကို အစထား၍ ဟောတော်မူရခြင်း အ	vol_3/chinese/[337]缘起篇 - 部分（乙）/[337]b 缘起 第一理趣 顺缘起/[347] 以无明为始而宣说的原因.md	matched
96c35d6c-1526-4275-b475-f8efe2774717	1	0	[348]	NGP-Vol3-[348] အကြောင်းပြချက်	vol_3/chinese/[337]缘起篇 - 部分（乙）/[337]b 缘起 第一理趣 顺缘起/[348] 理由.md	matched
36cfcc1d-86db-4754-8d16-19f060a21923	1	0	[349]	NGP-Vol3-[349] ဆိုလိုသည့်သဘောတရား	vol_3/chinese/[337]缘起篇 - 部分（乙）/[337]b 缘起 第一理趣 顺缘起/[349] 所要表达的义理.md	matched
bfde27ba-0135-4b23-95df-194b05bc6f22	1	0	[350]a	NGP-Vol3-[350]a အဝိဇ္ဇာကို မူလထား၍ ဟောကြားထားတော်မူ	vol_3/chinese/[337]缘起篇 - 部分（乙）/[337]b 缘起 第一理趣 顺缘起/[350]a 以无明为根本而宣说.md	matched
ffc4ef20-957f-41df-845a-ed67c7fc196d	1	0	[350]b	NGP-Vol3-[350]b တဏှာကို မူလထား၍ ဟောကြားထားတော်မူပုံ	vol_3/chinese/[337]缘起篇 - 部分（乙）/[337]b 缘起 第一理趣 顺缘起/[350]b 以渴爱为根本而宣说.md	matched
f423aef4-2cc5-4c97-8be7-1ca333b07c84	1	0	[350]c	NGP-Vol3-[350]c အဝိဇ္ဇာ တဏှာ နှစ်မျိုးလုံးကို မူလထား	vol_3/chinese/[337]缘起篇 - 部分（乙）/[337]b 缘起 第一理趣 顺缘起/[350]c 以无明与渴爱两者为根本而宣说.md	matched
e5197e82-1afc-4bef-94a2-290e503f08f0	1	0	[351]	NGP-Vol3-[351] အဝိဇ္ဇာ၏ သဘောလက္ခဏာ	vol_3/chinese/[337]缘起篇 - 部分（乙）/[337]b 缘起 第一理趣 顺缘起/[351] 无明的自性特相.md	matched
4425a505-6e9d-453f-921b-1dd95bf23a91	1	0	[355]	NGP-Vol3-[355] အဝိဇ္ဇာ၏ စွမ်းအင်	vol_3/chinese/[337]缘起篇 - 部分（乙）/[337]b 缘起 第一理趣 顺缘起/[355] 无明的效能.md	matched
d8414ba2-02e8-400e-8319-725ca3944a37	1	0	[356]	NGP-Vol5-[356] အဝိဇ္ဇာပစ္စယာ သင်္ခါရာ	vol_3/chinese/[337]缘起篇 - 部分（乙）/[356]无明缘行/[356] 无明缘行.md	matched
1e1f2fdf-6041-45ac-ba88-c0f6464a51b8	1	0	[357]	NGP-Vol3-[357] ပရိဝီမံသနသုတ္တန်	vol_3/chinese/[337]缘起篇 - 部分（乙）/[356]无明缘行/[357] 遍思量经.md	matched
f8d6de6f-858e-4e12-8883-7883c3784397	1	0	[358]a	NGP-Vol3-[358]a ဝိဘင်္ဂသုတ္တန်	vol_3/chinese/[337]缘起篇 - 部分（乙）/[356]无明缘行/[358]a 分别经.md	matched
0532fc48-7ef9-4968-a8ac-7142c979c751	1	0	[358]b	NGP-Vol3-[358]b ဤအဘိဓမ္မာမည်သည်	vol_3/chinese/[337]缘起篇 - 部分（乙）/[356]无明缘行/[358]b 所谓此阿毗达摩.md	matched
60eec2d9-3fbb-4206-abfb-6382f5009f01	1	0	[359]a	NGP-Vol3-[359]a ဒါနမယ ကုသိုလ်စေတနာ (ပုညာဘိသင်္ခါရ)	vol_3/chinese/[337]缘起篇 - 部分（乙）/[356]无明缘行/[359]a 完成供养的善思（福行）.md	matched
fe9f5570-f7ca-4a7a-86e0-a64db6367d80	1	0	[359]b	NGP-Vol3-[359]b သီလမယ ကုသိုလ်စေတနာ (ပုညာဘိသင်္ခါရ)	vol_3/chinese/[337]缘起篇 - 部分（乙）/[356]无明缘行/[359]b 戒所成善思（福行）.md	matched
6f2d8d20-ff34-4a99-9138-fbb946e57060	1	0	[359]c	NGP-Vol3-[359]c ဘာဝနာမယ ကုသိုလ်စေတနာ (ပုညာဘိသင်္ခါရ)	vol_3/chinese/[337]缘起篇 - 部分（乙）/[356]无明缘行/[359]c 修所成善思（福行）.md	matched
30640ab9-299d-4e9a-9720-864a50bb80a6	1	0	[361]	NGP-Vol3-[361] ဒါနမယစေတနာ	vol_3/chinese/[337]缘起篇 - 部分（乙）/[356]无明缘行/[361] 完成供养的思.md	matched
9ada0a22-2d25-4e74-b395-824a670cbcc5	1	0	[362]a	NGP-Vol3-[362]a ကာယသင်္ခါရ = ကာယသဉ္စေတနာ	vol_3/chinese/[337]缘起篇 - 部分（乙）/[356]无明缘行/[362]a 身行=身思.md	matched
f67d1313-dcc7-47d1-8dc7-dfd4afa111dc	1	0	[362]b	NGP-Vol3-[362]b ၀စီသင်္ခါရ = ၀စီသဉ္စေတနာ	vol_3/chinese/[337]缘起篇 - 部分（乙）/[356]无明缘行/[362]b 语行=语思.md	matched
0f48c2d1-3bde-48f8-b8c7-7fc3506c4721	1	0	[362]c	NGP-Vol3-[362]c အဘိညာဏ်စေတနာနှင့် ဥဒ္ဓစ္စစေတနာ	vol_3/chinese/[337]缘起篇 - 部分（乙）/[356]无明缘行/[362]c 神通思与掉举思.md	matched
67fcbd2e-90d3-472c-bc76-c191f16792f1	1	0	[364]a	NGP-Vol3-[364]a တိက်ချင်း ယှဉ်တွဲပုံ	vol_3/chinese/[337]缘起篇 - 部分（乙）/[356]无明缘行/[364]a 三分法的相互对照方式.md	matched
8876cc21-d576-4875-bfd1-9196638b1727	1	0	[364]b	NGP-Vol3-[364]b အမေး - အဖြေ	vol_3/chinese/[337]缘起篇 - 部分（乙）/[356]无明缘行/[364]b 问 - 答.md	matched
63fa9a2f-e1bd-4e8f-8491-873bd882e2dd	1	0	[365]	NGP-Vol3-[365] တစ်နည်း အဝိဇ္ဇာကြောင့် ပုညာဘိသင်္ခါရ	vol_3/chinese/[337]缘起篇 - 部分（乙）/[356]无明缘行/[365] 另一种方式：因无明而生福行.md	matched
7fa693b3-5ec0-4e0b-b03a-11bfc6800ea3	1	0	[366]	NGP-Vol3-[366] အဝိဇ္ဇာကြောင့် အပုညာဘိသင်္ခါရ ဖြစ်	vol_3/chinese/[337]缘起篇 - 部分（乙）/[356]无明缘行/[366] 因无明而生非福行.md	matched
abd5ed03-8872-43df-b31b-8a0e37625118	1	0	[367]	NGP-Vol3-[367] အဝိဇ္ဇာကြောင့် အာနေဉ္ဇာဘိသင်္ခါရ ဖြ	vol_3/chinese/[337]缘起篇 - 部分（乙）/[356]无明缘行/[367] 因无明而生不动行.md	matched
ed836a0d-8c59-45d0-bc09-cf9e5473e1cf	1	0	[368]	NGP-Vol3-[368] သဘောပေါက်လွယ်သည့် ပုံစံ (၁) ခု	vol_3/chinese/[337]缘起篇 - 部分（乙）/[356]无明缘行/[368] 一种容易理解的模式.md	matched
09f418df-9b5c-4d76-af8f-b6201631a8b5	1	0	[370]	NGP-Vol3-[370] ကိလေသဝဋ် ကမ္မဝဋ် ဝီထိစဉ်ဇယား	vol_3/chinese/[337]缘起篇 - 部分（乙）/[356]无明缘行/[370] 烦恼轮转与业轮转的心路顺序表.md	matched
97300d11-56ba-487b-a201-9e99c66b8a90	1	0	[373]a	NGP-Vol3-[373]a ပဋ္ဌာန်းပစ္စည်းများ	vol_3/chinese/[337]缘起篇 - 部分（乙）/[373]a 发趣诸缘/[373]a 发趣诸缘.md	matched
9e50f7e7-5489-425f-8a33-fa65bc31f805	1	0	[373]b	NGP-Vol3-[373]b (၂၄) ပစ္စည်း ဥဒ္ဒေသပါဠိတော်	vol_3/chinese/[337]缘起篇 - 部分（乙）/[373]a 发趣诸缘/[373]b (24)缘 总说巴利圣典.md	matched
109ec192-1f33-485f-af92-b8cc747e94b5	1	0	[373]c	NGP-Vol3-[373]c ဟေတုပစ္စည်း	vol_3/chinese/[337]缘起篇 - 部分（乙）/[373]a 发趣诸缘/[373]c 因缘.md	matched
7ad6c635-cdf6-4f8e-9bd4-7ecafc724351	1	0	[373]d	NGP-Vol3-[373]d ပစ္စယ = ပစ္စည်း	vol_3/chinese/[337]缘起篇 - 部分（乙）/[373]a 发趣诸缘/[373]d 缘的释义.md	matched
6bd7d342-a82c-4f43-8f33-54f36e138d76	1	0	[374]a	NGP-Vol3-[374]a  ဥပကာရကလက္ခဏာ	vol_3/chinese/[337]缘起篇 - 部分（乙）/[373]a 发趣诸缘/[374]a 资助特相.md	matched
2dfda975-67ea-4a8e-8f27-717841bebba7	1	0	[374]b	NGP-Vol3-[374]b မူလဋ္ဌ = အရင်းအမြစ် အနက်သဘော	vol_3/chinese/[337]缘起篇 - 部分（乙）/[373]a 发趣诸缘/[374]b 根义＝根源之义.md	matched
dbd7dd85-53b9-4580-880c-ea84f5b0f705	1	0	[375]	NGP-Vol3-[375] ပစ္စည်းနှင့် ပစ္စယုပ္ပန်	vol_3/chinese/[337]缘起篇 - 部分（乙）/[373]a 发趣诸缘/[375] 缘与缘生.md	matched
4d6af015-5742-4ce8-8536-31ab8555d46b	1	0	[377]	NGP-Vol3-[377] အာရမ္မဏပစ္စည်း	vol_3/chinese/[337]缘起篇 - 部分（乙）/[373]a 发趣诸缘/[377] 所缘缘.md	matched
0bd33bc1-e1f9-4aa6-974a-2393eb147753	1	0	[378]	NGP-Vol3-[378] အဓိပတိပစ္စည်း	vol_3/chinese/[337]缘起篇 - 部分（乙）/[373]a 发趣诸缘/[378] 增上缘.md	matched
5cf754eb-8cad-4b04-ae53-2b30ec4699eb	1	0	[379]	NGP-Vol3-[379] စိတ်ဓာတ်ကို ပြုပြင်ပေးပါ	vol_3/chinese/[337]缘起篇 - 部分（乙）/[373]a 发趣诸缘/[379] 请调整心态.md	matched
1cfd45ba-637a-49b0-9f44-3216596f8d09	1	0	[380]a	NGP-Vol3-[380]a တိုက်တွန်းချက်	vol_3/chinese/[337]缘起篇 - 部分（乙）/[373]a 发趣诸缘/[380]a 劝勉.md	matched
61ef190b-49d7-4071-ac5e-1b4463af7f10	1	0	[380]b	NGP-Vol3-[380]b အာရမ္မဏာဓိပတိပစ္စည်း	vol_3/chinese/[337]缘起篇 - 部分（乙）/[373]a 发趣诸缘/[380]b 所缘增上缘.md	matched
1b6f2927-2a2c-4895-8a58-11030264fa98	1	0	[381]a	NGP-Vol3-[381]a အနန္တရပစ္စည်း - သမနန္တရပစ္စည်း	vol_3/chinese/[337]缘起篇 - 部分（乙）/[373]a 发趣诸缘/[381]a 无间缘 - 等无间缘.md	matched
00ec835b-46dc-4929-b222-8c509ccd7209	1	0	[381]b	NGP-Vol3-[381]b အနှစ်သာရအားဖြင့် မှတ်သားရန်	vol_3/chinese/[337]缘起篇 - 部分（乙）/[373]a 发趣诸缘/[381]b 应以要义记取.md	matched
9cec4524-ef29-4740-9b89-4d2e7dbb292b	1	0	[382]a	NGP-Vol3-[382]a ထူးသောအကြောင်း ရိုးရာအကြောင်း	vol_3/chinese/[337]缘起篇 - 部分（乙）/[373]a 发趣诸缘/[382]a 特殊之因 寻常之因.md	matched
7c3aace2-f2c7-49d7-bf71-9b9b67bbe9d8	1	0	[382]b	NGP-Vol3-[382]b ဝါဒန္တရ အယူအဆများ	vol_3/chinese/[337]缘起篇 - 部分（乙）/[373]a 发趣诸缘/[382]b 异说诸见解.md	matched
bfe0348f-005f-48cc-aa3c-5a27d8a3b6ae	1	0	[384]a	NGP-Vol3-[384]a အကျဉ်းချုပ် မှတ်သားရန်	vol_3/chinese/[337]缘起篇 - 部分（乙）/[373]a 发趣诸缘/[384]a 应记住的概要.md	matched
5ea45297-6b46-44ff-8cec-844a03d36605	1	0	[384]b	NGP-Vol3-[384]b နိရောဓသမာပတ်နှင့် အသညသတ် (မူလဋီကာ၏ အ	vol_3/chinese/[337]缘起篇 - 部分（乙）/[373]a 发趣诸缘/[384]b 灭尽定与无想有情（根本复注的见解）.md	matched
b4596a63-b502-4289-83a4-25d64d73cb81	1	0	[386]	NGP-Vol3-[386] သဟဇာတပစ္စည်း.md	vol_3/chinese/[337]缘起篇 - 部分（乙）/[373]a 发趣诸缘/[386] 俱生缘.md	matched
62ada634-7931-46d6-a18e-b04d19666671	1	0	[388]	NGP-Vol3-[388] အညမညပစ္စည်း.md	vol_3/chinese/[337]缘起篇 - 部分（乙）/[373]a 发趣诸缘/[388] 相互缘.md	matched
08b09e8c-a078-488b-9d08-395b6304991d	1	0	[389]	NGP-Vol3-[389] အချင်းချင်း ကောက်ယူပုံ.md	vol_3/chinese/[337]缘起篇 - 部分（乙）/[373]a 发趣诸缘/[389] 相互记取之法.md	matched
cb0efe55-40a9-46ab-92b3-7a14b163a3df	1	0	[390]	NGP-Vol3-[390] နိဿယပစ္စည်း.md	vol_3/chinese/[337]缘起篇 - 部分（乙）/[373]a 发趣诸缘/[390] 依止缘.md	matched
c28d8948-f9c6-42c6-9406-2b2e347d451d	1	0	[391]	NGP-Vol3-[391] ဥပနိဿယပစ္စည်း.md	vol_3/chinese/[337]缘起篇 - 部分（乙）/[373]a 发趣诸缘/[391] 强依止缘.md	matched
f04048bd-e373-4b24-b2bf-cf9c040858b1	1	0	[392]b	NGP-Vol3-[392]b ၁။ အာရမ္မဏူပနိဿယ.md	vol_3/chinese/[337]缘起篇 - 部分（乙）/[373]a 发趣诸缘/[392]b 1．所缘强依止.md	matched
08860bcd-5704-4424-a878-f6379bed2650	1	0	[394]	NGP-Vol3-[394] ထူးခြားမှု - မှတ်သားရန်.md	vol_3/chinese/[337]缘起篇 - 部分（乙）/[373]a 发趣诸缘/[394] 特殊之处 - 应当记取.md	matched
2f30e234-a6cf-4b96-bbfb-a97afb2f2d54	1	0	[395]	NGP-Vol3-[395] ဥတု - ဘောဇဉ် - ပုဂ္ဂလ - သေနာသန.md	vol_3/chinese/[337]缘起篇 - 部分（乙）/[373]a 发趣诸缘/[395] 季节 - 食物 - 个体 - 坐卧处.md	matched
355fedaa-8990-4f35-8dcc-89ac25c7bd89	1	0	[396]	NGP-Vol3-[396] ပုရေဇာတပစ္စည်း.md	vol_3/chinese/[337]缘起篇 - 部分（乙）/[373]a 发趣诸缘/[396] 前生缘.md	matched
250bd969-b637-4ec1-bb3b-16a9e62ec133	1	0	[397]	NGP-Vol3-[397] ပစ္ဆာဇာတပစ္စည်း.md	vol_3/chinese/[337]缘起篇 - 部分（乙）/[373]a 发趣诸缘/[397] 后生缘.md	matched
4e126b81-ad8a-430a-8615-ec5587ca222d	1	0	[399]	NGP-Vol3-[399] ဣရိယာပထပိုင်း - သမ္ပဇညပိုင်း.md	vol_3/chinese/[337]缘起篇 - 部分（乙）/[373]a 发趣诸缘/[399] 威仪部分 - 正知部分.md	matched
4fdce3ec-90ab-451f-a5cd-0da07a19741b	1	0	[400]	NGP-Vol3-[400] ကမ္မပစ္စည်း.md	vol_3/chinese/[337]缘起篇 - 部分（乙）/[373]a 发趣诸缘/[400] 业缘.md	matched
e4e03be8-85e6-40ee-90b0-085a0469be89	1	0	[402]	NGP-Vol3-[402] သဟဇာတကမ္မနှင့် နာနာက္ခဏိကကမ္မ.md	vol_3/chinese/[337]缘起篇 - 部分（乙）/[373]a 发趣诸缘/[402] 俱生业与异刹那业.md	matched
46ac2a59-d8fb-43f7-a3a0-3deeb8a25d0b	1	0	[403]	NGP-Vol3-[403] ဝိပါက်စေတနာ - ကြိယာစေတနာ.md	vol_3/chinese/[337]缘起篇 - 部分（乙）/[373]a 发趣诸缘/[403] 果报思 - 唯作思.md	matched
f86e056c-fdda-4548-b4ef-f6b5c57c0ea5	1	0	[404]a	NGP-Vol3-[404]a ဝိပါကပစ္စည်း.md	vol_3/chinese/[337]缘起篇 - 部分（乙）/[373]a 发趣诸缘/[404]a 果报缘.md	matched
a75e17ae-d348-4a85-be33-76e277648662	1	0	[404]b	NGP-Vol3-[404]b ရှင်းလင်းချက်.md	vol_3/chinese/[337]缘起篇 - 部分（乙）/[373]a 发趣诸缘/[404]b 解释.md	matched
e37c46ee-acd4-4a84-a683-72e0795464fa	1	0	[405]	NGP-Vol3-[405] အတိုချုပ် မှတ်သားရန်.md	vol_3/chinese/[337]缘起篇 - 部分（乙）/[373]a 发趣诸缘/[405] 应简要记取.md	matched
bca5598a-85b7-4a11-9c68-07927f244434	1	0	[406]	NGP-Vol3-[406] အာဟာရပစ္စည်း.md	vol_3/chinese/[337]缘起篇 - 部分（乙）/[373]a 发趣诸缘/[406] 食缘.md	matched
b58eade0-1755-4a1c-ab4d-e7ba41937a09	1	0	[407]	NGP-Vol3-[407] ဥပတ္ထမ္ဘကတ္တ - သဘော.md	vol_3/chinese/[337]缘起篇 - 部分（乙）/[373]a 发趣诸缘/[407] 支持性 - 性质.md	matched
f1fe1848-c224-429c-b324-2f2848066a63	1	0	[408]	NGP-Vol3-[408] ဣန္ဒြိယပစ္စည်း.md	vol_3/chinese/[337]缘起篇 - 部分（乙）/[373]a 发趣诸缘/[408] 根缘.md	matched
8e151845-36e6-4b74-aced-9a84a00c9e4f	1	0	[411]	NGP-Vol3-[411] ဈာနပစ္စည်း.md	vol_3/chinese/[337]缘起篇 - 部分（乙）/[373]a 发趣诸缘/[411] 禅缘.md	matched
74ba5ba1-282a-47dd-8ad8-5b5dec8e16e0	1	0	[413]	NGP-Vol3-[413] မဂ္ဂပစ္စည်း.md	vol_3/chinese/[337]缘起篇 - 部分（乙）/[373]a 发趣诸缘/[413] 道缘.md	matched
433ee64f-4e7d-4969-a24a-418b35927d93	1	0	[414]	NGP-Vol3-[414] သမ္ပယုတ္တပစ္စည်း.md	vol_3/chinese/[337]缘起篇 - 部分（乙）/[373]a 发趣诸缘/[414] 相应缘.md	matched
c7e21346-ef0c-45bd-a941-6435a38d988f	1	0	[416]	NGP-Vol3-[416] နောက်တစ်နည်း ဖွင့်ဆိုထားပုံ.md	vol_3/chinese/[337]缘起篇 - 部分（乙）/[373]a 发趣诸缘/[416] 另一种解说的方式.md	matched
82b7cb18-e723-47b7-8de3-4c29444aa9c0	1	0	[417]	NGP-Vol3-[417] ဝိပ္ပယုတ္တပစ္စည်း.md	vol_3/chinese/[337]缘起篇 - 部分（乙）/[373]a 发趣诸缘/[417] 不相应缘.md	matched
b84b5aa1-171c-45ba-b016-33b1b7c21cfe	1	0	[418]	NGP-Vol3-[418] ရူပါရုံစသည်တို့သည် ဝိပ္ပယုတ္တပစ္စည်း.md	vol_3/chinese/[337]缘起篇 - 部分（乙）/[373]a 发趣诸缘/[418] 色所缘等不成为不相应缘.md	matched
b61a9b5c-055a-4da0-b808-b9c79aed5073	1	0	[419]	NGP-Vol3-[419] အတ္ထိပစ္စည်း.md	vol_3/chinese/[337]缘起篇 - 部分（乙）/[373]a 发趣诸缘/[419] 有缘.md	matched
4b4ace71-c63b-4d9f-9a75-eb0082d95ca1	1	0	[420]a	NGP-Vol3-[420]a ၁။ နိဗ္ဗတ္တတာလက္ခဏ - အတ္ထိဘာ၀.md	vol_3/chinese/[337]缘起篇 - 部分（乙）/[373]a 发趣诸缘/[420]a 1．已生成性特相 - 存在.md	matched
1082b4ef-2f99-4231-98ec-a3285fe4a3f0	1	0	[420]b	NGP-Vol3-[420]b ၂။ ဥပလဗ္ဘမာနတာလက္ခဏ - အတ္ထိဘာဝ.md	vol_3/chinese/[337]缘起篇 - 部分（乙）/[373]a 发趣诸缘/[420]b 2．可得性特相 - 存在.md	matched
5a75d32a-a3a0-43d3-96e6-13c904cd7bfe	1	0	[421]a	NGP-Vol3-[421]a ၃။ ပစ္စုပ္ပန္နလက္ခဏ - အတ္ထိဘာ၀.md	vol_3/chinese/[337]缘起篇 - 部分（乙）/[373]a 发趣诸缘/[421]a 3．现在特相 - 存在.md	matched
028e1c68-89c8-42f6-804f-74835a40d97c	1	0	[421]b	NGP-Vol3-[421]b ဥပတ္ထမ္ဘကတ္တ.md	vol_3/chinese/[337]缘起篇 - 部分（乙）/[373]a 发趣诸缘/[421]b 支持性.md	matched
dee45ae6-8fe6-477b-a396-6d84650a3db1	1	0	[423]	NGP-Vol3-[423] အတ္ထိပစ္စည်း (၂) မျိုး ခွဲပုံ.md	vol_3/chinese/[337]缘起篇 - 部分（乙）/[373]a 发趣诸缘/[423] 有缘分为两种的方式.md	matched
7f4e64a7-81e0-4ae1-acec-ab865afbe8eb	1	0	[425]	NGP-Vol3-[425] နာမ်အတ္ထိပစ္စည်း - ရုပ်အတ္ထိပစ္စည်း.md	vol_3/chinese/[337]缘起篇 - 部分（乙）/[373]a 发趣诸缘/[425] 名有缘 - 色有缘.md	matched
9e4a3464-87d2-4c8c-b61a-3db8694ce8f9	1	0	[426]a	NGP-Vol3-[426]a နတ္ထိပစ္စည်း.md	vol_3/chinese/[337]缘起篇 - 部分（乙）/[373]a 发趣诸缘/[426]a 无有缘.md	matched
ea336efb-056c-420c-971c-64174af39723	1	0	[426]b	NGP-Vol3-[426]b နာမ်တရားတို့၏ ဓမ္မတာ.md	vol_3/chinese/[337]缘起篇 - 部分（乙）/[373]a 发趣诸缘/[426]b 诸名法的法性.md	matched
4e4406bd-6d0d-4489-9956-dbb5c5083e3f	1	0	[427]a	NGP-Vol3-[427]a ဝိဂတပစ္စည်း.md	vol_3/chinese/[337]缘起篇 - 部分（乙）/[373]a 发趣诸缘/[427]a 离去缘.md	matched
a31ed37c-ac0b-49c3-8c19-3bfa924ea78c	1	0	[427]b	NGP-Vol3-[427]b အဝိဂတပစ္စည်း.md	vol_3/chinese/[337]缘起篇 - 部分（乙）/[373]a 发趣诸缘/[427]b 不离去缘.md	matched
23849d3a-9083-4f14-b00c-b6e458b41aeb	1	0	[427]c	NGP-Vol3-[427]c နတ္ထိ - ဝိဂတ။ အတ္ထိ - အဝိဂတ။.md	vol_3/chinese/[337]缘起篇 - 部分（乙）/[373]a 发趣诸缘/[427]c 无有 - 离去。有 - 不离去。.md	matched
c888feaa-3e2f-4840-a935-de637ad647e1	1	0	[428]	NGP-Vol3-[428] ပစ္စည်း (၆) မျိုး.md	vol_3/chinese/[337]缘起篇 - 部分（乙）/[373]a 发趣诸缘/[428] (6)种缘.md	matched
25b57548-2134-4d42-ac4f-1e905ada3a4f	1	0	[429]a	NGP-Vol3-[429]a ဓမ္မအားဖြင့် ခွဲပုံ.md	vol_3/chinese/[337]缘起篇 - 部分（乙）/[373]a 发趣诸缘/[429]a 依法而分的方式.md	matched
1b4d676d-ca66-40db-83ba-de0dcb05ecb4	1	0	[429]b	NGP-Vol3-[429]b ကာလအားဖြင့် ခွဲပုံ.md	vol_3/chinese/[337]缘起篇 - 部分（乙）/[373]a 发趣诸缘/[429]b 依时间而分的方式.md	matched
cb74ed4c-0836-4d51-9d40-2483002f4038	1	0	[429]c	NGP-Vol3-[429]c ပစ္စယုပ္ပန်အားဖြင့် ခွဲပုံ.md	vol_3/chinese/[337]缘起篇 - 部分（乙）/[373]a 发趣诸缘/[429]c 依缘生法而分的方式.md	matched
dab3bfd9-8fa9-4152-a9b9-eca68569dd60	1	0	[429]d	NGP-Vol3-[429]d ဇနက ဥပတ္ထမ္ဘကအားဖြင့် ခွဲပုံ.md	vol_3/chinese/[337]缘起篇 - 部分（乙）/[373]a 发趣诸缘/[429]d 依生与支持而分的方式.md	matched
97824e75-5202-4f11-b0a4-875aa1149205	1	0	[430]	NGP-Vol3-[430] (၂၄) ပစ္စည်း အကျဉ်းချုပ်.md	vol_3/chinese/[337]缘起篇 - 部分（乙）/[373]a 发趣诸缘/[430] (24)缘 概要.md	matched
029312e9-594f-410d-8873-c9a7ff8c3ead	1	4	[431]	[431] အဝိဇ္ဇာပစ္စယာ သင်္ခါရာ	vol_3/chinese/[337]缘起篇 - 部分（乙）/[431]无明缘行/[431] 无明缘行.md	matched
d3412152-c49a-4481-8054-9b827d105ede	2	0	[432]	[432] ရှုကွက်မှာ ဤသို့ဖြစ်၏	vol_3/chinese/[337]缘起篇 - 部分（乙）/[431]无明缘行/[432] 观照中是这样生起的.md	matched
686f46ae-e51e-4159-a777-a109333612f5	2	0	[434]	[434] အပုညာဘိသင်္ခါရ	vol_3/chinese/[337]缘起篇 - 部分（乙）/[431]无明缘行/[434] 非福行.md	matched
0776f659-1520-4687-92b6-886694f04aa9	2	0	[437]	[437] သတိပြုရန်အချက်	vol_3/chinese/[337]缘起篇 - 部分（乙）/[431]无明缘行/[437] 应当注意之处.md	matched
5d2baaa1-b307-4587-87c5-acb9f67b32da	2	0	[440]	[440] မေးမြန်းဖွယ် အချက်တစ်ရပ်	vol_3/chinese/[337]缘起篇 - 部分（乙）/[431]无明缘行/[440] 值得提问的一点.md	matched
8fab1be7-5891-4f86-8f00-302b12dc8766	1	12	[447]	[447]  သင်္ခါရပစ္စယာ ဝိညာဏံ	vol_3/chinese/[337]缘起篇 - 部分（乙）/[447]行缘识/[447] 行缘识.md	matched
5d5b908c-aeb4-45ca-8dc4-ce7e8abbbaa7	2	0	[448]	[448] အဘယ်ကြောင့် သိနိုင်ပါသလဲ？	vol_3/chinese/[337]缘起篇 - 部分（乙）/[447]行缘识/[448] 为什么能够知道呢？.md	matched
4f626a78-8d9f-4406-9d06-be60400baefa	2	0	[449]a	[449]a ပဝတ္တိ - ပဋိသန္ဓေ ဝိပါက်ဝိညာဏ်	vol_3/chinese/[337]缘起篇 - 部分（乙）/[447]行缘识/[449]a 生命期间与结生的果报识.md	matched
7379542e-fbbb-4900-a9a0-4a91011bae55	2	0	[449]b	[449]b ဖြစ်ပုံအခြင်းအရာ	vol_3/chinese/[337]缘起篇 - 部分（乙）/[447]行缘识/[449]b 生起的情形.md	matched
c08cc0cb-d540-4591-8f1f-d3f518bb34b4	2	0	[451]	[451] တဒါရုံ၌ သတိပြု၍ မှတ်သားသင့်သော အချက်	vol_3/chinese/[337]缘起篇 - 部分（乙）/[447]行缘识/[451] 彼所缘应当留意记取的要点.md	matched
bcda380b-d8f6-47e4-9fbd-67c1efbd7272	2	0	[451]b	[451]b အာဝဇ္ဇန်းနှင့် ဇော	vol_3/chinese/[337]缘起篇 - 部分（乙）/[447]行缘识/[451]b 转向与速行.md	matched
779c5106-fdca-4123-b4e0-3f18841cfd92	2	0	[452]	[452] ပဋိသန္ဓေ - ပဝတ္တိ ဝိပါက်ဝိညာဏ်	vol_3/chinese/[337]缘起篇 - 部分（乙）/[447]行缘识/[452] 结生与生命期间的果报识.md	matched
64f0da7e-ab04-4a5f-a40a-091a1481442b	2	0	[453]	[453] အတ္ထိဘာဝသဘော	vol_3/chinese/[337]缘起篇 - 部分（乙）/[447]行缘识/[453] 存在状态的性质.md	matched
43ac8fa7-3804-4ffe-981d-49df616dec52	2	0	[454]	[454] အကြောင်း အကျိုး သိမ်းဆည်းပုံ ပုံစံမျ	vol_3/chinese/[337]缘起篇 - 部分（乙）/[447]行缘识/[454] 因与果归摄的各种形式.md	matched
405431ff-dabd-4df5-a06d-e6a5e12501a3	2	0	[455]	[455] ခြုံ၍ အကြောင်း အကျိုး သိမ်းဆည်းပုံ	vol_3/chinese/[337]缘起篇 - 部分（乙）/[447]行缘识/[455] 总括起来摄取因与果的方式.md	matched
1f211488-66a0-41ea-92c7-94927feed8da	2	0	[456]	[456] တစ်နည်း ခွဲ၍ အကြောင်းအကျိုး သိမ်းဆည်	vol_3/chinese/[337]缘起篇 - 部分（乙）/[447]行缘识/[456] 另一种方式 分开归摄因与果.md	matched
fa53fdf4-3567-4013-b4af-3eab55fed32c	2	0	[457]	[457] နာနာက္ခဏိကကမ္မပစ္စယသတ္တိ， ဥပနိဿယပစ္စ	vol_3/chinese/[337]缘起篇 - 部分（乙）/[447]行缘识/[457] 异刹那业缘力，强依止缘力.md	matched
00d3c26a-d5d8-4db6-a307-6fbd86b95ecd	2	0	[458]	[458] ပြုပြီးခြင်းသည်သာလျှင် လိုရင်းဖြစ်သ	vol_3/chinese/[337]缘起篇 - 部分（乙）/[447]行缘识/[458] 唯有造作完毕才是关键所在.md	matched
cf442959-5fa5-44a7-b320-1d83544a1d2d	1	16	[459]a	[459]a ဝိညာဏပစ္စယာ နာမရူပံ	vol_3/chinese/[337]缘起篇 - 部分（乙）/[459]识缘名色/[459]a 识缘名色.md	matched
7f59716e-9848-4a01-ba46-5317d2c2c954	2	0	[459]b	[459]b ဝိညာဏ်အရ - တရားကိုယ်ကောက်ယူပုံ	vol_3/chinese/[337]缘起篇 - 部分（乙）/[459]识缘名色/[459]b 识——法体的取法方式.md	matched
3f119cc5-bc2f-4f0e-86de-d50effce8782	2	0	[460]	[460] ရုပ်-အရ တရားကိုယ်ကောက်ယူပုံ	vol_3/chinese/[337]缘起篇 - 部分（乙）/[459]识缘名色/[460] 色——法体的取法方式.md	matched
ec1d09ed-62ce-4b4f-a9ff-6af86b12c1d1	2	0	[461]	[461] နာမ်-အရ တရားကိုယ်ကောက်ယူပုံ	vol_3/chinese/[337]缘起篇 - 部分（乙）/[459]识缘名色/[461] 名——法体的取法方式.md	matched
ff035c6a-a625-493e-be74-9c9bc6f7ca5f	2	0	[462]a	[462]a မေးမြန်းဖွယ် အချက်တစ်ရပ်	vol_3/chinese/[337]缘起篇 - 部分（乙）/[459]识缘名色/[462]a 值得提问的一点.md	matched
6c20ab85-1bea-4171-b6b9-a6977b3e0068	2	0	[462]	[462] ပဋိသန္ဓေအခိုက် ရှုကွက်	vol_3/chinese/[337]缘起篇 - 部分（乙）/[459]识缘名色/[462] 结生之际的观照.md	matched
74b19a95-3171-4ce1-a44b-6057ff299f8e	2	0	[467]	[467] ၁။ ဝိညာဏပစ္စယာ - နာမရူပံ-(က) ကမ္မဝိည	vol_3/chinese/[337]缘起篇 - 部分（乙）/[459]识缘名色/[467] 一、识缘名色-（甲）业识.md	matched
0bd87f9d-2227-441d-bf26-4afbedb3ab28	2	0	[468]	[468] ခြုံ၍ရှုသော ရှုကွက်ပုံစံ အချို့	vol_3/chinese/[337]缘起篇 - 部分（乙）/[459]识缘名色/[468] 综合观照的一些观照方式.md	matched
57ead88d-e497-4880-9516-0ac3381307f9	2	0	[469]a	[469]a (ခ) ဝိညာဏပစ္စယာ ရူပံ	vol_3/chinese/[337]缘起篇 - 部分（乙）/[459]识缘名色/[469]a （乙）识缘色.md	matched
68850837-7887-40a1-b9d0-1880bcffa463	2	0	[469]b	[469]b ခွဲ၍ရှုပုံ ပုံစံအချို့	vol_3/chinese/[337]缘起篇 - 部分（乙）/[459]识缘名色/[469]b 分开观照的一些方式.md	matched
58e68eb6-578e-436f-b024-9ceba666f207	2	0	[471]a	[471]a (ဂ) ဝိညာဏပစ္စယာ နာမံ	vol_3/chinese/[337]缘起篇 - 部分（乙）/[459]识缘名色/[471]a （丙）识缘名.md	matched
a02a20b3-1892-4dbe-9bbd-75c45ccafd99	2	0	[471]b	[471]b သင်္ခါရနှင့် ကမ္မဘ၀ = ကံ	vol_3/chinese/[337]缘起篇 - 部分（乙）/[459]识缘名色/[471]b 行与业有 = 业.md	matched
3d61f501-7a92-4489-b2ad-3622ebc4ddd4	2	0	[472]	[472] ၂။ သဟဇာတဝိညာဏ်ကြောင့် သဟဇာတနာမ်ရုပ် ဖြစ်ပုံ ရှုကွက်ပုံစံအချို့	vol_3/chinese/[337]缘起篇 - 部分（乙）/[459]识缘名色/[472] 二、俱生识令俱生名色生起的一些观照方式.md	matched
183daefc-e6aa-4278-8058-db9949fa1123	2	0	[473]	[473] ၃။ ပစ္ဆာဇာတ ဝိညာဏ် ဖြစ်ခြင်းကြောင့် ရုပ် ဖြစ်ပုံ	vol_3/chinese/[337]缘起篇 - 部分（乙）/[459]识缘名色/[473] 三、由于后生识生起而色生起的方式.md	matched
ad4fd253-568a-4791-96b6-62ca144c5824	2	0	[474]	[474] စိတ္တက္ခဏခွဲ၍ အကြောင်း အကျိုး သိမ်းဆ	vol_3/chinese/[337]缘起篇 - 部分（乙）/[459]识缘名色/[474] 分开心刹那摄取因与果的方式.md	matched
149b47c1-59ac-4642-860b-f6f6ed08b465	2	0	[475]	[475] ပစ္စယနယ = ပစ္စယသတ္တိ	vol_3/chinese/[337]缘起篇 - 部分（乙）/[459]识缘名色/[475] 缘法 = 缘力.md	matched
23d9220d-2253-4971-b293-1267f98976e2	2	0	[476]	[476] အဘယ်ကြောင့် သိနိုင်ပါသလဲ？	vol_3/chinese/[337]缘起篇 - 部分（乙）/[459]识缘名色/[476] 为什么能够知道呢？.md	matched
ed8e5914-9243-46b8-94c6-ce7579f144f8	1	18	[479]a	[479]a နာမရူပပစ္စယာ သဠာယတနံ.md	vol_3/chinese/[337]缘起篇 - 部分（乙）/[479]名色缘六处/[479]a 名色缘六处.md	matched
0171cee1-c746-4aad-a24f-5f100870f1f6	2	0	[479]b	[479]b ရှင်းလင်းချက်များ.md	vol_3/chinese/[337]缘起篇 - 部分（乙）/[479]名色缘六处/[479]b 各项解释.md	matched
6251ff64-ec79-43f5-98b7-a7bf1368cb21	2	0	[480]	[480] တစ်နည်းကောက်ယူပုံ.md	vol_3/chinese/[337]缘起篇 - 部分（乙）/[479]名色缘六处/[480] 另一种取法.md	matched
ae4adbfa-9d78-4f29-83ca-1bfb2fa50152	2	0	[481]	[481] အဘယ်ကြောင့် သိနိုင်ပါသနည်း.md	vol_3/chinese/[337]缘起篇 - 部分（乙）/[479]名色缘六处/[481] 为什么能够知道呢.md	matched
04d4cdc4-1ef2-4b89-b222-2016d199a929	2	0	[482]a	[482]a ပဋ္ဌာန်းပစ္စည်း ကျေးဇူးပြုပုံ.md	vol_3/chinese/[337]缘起篇 - 部分（乙）/[479]名色缘六处/[482]a 发趣诸缘提供助益的方式.md	matched
f906231e-d2b2-4b70-89c4-7aaaaf6eee98	2	0	[482]b	[482]b ပြည်ဆရာတော်ဘုရားကြီး၏ မှာတမ်း.md	vol_3/chinese/[337]缘起篇 - 部分（乙）/[479]名色缘六处/[482]b 卑谬大长老的教诫.md	matched
bd39a724-8b71-4d1d-b7bd-e9521ecbf7f2	2	0	[483]	[483] အဝိပါကနာမ် - အဝိပါကမနာယတန.md	vol_3/chinese/[337]缘起篇 - 部分（乙）/[479]名色缘六处/[483] 非果报名 - 非果报意处.md	matched
5488867f-63e0-4176-9593-bb16b5be5b6a	2	0	[484]	[484] မကြွင်းမကျန်စေလိုပါ.md	vol_3/chinese/[337]缘起篇 - 部分（乙）/[479]名色缘六处/[484] 不希望有所遗漏.md	matched
b2b08b43-457f-4451-8ade-c73229536f27	2	0	[485]	[485] ရုပ်က သဠာယတနအား ကျေးဇူးပြုပုံ.md	vol_3/chinese/[337]缘起篇 - 部分（乙）/[479]名色缘六处/[485] 色对六处提供助益的方式.md	matched
2b656f7c-1d77-4a75-8817-4f57f8eb4d80	2	0	[486]a	[486]a ရုပ်က မနာယတနအား ကျေးဇူးပြုပုံ.md	vol_3/chinese/[337]缘起篇 - 部分（乙）/[479]名色缘六处/[486]a 色对意处提供助益的方式.md	matched
f763fca9-750e-43e3-998d-281ca2fdd0bd	2	0	[486]b	[486]b နာမ်ရုပ်က သဠာယတနအား ကျေးဇူးပြုပုံ.md	vol_3/chinese/[337]缘起篇 - 部分（乙）/[479]名色缘六处/[486]b 名色对六处提供助益的方式.md	matched
087b1989-e527-428f-8033-4d79a4cf0262	2	0	[487]a	[487]a ရုပ်က ရုပ်အာယတန (၅) ပါးအား ကျေးဇူး.md	vol_3/chinese/[337]缘起篇 - 部分（乙）/[479]名色缘六处/[487]a 色对五种色处提供助益的方式.md	matched
4792599c-f81b-4d36-8a2e-a245595faf66	2	0	[487]b	[487]b အကြောင်း အကျိုး သိမ်းဆည်းပုံ ရှုကွက်.md	vol_3/chinese/[337]缘起篇 - 部分（乙）/[479]名色缘六处/[487]b 因果收摄方式的观照.md	matched
f622576c-2753-4373-ab53-04be3a808419	2	0	[488]	[488] ၁။ နာမ် ဖြစ်ခြင်းကြောင့် မနာယတန ဖြစ်.md	vol_3/chinese/[337]缘起篇 - 部分（乙）/[479]名色缘六处/[488] 1. 由于名生起而意处生起的方式.md	matched
ecda4d1a-aba7-4ea4-aafc-44e7a3f13949	2	0	[489]	[489] ၂။ နာမ် ဖြစ်ခြင်းကြောင့် ရုပ်အာယတန ဖြစ်ပုံ.md	vol_3/chinese/[337]缘起篇 - 部分（乙）/[479]名色缘六处/[489] 2. 由于名生起而色处生起的方式.md	matched
b60ea467-6e92-4663-955b-7767568d0b3a	2	0	[491]	[491] ၃။ ရုပ် ဖြစ်ခြင်းကြောင့် မနာယတန ဖြစ်.md	vol_3/chinese/[337]缘起篇 - 部分（乙）/[479]名色缘六处/[491] 3. 由于色生起而意处生起的方式.md	matched
193f3d7b-e6e1-452a-8f50-e9f454f71c06	2	0	[492]	[492] တစ်နည်း အာယတနဒွါရအလိုက် ခွဲရှုပုံ.md	vol_3/chinese/[337]缘起篇 - 部分（乙）/[479]名色缘六处/[492] 另一种方法 按处门分别观照的方式.md	matched
3434d170-1424-42a2-99be-0bf75962b1b9	2	0	[493]	[493]  ၄။ ရုပ် ဖြစ်ခြင်းကြောင့် ရုပ်အာယတန ဖြစ်ပုံ.md	vol_3/chinese/[337]缘起篇 - 部分（乙）/[479]名色缘六处/[493] 4. 由于色生起而色处生起的方式.md	matched
3435ddca-59a1-4f24-a7e8-50eaf11c3585	2	0	[495]	[495] ၅။ နာမ်ရုပ် ဖြစ်ခြင်းကြောင့် မနာယတန ဖြစ်ပုံ.md	vol_3/chinese/[337]缘起篇 - 部分（乙）/[479]名色缘六处/[495] 5. 由于名色生起而意处生起的方式.md	matched
7e7fa151-27a8-4022-aec0-bc03a64b5b53	1	5	[497]	[497] သဠာယတနပစ္စယာ ဖဿော.md	vol_3/chinese/[337]缘起篇 - 部分（乙）/[497]六处缘触/[497] 六处缘触.md	matched
caa59d11-9b2f-4e13-9da2-993dc405c701	2	0	[498]	NGP-Vol3-[498] မဟာဝိဟာရဝါသီ ဆရာမြတ်တို့အယူ.md	vol_3/chinese/[337]缘起篇 - 部分（乙）/[497]六处缘触/[498] 大寺住众诸大师之见解.md	matched
55ef887f-4cff-4b72-abf0-70dfd1024863	2	0	[499]a	NGP-Vol3-[499]a ဖဿောဟု ဧကဝုစ် ဟောတော်မူခြင်း.md	vol_3/chinese/[337]缘起篇 - 部分（乙）/[497]六处缘触/[499]a 以单数开示触.md	matched
9c0f6307-3722-4cb1-a6ec-578d35630659	2	0	[499]b	NGP-Vol3-[499]b ပဋ္ဌာန်းပစ္စည်း ဆက်သွယ်ပုံ.md	vol_3/chinese/[337]缘起篇 - 部分（乙）/[497]六处缘触/[499]b 发趣诸缘的关联方式.md	matched
bcdb8834-48d7-4c7e-aae6-4e79a6d2d9aa	2	0	[500]a	NGP-Vol3-[500]a ကြိုတင်မှတ်သားထားရန်.md	vol_3/chinese/[337]缘起篇 - 部分（乙）/[497]六处缘触/[500]a 应当预先记取.md	matched
84b8351c-1cd4-410b-8dc6-77bb6e672bb6	2	0	[500]b	NGP-Vol3-[500]b အကြောင်းတရား အကျိုးတရား သိမ်းဆည်းပုံ.md	vol_3/chinese/[337]缘起篇 - 部分（乙）/[497]六处缘触/[500]b 因法与果法的收摄方式.md	matched
6d7a0587-b306-4ac2-89e1-ce8197eca83f	1	15	[506]	[506] ဖဿပစ္စယာ ဝေဒနာ.md		unmatched
d22a4e51-4837-463d-8e68-f8962e52c245	2	0	[506]b	NGP-Vol3-[506]b စက္ခုသမ္ဖဿဇာ ဝေဒနာ.md	vol_3/chinese/[337]缘起篇 - 部分（乙）/[506]触缘受/[506]b 眼触所生受.md	matched
5485f526-0cbd-43a9-a0d0-7a0075b78427	2	0	[507]	NGP-Vol3-[507] စက္ခုသမ္ဖဿပစ္စယာ ဝေဒနာ.md	vol_3/chinese/[337]缘起篇 - 部分（乙）/[506]触缘受/[507] 眼触缘受.md	matched
2013805a-b6eb-492b-a4db-e758049e82bf	2	0	[507]b	NGP-Vol3-[507]b ပဋ္ဌာန်းပစ္စည်း ဆက်သွယ်ပုံ.md	vol_3/chinese/[337]缘起篇 - 部分（乙）/[506]触缘受/[507]b 众缘诸缘的联结方式.md	matched
9036384c-e02c-4e89-9aa8-05c90885b0dd	2	0	[508]	NGP-Vol3-[508] “သဟဇာတဖဿ”.md	vol_3/chinese/[337]缘起篇 - 部分（乙）/[506]触缘受/[508] 俱生触.md	matched
c010b33b-0b9b-4bcb-854e-3c6f8ee41fdb	2	0	[509]	NGP-Vol3-[509] အာရမ္မဏူပနိဿယ - ပကတူပနိဿယ.md	vol_3/chinese/[337]缘起篇 - 部分（乙）/[506]触缘受/[509] 所缘强依止 - 本性亲依止.md	matched
c761d6ee-a991-4bee-9659-a6313689ae85	2	0	[509]b	NGP-Vol3-[509]b ပဋိသန္ဓေ - ဘဝင် - စုတိ.md	vol_3/chinese/[337]缘起篇 - 部分（乙）/[506]触缘受/[509]b 结生 - 有分 - 死殁.md	matched
73525d64-a641-4315-b73a-745f2198e078	2	0	[510]	NGP-Vol3-[510] မနောဒွါရာဝဇ္ဇန်း - မနောသမ္ဖဿ.md	vol_3/chinese/[337]缘起篇 - 部分（乙）/[506]触缘受/[510] 意门转向 - 意触.md	matched
c78e07cf-7bde-4c09-87e2-671afa239aff	2	0	[511]	NGP-Vol3-[511] ကြိုတင်သိထားသင့်သော လိုရင်းအချက်များ.md	vol_3/chinese/[337]缘起篇 - 部分（乙）/[506]触缘受/[511] 应当预先了知的要点.md	matched
d2d98c73-913c-4392-80e8-2e2380fdffde	2	0	[512]	NGP-Vol3-[512] ကုသိုလ် အကုသိုလ် အဗျာကတ ဝေဒနာ.md	vol_3/chinese/[337]缘起篇 - 部分（乙）/[506]触缘受/[512] 善 不善 无记受.md	matched
da6eff74-83a0-4609-ad6f-54a53e9ebed5	2	0	[512]b	NGP-Vol3-[512]b ပဉ္စဒွါရာဝဇ္ဇန်းနှင့် ယှဉ်သော ဝေဒနာ.md	vol_3/chinese/[337]缘起篇 - 部分（乙）/[506]触缘受/[512]b 与五门转向相应的受.md	matched
8e1ab1af-9f5f-44b2-8ddd-a63a8b76002a	2	0	[513]a	NGP-Vol3-[513]a ဝိဘင်းပါဠိတော် အဋ္ဌကထာ ဋီကာ အဆို.md	vol_3/chinese/[337]缘起篇 - 部分（乙）/[506]触缘受/[513]a 分别巴利圣典 义注 复注的说法.md	matched
79024a9f-afb9-46f2-af57-ff9303603e32	2	0	[513]b	NGP-Vol3-[513]b အကြောင်း အကျိုး သိမ်းဆည်းပုံ.md	vol_3/chinese/[337]缘起篇 - 部分（乙）/[506]触缘受/[513]b 因与果的收摄方式.md	matched
074954e0-aa15-464b-b47a-dc6d388becb7	2	0	[514]	NGP-Vol3-[514] တစ်နည်း မနောသမ္ဖဿ = ဘဝင် မနောသမ္ဖဿ.md	vol_3/chinese/[337]缘起篇 - 部分（乙）/[506]触缘受/[514] 另一种说法 意触 = 有分意触.md	matched
01c2ee1d-dd67-48db-93fe-bc209370cf8a	2	0	[515]	NGP-Vol3-[515] စိတ္တက္ခဏခွဲ၍ အကြောင်း အကျိုး သိမ်းဆ.md	vol_3/chinese/[337]缘起篇 - 部分（乙）/[506]触缘受/[515] 分开心识刹那摄取因果的方式.md	matched
24ffbe2b-0102-4f76-a1b1-92b8082eed5e	2	0	[516]	NGP-Vol3-[516] ဖဿတို့၏ စွမ်းအင်များ.md	vol_3/chinese/[337]缘起篇 - 部分（乙）/[506]触缘受/[516] 诸触的效力.md	matched
4dedf6a1-d354-4fd7-9052-03dd0adaf3c5	1	7	[519]	[519] ဝေဒနာပစ္စယာ တဏှာ.md	vol_3/chinese/[337]缘起篇 - 部分（乙）/[519]受缘爱/[519] 受缘爱.md	matched
17807da5-f126-4d21-a2df-241144ac7b73	2	0	[520]a	NGP-Vol3-[520]a ဝေဒနာကြောင့် တဏှာဖြစ်ပုံ.md	vol_3/chinese/[337]缘起篇 - 部分（乙）/[519]受缘爱/[520]a 由于受而生起爱的情形.md	matched
aae96097-1bb6-4d4e-a004-ea47e4baf59c	2	0	[520]b	NGP-Vol3-[520]b တစ်နည်း ဝေဒနာ (၃) မျိုးလုံးကို ကောက်.md	vol_3/chinese/[337]缘起篇 - 部分（乙）/[519]受缘爱/[520]b 另一种说法 收取全部三种受的方式.md	matched
e3b62212-5766-4993-9ff8-2a9c24e2ab55	2	0	[522]a	NGP-Vol3-[522]a အနုသယဓာတ်ရှိသူ၌သာ.md	vol_3/chinese/[337]缘起篇 - 部分（乙）/[519]受缘爱/[522]a 唯在有随眠界者身上.md	matched
811572c6-4773-4931-bb8d-13ace5f1c89b	2	0	[522]b	NGP-Vol3-[522]b ကြိုတင်သတိပြုရန်.md	vol_3/chinese/[337]缘起篇 - 部分（乙）/[519]受缘爱/[522]b 应当预先注意.md	matched
2ecdc588-cc5b-44ee-a74b-0273d614e17b	2	0	[522]c	NGP-Vol3-[522]c အနာဂတ် ဝဋ္ဋကထာပိုင်း.md	vol_3/chinese/[337]缘起篇 - 部分（乙）/[519]受缘爱/[522]c 未来轮转论部分.md	matched
ad27ee7d-a6b2-4c60-97d5-cd95ddebf3be	2	0	[522]d	NGP-Vol3-[522]d အကြောင်း အကျိုး သိမ်းဆည်းပုံ.md	vol_3/chinese/[337]缘起篇 - 部分（乙）/[519]受缘爱/[522]d 因与果的收取方式.md	matched
a3a7eab8-40a8-47c8-92fe-386c3bf6010d	2	0	[523]	NGP-Vol3-[523] မဟာကစ္စာနဘဒ္ဒေကရတ္တသုတ္တန်.md	vol_3/chinese/[337]缘起篇 - 部分（乙）/[519]受缘爱/[523] 马哈咖吒那贤善一夜经.md	matched
21d9fb23-d4f4-4c5b-a5b7-48f9a3dbc7ad	1	16	[525]	[525] တဏှာပစ္စယာ ဥပါဒါနံ	vol_3/chinese/[337]缘起篇 - 部分（乙）/[525]爱缘取/[525] 爱缘取.md	matched
4b4d876b-4246-43df-b2e1-3be7f52704bb	2	0	[528]a	[528]a သက္ကာယဒိဋ္ဌိ (၂၀)	vol_3/chinese/[337]缘起篇 - 部分（乙）/[525]爱缘取/[528]a 有身见（二十）.md	matched
c2277038-671b-464a-b3f2-99c4c6dd964a	2	0	[528]b	[528]b ရူပက္ခန္ဓာ၌ စွဲလမ်းပုံ = သက္ကာယဒိဋ္	vol_3/chinese/[337]缘起篇 - 部分（乙）/[525]爱缘取/[528]b 于色蕴执取的方式 = 有身见.md	matched
254ef15a-d050-41d1-8995-c6ad5ad24a6b	2	0	[529]	[529] သဘောပေါက်ရန် ထပ်မံ ရှင်းလင်းချက်	vol_3/chinese/[337]缘起篇 - 部分（乙）/[525]爱缘取/[529] 为便于理解的补充说明.md	matched
fe10d8eb-4a07-401b-824b-0a3e62f7722b	2	0	[530]a	[530]a ဝေဒနာက္ခန္ဓာ၌ သက္ကာယဒိဋ္ဌိဖြစ်ပုံ (၄	vol_3/chinese/[337]缘起篇 - 部分（乙）/[525]爱缘取/[530]a 于受蕴上有身见生起的（四）种类型.md	matched
98a6fce9-7cda-4e54-8bd1-0a478d92daee	2	0	[530]b	[530]b သညာက္ခန္ဓာ၌ သက္ကာယဒိဋ္ဌိဖြစ်ပုံ (၄) မျိုး	vol_3/chinese/[337]缘起篇 - 部分（乙）/[525]爱缘取/[530]b 于想蕴上有身见生起的（四）种类型.md	matched
de51ce3c-0d7d-467d-a1d5-1f15ac61e21e	2	0	[531]	[531] သင်္ခါရက္ခန္ဓာ၌ သက္ကာယဒိဋ္ဌိဖြစ်ပုံ (၄) မျိုး	vol_3/chinese/[337]缘起篇 - 部分（乙）/[525]爱缘取/[531] 于行蕴上有身见生起的（四）种类型.md	matched
1047f723-1389-4320-b510-9f18e27d1a08	2	0	[533]a	[533]a ပုံစံ (၁) ခု	vol_3/chinese/[337]缘起篇 - 部分（乙）/[525]爱缘取/[533]a （一）个例式.md	matched
d6bce0a9-43fd-480e-88d3-9ee991a95407	2	0	[533]b	[533]b ဝိညာဏက္ခန္ဓာ၌ သက္ကာယဒိဋ္ဌိဖြစ်ပုံ (၄	vol_3/chinese/[337]缘起篇 - 部分（乙）/[525]爱缘取/[533]b 于识蕴上有身见生起的（四）种类型.md	matched
a02934c5-be8e-43f5-9219-2de6b9576062	2	0	[534]	[534] ခန္ဓာ (၅) ပါးလုံး အပေါ်၌ စွဲယူမှု	vol_3/chinese/[337]缘起篇 - 部分（乙）/[525]爱缘取/[534] 于全部（五）蕴之上的执取.md	matched
be16279c-10d0-43c0-9ae5-04fe69203bee	2	0	[535]	[535] သဿတဒိဋ္ဌိနှင့် ဥစ္ဆေဒဒိဋ္ဌိ	vol_3/chinese/[337]缘起篇 - 部分（乙）/[525]爱缘取/[535] 常见与断见.md	matched
c93c83e2-cdd6-44ea-804b-ffccfa3015dc	2	0	[536]a	[536]a မဂ်ကို တားနိုင်သည်	vol_3/chinese/[337]缘起篇 - 部分（乙）/[525]爱缘取/[536]a 能障碍道.md	matched
18623d1d-a49b-43b2-af06-b67c65e6b5ac	2	0	[536]b	[536]b ဥပ္ပတ္တိက္ကမ - ပဟာနက္ကမ - ဒေသနာက္ကမ	vol_3/chinese/[337]缘起篇 - 部分（乙）/[525]爱缘取/[536]b 生起次第 - 断除次第 - 教说次第.md	matched
f444b397-f66c-447d-8b4e-9b6317dc9930	2	0	[537]	[537] ပဋ္ဌာန်းပစ္စည်း ဆက်သွယ်ပုံ	vol_3/chinese/[337]缘起篇 - 部分（乙）/[525]爱缘取/[537] 发趣诸缘的关联方式.md	matched
5c11f3bb-0bff-41eb-a998-f48b21a2f150	2	0	[538]	[538] အကြောင်း အကျိုး သိမ်းဆည်းပုံ	vol_3/chinese/[337]缘起篇 - 部分（乙）/[525]爱缘取/[538] 因与果的收摄方式.md	matched
f4f14930-0193-45d2-ad49-e39c751083b5	2	0	[539]	[539] တစ်နည်း ခွဲ၍ အကြောင်း အကျိုး သိမ်းဆ	vol_3/chinese/[337]缘起篇 - 部分（乙）/[525]爱缘取/[539] 另一种方式 分开收摄因与果的方式.md	matched
21ba6965-b956-4545-b67a-60a0962e1cd1	2	0	[540]	[540] တစ်နည်းအားဖြင့် ရှုကွက်	vol_3/chinese/[337]缘起篇 - 部分（乙）/[525]爱缘取/[540] 换一种方式的观照.md	matched
f3b94ef0-6d5e-4c01-a5a3-15c3fa887f4c	1	16	[542]a	[542]a ဥပါဒါနပစ္စယာ ဘဝေါ	vol_3/chinese/[337]缘起篇 - 部分（乙）/[542]取缘有/[542]a 取缘有.md	matched
aa10e0aa-7b4e-498a-bf1f-4e33bbf9ffcf	2	0	[542]b	NGP-Vol3-[542]b ဘဝဟူသည်	vol_3/chinese/[337]缘起篇 - 部分（乙）/[542]取缘有/[542]b 所谓有.md	matched
a9dc6d49-ea06-41cc-9a42-1883a04b14b6	2	0	[542]c	NGP-Vol3-[542]c ကမ္မဘဝ တရားကိုယ်	vol_3/chinese/[337]缘起篇 - 部分（乙）/[542]取缘有/[542]c 业有的法体.md	matched
09866514-e389-45cf-8ea9-89cd5e849aa8	2	0	[543]a	NGP-Vol3-[543]a ဥပပတ္တိဘဝ တရားကိုယ်	vol_3/chinese/[337]缘起篇 - 部分（乙）/[542]取缘有/[543]a 生有的法体.md	matched
ba90e837-90bd-4597-ba28-7872f84e2fe4	2	0	[543]b	NGP-Vol3-[543]b ဘဝကြီး (၉) ပါး	vol_3/chinese/[337]缘起篇 - 部分（乙）/[542]取缘有/[543]b 九种大有.md	matched
e30116e3-9a43-4099-8a5f-1ad0b64551cd	2	0	[544]	NGP-Vol3-[544] အကျိုးရှိသော ဟောစဉ်	vol_3/chinese/[337]缘起篇 - 部分（乙）/[542]取缘有/[544] 有利益的宣说.md	matched
821f5061-8adc-41a0-b966-9a84f3f1f265	2	0	[545]a	NGP-Vol3-[545]a ဥပါဒါန်နှင့် ဘဝအပြား	vol_3/chinese/[337]缘起篇 - 部分（乙）/[542]取缘有/[545]a 取与有的种类.md	matched
5c41ed48-3a55-4381-b02c-46cc9bc31b16	2	0	[545]b	NGP-Vol3-[545]b ပုထုဇ္ဇနော ဥမ္မတ္တကော	vol_3/chinese/[337]缘起篇 - 部分（乙）/[542]取缘有/[545]b 凡夫如疯子.md	matched
50016f4e-7706-4a6e-9516-e1bad3d9b11b	2	0	[546]a	NGP-Vol3-[546]a ကာမုပါဒါန်နှင့် အပါယ်သံသရာ	vol_3/chinese/[337]缘起篇 - 部分（乙）/[542]取缘有/[546]a 欲取与恶趣轮回.md	matched
b81a1dfb-1a96-4ac2-a1d5-aae85b1a0021	2	0	[546]b	NGP-Vol3-[546]b ကာမုပါဒါန်နှင့် သုဂတိ	vol_3/chinese/[337]缘起篇 - 部分（乙）/[542]取缘有/[546]b 欲取与善趣.md	matched
c47ea848-b25b-44ed-8e94-13400ec2a333	2	0	[547]a	NGP-Vol3-[547]a ကာမုပါဒါန်နှင့် ရူပဘ၀ အရူပဘ၀	vol_3/chinese/[337]缘起篇 - 部分（乙）/[542]取缘有/[547]a 欲取与色有、无色有.md	matched
59f36adb-0945-4b9e-b7bb-f8a05d3783f2	2	0	[547]b	NGP-Vol3-[547]b ဒိဋ္ဌုပါဒါန်နှင့် ကာမ - ရူပ - အရူပ က	vol_3/chinese/[337]缘起篇 - 部分（乙）/[542]取缘有/[547]b 见取与欲、色、无色的业有、生有.md	matched
84b2dfa2-e61d-4fba-97cc-9b7a828c98f8	2	0	[547]c	NGP-Vol3-[547]c အတ္တဝါဒုပါဒါန်ကြောင့် ဘ၀ဖြစ်ပုံ	vol_3/chinese/[337]缘起篇 - 部分（乙）/[542]取缘有/[547]c 由我语取而生起有的方式.md	matched
010d7a3e-d729-43d2-b8bc-e3a933263876	2	0	[548]a	NGP-Vol3-[548]a သီလဗ္ဗတုပါဒါန်ကြောင့် ဘ၀ဖြစ်ပုံ	vol_3/chinese/[337]缘起篇 - 部分（乙）/[542]取缘有/[548]a 由戒禁取而生起有的方式.md	matched
966c7ba1-fd67-425b-aa21-9115e3090d40	2	0	[548]b	NGP-Vol3-[548]b ပဋ္ဌာန်းပစ္စည်း ဆက်သွယ်ပုံ	vol_3/chinese/[337]缘起篇 - 部分（乙）/[542]取缘有/[548]b 发趣诸缘的关联方式.md	matched
07c21f03-c1d8-4b33-b861-80aa6444add9	2	0	[549]	NGP-Vol3-[549] အကြောင်း အကျိုး သိမ်းဆည်းပုံ	vol_3/chinese/[337]缘起篇 - 部分（乙）/[542]取缘有/[549] 因与果的收摄方式.md	matched
6c883b4a-a1d2-4578-8c0d-f74fff739f63	2	0	[550]	NGP-Vol3-[550] ကာမုပါဒါန်နှင့် ရူပဘ၀	vol_3/chinese/[337]缘起篇 - 部分（乙）/[542]取缘有/[550] 欲取与色有.md	matched
91be5d9a-85ca-4d8e-8a18-c1bd19b4e232	1	2	[552]a	[552]a ဘ၀ပစ္စယာ ဇာတိ	vol_3/chinese/[337]缘起篇 - 部分（乙）/[552]有缘生/[552]a 有缘生.md	matched
00ddf546-9356-4617-8707-6b4b0a085f37	2	0	[552]b	NGP-Vol3-[552]b ပဋ္ဌာန်းပစ္စည်း ဆက်သွယ်ပုံ	vol_3/chinese/[337]缘起篇 - 部分（乙）/[552]有缘生/[552]b 发趣诸缘的关联方式.md	matched
e7d162cc-2def-4b8d-883d-7ba702613d73	2	0	[552]c	NGP-Vol3-[552]c အမေးနှင့် အဖြေ	vol_3/chinese/[337]缘起篇 - 部分（乙）/[552]有缘生/[552]c 问与答.md	matched
1ac2da24-1e5a-4e28-a5f2-2e1daf4abf29	1	33	[554]a	[554]a ဇာတိပစ္စယာ ဇရာမရဏံ.md	vol_3/chinese/[337]缘起篇 - 部分（乙）/[554]生缘老死/[554]a 生缘老死.md	matched
f81bc193-9691-4c50-af9d-534f4845a37d	2	0	[554]b	NGP-Vol3-[554]b ဇရာမရဏကို အင်္ဂါတစ်ပါးသာ ပြုပုံ.md	vol_3/chinese/[337]缘起篇 - 部分（乙）/[554]生缘老死/[554]b 把老死只作为一支的方式.md	matched
82c60ce5-43d9-4cf6-b569-b088afea20f8	2	0	[554]c	NGP-Vol3-[554]c အကြောင်းတရား အကျိုးတရား သိမ်းဆည်းပုံ.md	vol_3/chinese/[337]缘起篇 - 部分（乙）/[554]生缘老死/[554]c 因法与果法的摄取方式.md	matched
2d660472-7676-47c6-b1e3-433490c937fe	2	0	[557]	NGP-Vol3-[557] သောက ပရိဒေဝ ဒုက္ခ ဒေါမနဿ ဥပါယာသ.md	vol_3/chinese/[337]缘起篇 - 部分（乙）/[554]生缘老死/[557] 愁、悲、苦、忧、恼.md	matched
e234720b-8e93-429f-b3da-2c87d0ec54ea	2	0	[558]a	NGP-Vol3-[558]a ဘဝစက်လည်ပတ်ပုံ.md	vol_3/chinese/[337]缘起篇 - 部分（乙）/[554]生缘老死/[558]a 有轮转动的方式.md	matched
e3a1a61f-5062-4650-9e66-902fff77963e	2	0	[558]b	NGP-Vol3-[558]b ဘဝစက်လည်ပတ်ပုံ.md	vol_3/chinese/[337]缘起篇 - 部分（乙）/[554]生缘老死/[558]b 有轮转动的方式.md	matched
d382a8c1-78eb-4013-873a-e027300fec52	2	0	[558]c	NGP-Vol3-[558]c ဓုဝ - သုဘ - သုခ - အတ္တတို့မှ ဆိတ်၏.md	vol_3/chinese/[337]缘起篇 - 部分（乙）/[554]生缘老死/[558]c 远离常、净、乐、我.md	matched
39260b35-16ff-4de3-b5d4-59278983d5a5	2	0	[559]	NGP-Vol3-[559] မူလ (၂) ပါး	vol_3/chinese/[337]缘起篇 - 部分（乙）/[554]生缘老死/[559] 二种根本.md	matched
9c59a745-aa25-49be-a844-53f732b6eba4	2	0	[561]a	NGP-Vol3-[561]a အဓွန့်ကာလ (၃) ပါး	vol_3/chinese/[337]缘起篇 - 部分（乙）/[554]生缘老死/[561]a 三种时期.md	matched
4a05c44e-3168-4dd7-a1eb-ca380af100b3	2	0	[561]b	NGP-Vol3-[561]b အင်္ဂါ (၁၂) ပါး	vol_3/chinese/[337]缘起篇 - 部分（乙）/[554]生缘老死/[561]b 十二支.md	matched
41679448-c100-406f-b3e7-555bf41584a3	2	0	[561]c	NGP-Vol3-[561]c အစပ် (၃) ပါး	vol_3/chinese/[337]缘起篇 - 部分（乙）/[554]生缘老死/[561]c 三种连结.md	matched
e47f323b-3a05-48ce-b197-c3c16612892e	2	0	[561]d	NGP-Vol3-[561]d အလွှာ (၄) ပါး	vol_3/chinese/[337]缘起篇 - 部分（乙）/[554]生缘老死/[561]d 四层.md	matched
c24c9bd7-9eac-48ac-bc95-e4117129eb9b	2	0	[562]	NGP-Vol3-[562] ခြင်းရာ (၂၀)	vol_3/chinese/[337]缘起篇 - 部分（乙）/[554]生缘老死/[562] 二十行相.md	matched
1f2566ac-7219-47af-9721-a56f937c3cda	2	0	[566]	NGP-Vol3-[566] ဝဋ် (၃) ပါး လည်ပတ်ပုံ	vol_3/chinese/[337]缘起篇 - 部分（乙）/[554]生缘老死/[566] 三种轮转的转动方式.md	matched
b4eb85ee-7911-4a90-a8c2-53e683fd9dd2	2	0	[568]	NGP-Vol3-[568] သစ္စပ္ပဘဝ = သစ္စာအမွန်အစ	vol_3/chinese/[337]缘起篇 - 部分（乙）/[554]生缘老死/[568] 谛的起源.md	matched
35b2bac8-20d8-4e40-89fe-d56c29583fb8	2	0	[569]	NGP-Vol3-[569] ကိစ္စအားဖြင့် သိသင့်ပုံ	vol_3/chinese/[337]缘起篇 - 部分（乙）/[554]生缘老死/[569] 依作用应当了知的方式.md	matched
574b828c-4135-40d6-93c9-bad7569fb4e2	2	0	[571]	NGP-Vol3-[571] ကိစ္စ (၂) မျိုး	vol_3/chinese/[337]缘起篇 - 部分（乙）/[554]生缘老死/[571] 两种作用.md	matched
46a5b371-c5c8-4378-94ee-3037c6881bd0	2	0	[571]b	NGP-Vol3-[571]b မိစ္ဆာအယူကို တားမြစ်ကြောင်းတရား	vol_3/chinese/[337]缘起篇 - 部分（乙）/[554]生缘老死/[571]b 遮止邪见之法.md	matched
c391b581-4d5d-4aef-9c7a-995dfa5eba68	2	0	[572]	NGP-Vol3-[572] ဥပမာအားဖြင့် သိသင့်ပုံ	vol_3/chinese/[337]缘起篇 - 部分（乙）/[554]生缘老死/[572] 依譬喻应当了知的方式.md	matched
b999c07e-f3ef-436b-a590-072e1f64a3aa	2	0	[573]	NGP-Vol3-[573] ဥပမာ တစ်နည်းဖြင့် ပြဆိုခြင်း	vol_3/chinese/[337]缘起篇 - 部分（乙）/[554]生缘老死/[573] 以譬喻的另一种方式说明.md	matched
353e0bed-2354-4dd5-9585-c0f83f017eb1	2	0	[576]a	NGP-Vol3-[576]a နက်နဲခြင်း (၄) ရပ်	vol_3/chinese/[337]缘起篇 - 部分（乙）/[554]生缘老死/[576]a 四种深邃.md	matched
268aaf76-a909-4af2-a8ef-2638c04a1f82	2	0	[576]b	NGP-Vol3-[576]b ၁။ အတ္ထဂမ္ဘီရတာ	vol_3/chinese/[337]缘起篇 - 部分（乙）/[554]生缘老死/[576]b 一、义深邃性.md	matched
90365f99-ad59-45dd-8428-f36b32d1b1fa	2	0	[577]a	NGP-Vol3-[577]a ၂။ ဓမ္မဂမ္ဘီရတာ	vol_3/chinese/[337]缘起篇 - 部分（乙）/[554]生缘老死/[577]a 二、法深邃性.md	matched
e863af47-a3f7-40d0-99ef-1cb3a031dcf5	2	0	[577]b	NGP-Vol3-[577]b ၃။ ဒေသနာဂမ္ဘီရတာ	vol_3/chinese/[337]缘起篇 - 部分（乙）/[554]生缘老死/[577]b 三、开示深邃性.md	matched
ed107e45-1538-49ad-9e29-fced11229e0a	2	0	[578]	NGP-Vol3-[578] ၄။ ပဋိဝေဓဂမ္ဘီရတာ	vol_3/chinese/[337]缘起篇 - 部分（乙）/[554]生缘老死/[578] 四、通达深邃性.md	matched
52e5916f-dd01-4027-9ffd-57fe485fc05d	2	0	[582]	NGP-Vol3-[582] အတိတ်အဆက်ဆက် - အနာဂတ်အဆက်ဆက်သို့	vol_3/chinese/[337]缘起篇 - 部分（乙）/[554]生缘老死/[582] 接连不断的过去 - 到接连不断的未来.md	matched
e66c4d6e-4515-4f99-8215-f50fef43fc4d	2	0	[584]	NGP-Vol3-[584] အနာဂတ် ရှုကွက်ပုံစံများ	vol_3/chinese/[337]缘起篇 - 部分（乙）/[554]生缘老死/[584] 未来观照图的各种形式.md	matched
57d99a30-861a-4264-9eed-b51974f0430e	2	0	[586]	NGP-Vol3-[586] ပဋိစ္စသမုပ္ပါဒ် ဒုတိယနည်း ပဋိလောမ ပ	vol_3/chinese/[337]缘起篇 - 部分（乙）/[554]生缘老死/[586] 缘起第二种方法 逆观缘起.md	matched
afdd9813-1740-4349-8b19-8fd3ddb083f5	2	0	[587]	NGP-Vol3-[587] ပဋိစ္စသမုပ္ပါဒ် တတိယနည်း (အနုလောမ ပ	vol_3/chinese/[337]缘起篇 - 部分（乙）/[554]生缘老死/[587] 缘起第三种方法 随顺缘起.md	matched
cb19e898-ddc6-4480-b097-28f23259a6b4	2	0	[588]a	NGP-Vol3-[588]a အစပ်တစ်ခု၊ အလွှာနှစ်ခု	vol_3/chinese/[337]缘起篇 - 部分（乙）/[554]生缘老死/[588]a 一个连结、两层.md	matched
9d517c8c-422f-48cc-b5fa-d787ba4f9806	2	0	[588]b	NGP-Vol3-[588]b လောကသုတ္တန်	vol_3/chinese/[337]缘起篇 - 部分（乙）/[554]生缘老死/[588]b 世间经.md	matched
ed1b2c03-a8d8-4cd7-9138-46e9ed44b4ed	2	0	[589]a	NGP-Vol3-[589]a လောကဖြစ်ပုံ	vol_3/chinese/[337]缘起篇 - 部分（乙）/[554]生缘老死/[589]a 世间生起的方式.md	matched
6ec055c4-f60f-42b9-9bae-aa69d38fa2ce	2	0	[589]b	NGP-Vol3-[589]b လောကချုပ်ပုံ	vol_3/chinese/[337]缘起篇 - 部分（乙）/[554]生缘老死/[589]b 世间灭尽的方式.md	matched
381c6fd7-8610-48dd-8b7f-4815e1deac38	2	0	[591]	NGP-Vol3-[591] ပဋိစ္စသမုပ္ပါဒ် စတုတ္ထနည်း - (ပဋိလောမ ပဋိစ္စသမုပ္ပါဒ်)	vol_3/chinese/[337]缘起篇 - 部分（乙）/[554]生缘老死/[591] 缘起第四种方法 - 逆观缘起.md	matched
b7071107-e049-44e7-848d-d32bcd84866e	1	78	[592]a	[592]a ပဋ္ဌာန်းပစ္စည်း ဆက်သွယ်ပုံ	vol_3/chinese/[337]缘起篇 - 部分（乙）/[592]发趣诸缘的关联方式/[592]a 发趣诸缘的关联方式.md	matched
0d6e934e-f17f-41bd-a91b-41ae4aeff23b	2	0	[592]b	NGP-Vol3-[592]b ပဋ္ဌာန်း (၂) ချက်စု	vol_3/chinese/[337]缘起篇 - 部分（乙）/[592]发趣诸缘的关联方式/[592]b 发趣（二）项组.md	matched
af45e8e1-fb84-4612-9045-7f264817c0cf	2	0	[592]c	NGP-Vol3-[592]c သဟဇာတကြီး (၄) မျိုး	vol_3/chinese/[337]缘起篇 - 部分（乙）/[592]发趣诸缘的关联方式/[592]c 大俱生(4)种.md	matched
eeb504fa-88df-49e8-9532-2624061e0566	2	0	[593]	NGP-Vol3-[593] သဟဇာတလတ် (၄) မျိုး	vol_3/chinese/[337]缘起篇 - 部分（乙）/[592]发趣诸缘的关联方式/[593] 中俱生 (4) 种.md	matched
35bdb8b3-ccd0-4596-b5fb-ea6bc014afd9	2	0	[594]	NGP-Vol3-[594] သဟဇာတငယ် (၇) မျိုး	vol_3/chinese/[337]缘起篇 - 部分（乙）/[592]发趣诸缘的关联方式/[594] 小俱生 (7) 种.md	matched
f310ea59-7993-40f0-93e0-e4b50a30f607	2	0	[594]b	NGP-Vol3-[594]b အာရမ္မဏ (၈) မျိုး သို့မဟုတ် (၁၁) မျိုး	vol_3/chinese/[337]缘起篇 - 部分（乙）/[592]发趣诸缘的关联方式/[594]b 所缘 (8) 种或 (11) 种.md	matched
5f525ec9-dd28-4b21-a910-ffe65043b1e4	2	0	[595]a	NGP-Vol3-[595]a အနန္တရမျိုး (၇) မျိုး	vol_3/chinese/[337]缘起篇 - 部分（乙）/[592]发趣诸缘的关联方式/[595]a 无间类 (7) 种.md	matched
e2b5f047-c92a-4724-93f5-95cfb0639638	2	0	[595]b	NGP-Vol3-[595]b ဝတ္ထုမျိုး (၆) မျိုး	vol_3/chinese/[337]缘起篇 - 部分（乙）/[592]发趣诸缘的关联方式/[595]b 依处类 (6) 种.md	matched
d1e5f217-6b9d-4464-ae8b-bf5af26c7ba2	2	0	[596]a	NGP-Vol3-[596]a ပစ္ဆာဇာတမျိုး (၄) မျိုး	vol_3/chinese/[337]缘起篇 - 部分（乙）/[592]发趣诸缘的关联方式/[596]a 后生类 (4) 种.md	matched
ada8382c-34df-48a5-9d45-124f3d151e7f	2	0	[596]b	NGP-Vol3-[596]b နာနာက္ခဏိကကမ္မမျိုး (၆) မျိုး	vol_3/chinese/[337]缘起篇 - 部分（乙）/[592]发趣诸缘的关联方式/[596]b 异刹那业类 (6) 种.md	matched
b2842e8f-2efb-4040-b53c-3b6a47ba154d	2	0	[596]c	NGP-Vol3-[596]c ရူပအာဟာရမျိုး (၃) မျိုး	vol_3/chinese/[337]缘起篇 - 部分（乙）/[592]发趣诸缘的关联方式/[596]c 色食类 (3) 种.md	matched
323be630-8c16-487c-9114-6d757c67f18f	2	0	[596]d	NGP-Vol3-[596]d ရူပဇီဝိတိန္ဒြိယမျိုး (၃) မျိုး	vol_3/chinese/[337]缘起篇 - 部分（乙）/[592]发趣诸缘的关联方式/[596]d 色命根类 (3) 种.md	matched
3953469f-618d-446c-a8c4-45acf8e22874	2	0	[597]a	NGP-Vol3-[597]a ပကတူပနိဿယ	vol_3/chinese/[337]缘起篇 - 部分（乙）/[592]发趣诸缘的关联方式/[597]a 本性亲依止.md	matched
f57ea108-3408-4247-8456-575c7d2e380f	2	0	[597]b	NGP-Vol3-[597]b အတိုချုပ် ရှင်းလင်းချက်	vol_3/chinese/[337]缘起篇 - 部分（乙）/[592]发趣诸缘的关联方式/[597]b 简要说明.md	matched
13db7a9b-8b9e-4152-8e25-9cec11c81a2b	2	0	[598]	NGP-Vol3-[598] ကြိုတင်သိမှတ်ထားရန်	vol_3/chinese/[337]缘起篇 - 部分（乙）/[592]发趣诸缘的关联方式/[598] 应当预先了知的事项.md	matched
4d96eff6-e27b-4bec-9e81-8c5a24b704e8	2	0	[599]a	NGP-Vol3-[599]a ပဋ္ဌာန်းပစ္စည်း ဆက်သွယ်ပုံ	vol_3/chinese/[337]缘起篇 - 部分（乙）/[592]发趣诸缘的关联方式/[599]a 发趣诸缘的关联方式.md	matched
63820a62-9cda-4312-875d-256fb7c315dd	2	0	[599]b	NGP-Vol3-[599]b တိဟိတ် ပဋိသန္ဓေ ကမ္မဇရုပ် = ရူပက္ခန္	vol_3/chinese/[337]缘起篇 - 部分（乙）/[592]发趣诸缘的关联方式/[599]b 三因结生业生色 = 色蕴.md	matched
6dfade71-141d-4f18-b3bc-a0005b33c15b	2	0	[601]	NGP-Vol3-[601] ပဋိသန္ဓေ ဟဒယဝတ္ထု ပစ္စယုပ္ပန်တရား တည်နေရပုံ	vol_3/chinese/[337]缘起篇 - 部分（乙）/[592]发趣诸缘的关联方式/[601] 结生心所依处缘生法的存在方式.md	matched
d4077af6-745b-47b9-9f1f-f82b40db524a	2	0	[602]	NGP-Vol3-[602] ကာမတိဟိတ် ပဋိသန္ဓေ နာမက္ခန္ဓာ (၄) ပါ	vol_3/chinese/[337]缘起篇 - 部分（乙）/[592]发趣诸缘的关联方式/[602] 欲界三因结生名蕴 (4) 种.md	matched
27d8e7aa-6075-4a8f-b2ad-7b5d791e61ef	2	0	[603]	NGP-Vol3-[603] ဘဝင်ခန္ဓာ (၅) ပါး	vol_3/chinese/[337]缘起篇 - 部分（乙）/[592]发趣诸缘的关联方式/[603] 有分蕴 (5) 种.md	matched
d1c00861-070e-402e-b1a2-604309e5fbca	2	0	[604]	NGP-Vol3-[604] ဘဝင် စိတ္တဇရုပ်တို့ ဖြစ်ပေါ်တည်နေရ	vol_3/chinese/[337]缘起篇 - 部分（乙）/[592]发趣诸缘的关联方式/[604] 有分心生色的生起与存在方式.md;vol_3/chinese/[337]缘起篇 - 部分（乙）/[592]发趣诸缘的关联方式/[604] 与有分心的生-住-灭刹那同时并起的转起业生色的生起与存在方式.md	dup_local
a544f7e7-9b43-437e-9c06-5f4d1b85592c	2	0	[604]	NGP-Vol3-[604] ဘဝင်စိတ်၏ ဥပါဒ်-ဌီ-ဘင်ခဏတို့နှင့် အ	vol_3/chinese/[337]缘起篇 - 部分（乙）/[592]发趣诸缘的关联方式/[604] 有分心生色的生起与存在方式.md;vol_3/chinese/[337]缘起篇 - 部分（乙）/[592]发趣诸缘的关联方式/[604] 与有分心的生-住-灭刹那同时并起的转起业生色的生起与存在方式.md	dup_local
44f552d5-472c-48dc-afe4-9c7bfbe332c9	2	0	[605]	NGP-Vol3-[605] ဘဝင်စိတ်၏ ဥပါဒ်-ဌီ-ဘင်ခဏတို့နှင့် အ	vol_3/chinese/[337]缘起篇 - 部分（乙）/[592]发趣诸缘的关联方式/[605] 与有分心的生-住-灭刹那同时并起的时节生色、食生色的生起与存在方式.md	matched
d05dd40f-6fa4-44a1-a5ce-c7768fca058b	2	0	[606]	NGP-Vol3-[606] ဘဝင်နာမက္ခန္ဓာ (၄) ပါး	vol_3/chinese/[337]缘起篇 - 部分（乙）/[592]发趣诸缘的关联方式/[606] 有分名蕴 (4) 种.md	matched
ce9096c1-0828-47d3-ba88-622167d9c209	2	0	[607]	NGP-Vol3-[607] ရုပ်တို့၏ ဖြစ်ပေါ်တည်နေပုံ - ကြိုတင်သိမှတ်ထားရန်	vol_3/chinese/[337]缘起篇 - 部分（乙）/[592]发趣诸缘的关联方式/[607] 诸色的生起与存在方式 - 预先.md	matched
2f348124-2259-4990-b5cc-9d6af03eced8	2	0	[607]a	NGP-Vol3-[607]a ပဉ္စဒွါရိကဝီထိစိတ်	vol_3/chinese/[337]缘起篇 - 部分（乙）/[592]发趣诸缘的关联方式/[607]a 五门心路心.md	matched
e70549b7-cc8c-4be7-aea5-52409574b338	2	0	[608]	NGP-Vol3-[608] ပဉ္စဒွါရာဝဇ္ဇန်း - ရူပက္ခန္ဓာ	vol_3/chinese/[337]缘起篇 - 部分（乙）/[592]发趣诸缘的关联方式/[608] 五门转向 - 色蕴.md	matched
5efe18f6-b308-438e-aba2-b951df5566c1	2	0	[610]	NGP-Vol3-[610] ပဉ္စဒွါရာဝဇ္ဇန်း (နာမ်တရား - ၁၁လုံး)	vol_3/chinese/[337]缘起篇 - 部分（乙）/[592]发趣诸缘的关联方式/[610] 五门转向 (名法 - 11个) 名蕴 (4) 种.md	matched
2e16e1bf-d1ae-4815-a39f-82d9d4810c64	2	0	[611]a	NGP-Vol3-[611]a ဒွေပဉ္စဝိညာဏ် - ရူပက္ခန္ဓာ (ပဝတ္တိ က	vol_3/chinese/[337]缘起篇 - 部分（乙）/[592]发趣诸缘的关联方式/[611]a 双五识 - 色蕴 (转起业生色).md	matched
67055b30-de48-4bfd-9007-428f4ef585f1	2	0	[611]b	NGP-Vol3-[611]b ဥတုဇရုပ် အာဟာရဇရုပ်	vol_3/chinese/[337]缘起篇 - 部分（乙）/[592]发趣诸缘的关联方式/[611]b 时节生色 食生色.md	matched
780e055b-5aff-4577-bbec-00fe279b3f3d	2	0	[612]	NGP-Vol3-[612] ဒွေပဉ္စဝိညာဏ် - နာမက္ခန္ဓာ (၄) ပါး	vol_3/chinese/[337]缘起篇 - 部分（乙）/[592]发趣诸缘的关联方式/[612] 双五识 - 名蕴 (4) 种.md	matched
5d333ea6-3b11-48fb-9d15-b98858638b8d	2	0	[613]	NGP-Vol3-[613] သမ္ပဋိစ္ဆိုင်း ခန္ဓာ (၅)ပါး	vol_3/chinese/[337]缘起篇 - 部分（乙）/[592]发趣诸缘的关联方式/[613] 领受蕴 (5) 种.md	matched
4e8b2965-9f42-43b0-a17e-73fb0071f92e	2	0	[614]	NGP-Vol3-[614] သမ္ပဋိစ္ဆိုင်း နာမက္ခန္ဓာ (၄)ပါး	vol_3/chinese/[337]缘起篇 - 部分（乙）/[592]发趣诸缘的关联方式/[614] 领受名蕴 (4) 种.md	matched
189249fe-5776-4247-a956-f301b8130fc8	2	0	[615]	NGP-Vol3-[615] သန္တီရဏ ခန္ဓာ (၅) ပါး	vol_3/chinese/[337]缘起篇 - 部分（乙）/[592]发趣诸缘的关联方式/[615] 推度蕴 (5) 种.md	matched
e5bb44fb-5807-4950-a463-95e0e2fb152d	2	0	[616]	NGP-Vol3-[616] သန္တီရဏ နာမက္ခန္ဓာ (၄) ပါး	vol_3/chinese/[337]缘起篇 - 部分（乙）/[592]发趣诸缘的关联方式/[616] 推度名蕴 (4) 种.md	matched
3f987915-84b1-4edc-bccc-250cebcadf75	2	0	[617]	NGP-Vol3-[617] ဝုဋ္ဌော ခန္ဓာ (၅) ပါးမှ - ရူပက္ခန္ဓာ	vol_3/chinese/[337]缘起篇 - 部分（乙）/[592]发趣诸缘的关联方式/[617] 确定蕴 (5) 种之中 - 色蕴.md	matched
01f29ecf-9fe2-4c9c-9a07-1aa5a05a0191	2	0	[618]	NGP-Vol3-[618] ဝုဋ္ဌော နာမက္ခန္ဓာ (၄) ပါး	vol_3/chinese/[337]缘起篇 - 部分（乙）/[592]发趣诸缘的关联方式/[618] 确定名蕴 (4) 种.md	matched
8a5773c8-0758-4cfc-870b-22486a750c05	2	0	[619]	NGP-Vol3-[619] (ပဉ္စဒွါရိက) မဟာကုသိုလ် ပထမဇော ခန္ဓာ	vol_3/chinese/[337]缘起篇 - 部分（乙）/[592]发趣诸缘的关联方式/[619] (五门) 大善第一速行蕴.md	matched
63814ded-2d7f-40c8-990b-d6665b4f2a26	2	0	[620]	NGP-Vol3-[620] ပဉ္စဒွါရိက မဟာကုသိုလ် ပထမဇော နာမက္ခ	vol_3/chinese/[337]缘起篇 - 部分（乙）/[592]发趣诸缘的关联方式/[620] 五门大善第一速行名蕴 (4) 种.md	matched
90b28ca3-6da0-44bf-9a48-c7e2b315be6a	2	0	[622]	NGP-Vol3-[622] လောဘမူ ပထမဇော နာမက္ခန္ဓာ (၄) ပါး	vol_3/chinese/[337]缘起篇 - 部分（乙）/[592]发趣诸缘的关联方式/[622] 贪根第一速行名蕴 (4) 种.md	matched
0510f31c-308e-4937-90f8-bfa36549ea53	2	0	[624]	NGP-Vol3-[624] ဒေါသဇော နာမက္ခန္ဓာ (၄) ပါး	vol_3/chinese/[337]缘起篇 - 部分（乙）/[592]发趣诸缘的关联方式/[624] 嗔速行名蕴 (4) 种.md	matched
a270f97d-4858-431e-9ae9-4ff200891cdd	2	0	[625]	NGP-Vol3-[625] မောဟမူဒွေ နာမက္ခန္ဓာ (၄) ပါး	vol_3/chinese/[337]缘起篇 - 部分（乙）/[592]发趣诸缘的关联方式/[625] 痴根二 名蕴 (4) 种.md	matched
0f17d72e-ba84-4730-9e34-1e49a21ed299	2	0	[626]	NGP-Vol3-[626] အဟိတ် ပထမတဒါရုံ ရူပက္ခန္ဓာ	vol_3/chinese/[337]缘起篇 - 部分（乙）/[592]发趣诸缘的关联方式/[626] 无因 - 第一彼所缘 - 色蕴.md	matched
e2a769ad-f703-4232-9571-fe233fd1f8ec	2	0	[627]	NGP-Vol3-[627] သဟိတ် - ပထမတဒါရုံ - ရူပက္ခန္ဓာ	vol_3/chinese/[337]缘起篇 - 部分（乙）/[592]发趣诸缘的关联方式/[627] 有因 - 第一彼所缘 - 色蕴.md	matched
04005d8a-43ed-403d-8743-e25dfe4ea4d8	2	0	[628]	NGP-Vol3-[628] အဟိတ် ပထမတဒါရုံ - နာမက္ခန္ဓာ (၄) ပါး	vol_3/chinese/[337]缘起篇 - 部分（乙）/[592]发趣诸缘的关联方式/[628] 无因 - 第一彼所缘 - 名蕴 (4) 种.md	matched
8b041cf4-38f0-4eb7-99c5-12eab3ae0cdb	2	0	[629]	NGP-Vol3-[629] သဟိတ် မဟာဝိပါက် တဒါရုံ နာမက္ခန္ဓာ (၄	vol_3/chinese/[337]缘起篇 - 部分（乙）/[592]发趣诸缘的关联方式/[629] 有因 - 大果报彼所缘 - 名蕴 (4) 种.md	matched
c3575043-43b8-460e-afa2-5de1870a54b3	2	0	[631]a	NGP-Vol3-[631]a ကာမဇော မနောဒွါရိကစိတ်များ	vol_3/chinese/[337]缘起篇 - 部分（乙）/[592]发趣诸缘的关联方式/[631]a 欲速行 意门心路心.md	matched
27f541e4-fe5d-4784-a912-374c0a094913	2	0	[631]b	NGP-Vol3-[631]b မနောဒွါရာဝဇ္ဇန်း နာမက္ခန္ဓာ (၄) ပါး	vol_3/chinese/[337]缘起篇 - 部分（乙）/[592]发趣诸缘的关联方式/[631]b 意门 大善第一速行 名蕴 (4) 种.md;vol_3/chinese/[337]缘起篇 - 部分（乙）/[592]发趣诸缘的关联方式/[631]b 意门转向 名蕴 (4) 种.md	dup_local
a9625bd3-e337-438a-97d3-18637b48b4d5	2	0	[631]b	NGP-Vol3-[631]b မနောဒွါရိက မဟာကုသိုလ် ပထမဇော နာမက္ခ	vol_3/chinese/[337]缘起篇 - 部分（乙）/[592]发趣诸缘的关联方式/[631]b 意门 大善第一速行 名蕴 (4) 种.md;vol_3/chinese/[337]缘起篇 - 部分（乙）/[592]发趣诸缘的关联方式/[631]b 意门转向 名蕴 (4) 种.md	dup_local
51307994-677e-4624-90dc-1b545f18d30a	2	0	[632]	NGP-Vol3-[632] လောဘမူ ပထမဇော နာမက္ခန္ဓာ (၄) ပါး	vol_3/chinese/[337]缘起篇 - 部分（乙）/[592]发趣诸缘的关联方式/[632] 贪根第一速行名蕴 (4) 种.md	matched
5866c007-3985-4019-b2ab-ad2de0cc95e3	2	0	[637]	NGP-Vol3-[637] ဈာနဝီထိ	vol_3/chinese/[337]缘起篇 - 部分（乙）/[592]发趣诸缘的关联方式/[637] 禅那心路.md	matched
c9c3bc3c-b551-4536-93bd-da6757a1cb63	2	0	[638]	NGP-Vol3-[638]မဟဂ္ဂုတ် ကုသိုလ်ဇော နာမက္ခန္ဓာ	vol_3/chinese/[337]缘起篇 - 部分（乙）/[592]发趣诸缘的关联方式/[638] 广大善速行名蕴.md	matched
4e61ab2e-65f4-4103-ad30-1eed0ad6b0b6	2	0	[642]	NGP-Vol3-[642] အဟိတ် ပဋိသန္ဓေ နာမက္ခန္ဓာ (၄) ပါး	vol_3/chinese/[337]缘起篇 - 部分（乙）/[592]发趣诸缘的关联方式/[642] 无因结生名蕴 (4) 种.md	matched
bbbd6cef-9ed7-49a2-aae1-0f304e179d84	2	0	[643]	NGP-Vol3-[643] ဒွိဟိတ် ပဋိသန္ဓေ နာမက္ခန္ဓာ (၄) ပါး	vol_3/chinese/[337]缘起篇 - 部分（乙）/[592]发趣诸缘的关联方式/[643] 二因结生名蕴 (4) 种.md	matched
c95ec366-8228-439e-b74c-fb9c6e1518f7	2	0	[645]	NGP-Vol3-[645] ရူပပဋိသန္ဓေ နာမက္ခန္ဓာ (၄) ပါး ဖြစ်	vol_3/chinese/[337]缘起篇 - 部分（乙）/[592]发趣诸缘的关联方式/[645] 色界结生名蕴 (4) 种的生起.md	matched
acc1a629-56f0-4878-a4c7-dc6057ea28ca	2	0	[647]	NGP-Vol3-[647] အရူပ ပဋိသန္ဓေ နာမက္ခန္ဓာ (၄) ပါး	vol_3/chinese/[337]缘起篇 - 部分（乙）/[592]发趣诸缘的关联方式/[647] 无色结生名蕴 (4) 种.md	matched
d68a1ecc-0b27-41ea-b757-b8bfd215a505	2	0	[648 ]	NGP-Vol3-[648 ] အသညသတ် ပဋိသန္ဓေ	vol_3/chinese/[337]缘起篇 - 部分（乙）/[592]发趣诸缘的关联方式/[648 ] 无想有情结生.md	matched
9bef7fcb-c818-44c9-ae96-05aca25e38f9	2	0	[649]	NGP-Vol3-[649] အဟိတ် ဘဝင် နာမက္ခန္ဓာ	vol_3/chinese/[337]缘起篇 - 部分（乙）/[592]发趣诸缘的关联方式/[649] 无因有分名蕴.md	matched
3bd8b8f5-bfb8-4ee6-99ce-ced30d4576c3	2	0	[650]	NGP-Vol3-[650] ဒွိဟိတ် ဘဝင် နာမက္ခန္ဓာ	vol_3/chinese/[337]缘起篇 - 部分（乙）/[592]发趣诸缘的关联方式/[650] 二因有分名蕴.md	matched
d193d963-49ce-4e1d-8ee2-f30977f0ebfc	2	0	[651]	NGP-Vol3-[651] ရူပ ဘဝင် နာမက္ခန္ဓာ	vol_3/chinese/[337]缘起篇 - 部分（乙）/[592]发趣诸缘的关联方式/[651] 色界有分名蕴.md	matched
5e7fc16b-9e45-459f-b8f9-6cbbfc251060	2	0	[654]	NGP-Vol3-[654] အရူပ ဘဝင် နာမက္ခန္ဓာ	vol_3/chinese/[337]缘起篇 - 部分（乙）/[592]发趣诸缘的关联方式/[654] 无色有分名蕴.md	matched
1dc9d6fb-0960-4b75-853e-cd1d4f04c4da	2	0	[655]	NGP-Vol3-[655] အဟိတ် စုတိ ဖြစ်ပေါ်လာပုံ	vol_3/chinese/[337]缘起篇 - 部分（乙）/[592]发趣诸缘的关联方式/[655] 无因死心的生起方式.md	matched
de9865f9-8edd-4cbb-9376-7a14e96b0af9	2	0	[656]a	NGP-Vol3-[656]a ဒွိဟိတ် စုတိ ဖြစ်ပေါ်လာပုံ	vol_3/chinese/[337]缘起篇 - 部分（乙）/[592]发趣诸缘的关联方式/[656]a 二因死心的生起方式.md	matched
7e976e2b-208d-4f2f-a536-38dfd7070d35	2	0	[656]b	NGP-Vol3-[656]b ကာမ တိဟိတ် စုတိ (၄) ခု ဖြစ်ပေါ်လာပုံ	vol_3/chinese/[337]缘起篇 - 部分（乙）/[592]发趣诸缘的关联方式/[656]b 欲界三因死心 (4) 个的生起方式.md	matched
c2802fc8-aff5-4bff-b0aa-b80be10947ed	2	0	[657]	NGP-Vol3-[657] ရူပ စုတိ (၅) ခု ဖြစ်ပေါ်လာပုံ	vol_3/chinese/[337]缘起篇 - 部分（乙）/[592]发趣诸缘的关联方式/[657] 色界死心 (5) 个的生起方式.md	matched
18da7aa7-2ce7-44cd-9aa9-80b06bf234de	2	0	[658]	NGP-Vol3-[658] အရူပ စုတိ (၄) ခု ဖြစ်ပေါ်လာပုံ	vol_3/chinese/[337]缘起篇 - 部分（乙）/[592]发趣诸缘的关联方式/[658] 无色死心 (4) 个的生起方式.md	matched
5a110b34-8c2c-4c8b-b017-9fb1ad62301f	2	0	[659]	NGP-Vol3-[659] မှီငြမ်းပြုစရာ ကျမ်းစာ	vol_3/chinese/[337]缘起篇 - 部分（乙）/[592]发趣诸缘的关联方式/[659] 参考典籍.md	matched
73fc29be-caa8-4b9c-9925-c18bec1c6321	2	0	[660]	NGP-Vol3-[660] အသမ္မောဟ သမ္ပဇဉ်ဉာဏ်ကို ရရှိရန်	vol_3/chinese/[337]缘起篇 - 部分（乙）/[592]发趣诸缘的关联方式/[660] 为获得无痴正知智.md	matched
fb204204-94d8-4059-bed0-a651c7c2d680	2	0	[661]a	NGP-Vol3-[661]a ဓမ္မဋ္ဌိတိဉာဏ်	vol_3/chinese/[337]缘起篇 - 部分（乙）/[592]发趣诸缘的关联方式/[661]a 法住智.md	matched
edaedddc-2888-4899-974e-c68f5bb45147	2	0	[661]b	NGP-Vol3-[661]b သုသိမပရိဗ္ဗာဇကသုတ္တန်	vol_3/chinese/[337]缘起篇 - 部分（乙）/[592]发趣诸缘的关联方式/[661]b 苏西玛游方者经.md	matched
cf02432b-dadb-44da-be95-d426c66f1af4	2	0	[662]	NGP-Vol3-[662] ဆိုလိုရင်းသဘောတရား	vol_3/chinese/[337]缘起篇 - 部分（乙）/[592]发趣诸缘的关联方式/[662] 所要表达的义理.md	matched
ba085212-4155-46fb-983a-afb9f9a05499	2	0	[665]	NGP-Vol3-[665] နိဿယဆရာတော်များ၏ သုံးသပ်ချက်	vol_3/chinese/[337]缘起篇 - 部分（乙）/[592]发趣诸缘的关联方式/[665] 依词释诸长老的评述.md	matched
ce394701-44bc-4826-9e78-0fa1f5bc6b87	2	0	[666]	NGP-Vol3-[666] ယုံမှားခြင်း ဝိစိကိစ္ဆာတရား (၁၆) ပါး	vol_3/chinese/[337]缘起篇 - 部分（乙）/[592]发趣诸缘的关联方式/[666] 怀疑之疑法 (16) 种.md	matched
ac762e05-ff31-4173-aa29-7f69acc7e97b	2	0	[671]a	NGP-Vol3-[671]a ခေတ္တ ရပ်နားကြည့်ပါ	vol_3/chinese/[337]缘起篇 - 部分（乙）/[592]发趣诸缘的关联方式/[671]a 请暂时停下来审视.md	matched
80f68156-3db9-4e33-bcba-4a0a4581bac3	2	0	[671]b	NGP-Vol3-[671]b ဉာတပရိညာစခန်းသို့ ဆိုက်ပြီ	vol_3/chinese/[337]缘起篇 - 部分（乙）/[592]发趣诸缘的关联方式/[671]b 已抵达智遍知的阶段.md	matched
b0c764b9-4d8b-45e9-8239-a87eed12eb36	2	0	[675]	NGP-Vol3-[675] ယထာဘူတဉာဏ်	vol_3/chinese/[337]缘起篇 - 部分（乙）/[592]发趣诸缘的关联方式/[675] 如实智.md	matched
358bd72a-7bc8-4b22-a19d-1ed2ad725c31	2	0	[677]b	NGP-Vol3-[677]b ယထာဘူတဉာဏ - သမ္မာဒဿန - ကင်္ခါဝိတရဏ	vol_3/chinese/[337]缘起篇 - 部分（乙）/[592]发趣诸缘的关联方式/[677]b 如实智 - 正观 - 度疑.md	matched
8a688164-bd8a-4d44-8692-7af0e723100f	2	0	[678]	NGP-Vol3-[678] စူဠသောတာပန် စခန်းသို့ ဆိုက်ပြီ	vol_3/chinese/[337]缘起篇 - 部分（乙）/[592]发趣诸缘的关联方式/[678] 已抵达小须陀洹的阶段.md	matched
0d8ad683-6ada-46e2-bc60-bad88af74e6a	2	0	[680]	NGP-Vol3-[680] ပြည်ဆရာတော်ဘုရားကြီး၏ အာသီသကထာ	vol_3/chinese/[337]缘起篇 - 部分（乙）/[592]发趣诸缘的关联方式/[680] 卑谬大西亚多的祝愿辞.md	matched
4c5d33f6-33f2-45f2-b851-20b507453e8b	1	0	[297]a	NGP-Vol3-[297]a သဒ္ဒါရုံလိုင်း - သောတဒွါရဝီထိ - ပဉ္စ	vol_3/chinese/[1]缘起篇 - 部分（甲）/[247]因果的收摄方式 - 把握诸缘之智篇/[297]a 声所缘线 - 耳门心路 - 五门转向.md	matched
15681e3f-89f1-41ea-858b-2ba01839628a	1	0	[305]b	NGP-Vol3-[305]b ရသာရုံလိုင်း - ဇိဝှါဒွါရဝီထိ - သန္တီ	vol_3/chinese/[1]缘起篇 - 部分（甲）/[247]因果的收摄方式 - 把握诸缘之智篇/[305]b 味所缘线 - 舌门心路 - 推度.md	matched
aa488ee4-4b4a-4cf0-b9b9-44a89c28488b	1	0	[305]c	NGP-Vol3-[305]c ရသာရုံလိုင်း - ဇိဝှါဒွါရဝီထိ - မဟာကု	vol_3/chinese/[1]缘起篇 - 部分（甲）/[247]因果的收摄方式 - 把握诸缘之智篇/[305]c 味所缘线 - 舌门心路 - 大善.md	matched
528ffd90-ea50-4132-8500-989521becf16	1	0	[399]b	NGP-Vol3-[399]b အာသေဝနပစ္စည်း.md	vol_3/chinese/[337]缘起篇 - 部分（乙）/[373]a 发趣诸缘/[399]b 重复缘.md	matched
